smer;cyklus;cilovy_azimut;skutecne_natoceni;jump_deg;trim;xA;yA;tA;axA;ayA;xC;yC;tC;axC;ayC
CW;1;55;55.00;55.00;50;-0.42159990;0.68560000;23.30;0.045352;0.003792;-0.42549996;0.66780030;23.30;0.032202;0.006255
CCW;2;0;0.00;-55.00;50;-0.43910012;0.65899990;23.30;0.042483;0.010215;-0.41899992;0.65699992;23.31;0.034539;0.000742
CW;3;45;45.00;45.00;50;-0.41460000;0.65514980;23.32;0.044302;0.005605;-0.41565000;0.64619980;23.33;0.033020;0.006458
CW;4;215;215.00;170.00;50;-0.40900016;0.64164996;23.34;0.031885;0.004353;-0.40200012;0.64489984;23.35;0.045759;0.006653
CW;5;345;345.00;130.00;50;-0.40930020;0.64065000;23.39;0.041079;0.011123;-0.40935000;0.62445000;23.43;0.038376;-0.000327
CW;6;20;380.00;35.00;50;-0.40675010;0.63369984;23.39;0.044260;0.008184;-0.40015000;0.62640000;23.43;0.033335;0.002483
CW;7;80;80.00;80.00;50;-0.40305004;0.63965000;23.41;0.044270;0.001941;-0.40690016;0.64299980;23.37;0.034241;0.009587
CW;8;210;210.00;130.00;50;-0.39839996;0.62750008;23.48;0.033333;0.003862;-0.41389988;0.63635004;23.50;0.043777;0.006968
CCW;9;65;65.00;-145.00;50;-0.39915016;0.64749980;23.47;0.044680;0.003462;-0.39965008;0.63689990;23.47;0.032209;0.007852
CW;10;235;235.00;170.00;50;-0.40625016;0.63080008;23.46;0.030708;0.006958;-0.39375004;0.64004990;23.50;0.043350;0.003748
CW;11;310;310.00;75.00;50;-0.40350010;0.62179980;23.47;0.039329;0.012205;-0.39564992;0.63669984;23.49;0.041704;-0.001001
CW;12;10;370.00;60.00;50;-0.39604992;0.63830000;23.50;0.044153;0.008533;-0.40605012;0.63855000;23.50;0.035215;0.001428
CCW;13;200;200.00;-170.00;50;-0.40620016;0.62130000;23.50;0.032009;0.003513;-0.40014992;0.64124984;23.50;0.044890;0.008120
CCW;14;180;180.00;-20.00;50;-0.40190010;0.62959984;23.48;0.033828;0.000837;-0.40675000;0.64855004;23.50;0.042922;0.010391
CW;15;195;195.00;15.00;50;-0.39505000;0.62934992;23.46;0.032976;0.001921;-0.39839996;0.63564990;23.44;0.044692;0.008154
CW;16;275;275.00;80.00;50;-0.40025000;0.63405000;23.48;0.033774;0.010659;-0.40515030;0.63790008;23.50;0.043350;0.000828
CW;17;355;355.00;80.00;50;-0.40020016;0.63874996;23.57;0.042874;0.010403;-0.40685004;0.63980000;23.50;0.036890;-0.000166
CCW;18;265;265.00;-90.00;50;-0.39650000;0.63520000;23.50;0.034949;0.009514;-0.39564990;0.65084992;23.50;0.043894;0.000874
CW;19;15;375.00;110.00;50;-0.40715012;0.64559984;23.50;0.043467;0.008025;-0.41419996;0.64065010;23.50;0.034985;0.001523
CW;20;150;150.00;150.00;50;-0.40710000;0.66369990;23.46;0.036584;-0.000874;-0.39915000;0.65204984;23.48;0.042144;0.011479
CCW;21;350;-10.00;-160.00;50;-0.40685000;0.63874996;23.48;0.042793;0.010896;-0.38544984;0.64764992;23.50;0.035098;0.000518
CCW;22;330;-30.00;-20.00;50;-0.40775020;0.64979980;23.50;0.040142;0.011423;-0.39990000;0.65765000;23.50;0.037346;-0.000908
CCW;23;230;-130.00;-100.00;50;-0.40330000;0.63680008;23.50;0.033313;0.005784;-0.41005024;0.64344996;23.50;0.045479;0.004331
CCW;24;120;-240.00;-110.00;50;-0.39054984;0.66175000;23.49;0.039285;-0.000745;-0.40200008;0.64929970;23.54;0.036943;0.011997
CCW;25;115;-245.00;-5.00;50;-0.39790012;0.65750000;23.53;0.038887;-0.000486;-0.39699992;0.64949990;23.51;0.036528;0.012061
CW;26;245;-115.00;130.00;50;-0.40480004;0.65914992;23.51;0.031445;0.008354;-0.40405004;0.65760004;23.52;0.043523;0.003306
CW;27;30;30.00;145.00;50;-0.39004996;0.65419996;23.50;0.043896;0.007935;-0.38985000;0.65920010;23.58;0.032522;0.004131
CCW;28;225;-135.00;-165.00;50;-0.39239996;0.65885000;23.54;0.031279;0.006177;-0.40420004;0.65915020;23.60;0.045195;0.005486
CCW;29;220;-140.00;-5.00;50;-0.41215008;0.65569990;23.57;0.032241;0.005579;-0.38879990;0.66080004;23.54;0.045325;0.006174
CCW;30;165;-195.00;-55.00;50;-0.41155000;0.65299980;23.59;0.036145;0.000491;-0.40505010;0.66665000;23.55;0.040220;0.011064
CW;31;285;-75.00;120.00;50;-0.41264996;0.65239980;23.50;0.036555;0.011155;-0.41209996;0.65554980;23.50;0.043091;-0.000337
CCW;32;280;-80.00;-5.00;50;-0.40340008;0.65439990;23.49;0.035789;0.010745;-0.41299996;0.65925000;23.50;0.042334;0.000508
CCW;33;145;-215.00;-135.00;50;-0.40590010;0.66040010;23.46;0.035923;-0.000366;-0.40570010;0.66275020;23.49;0.041460;0.012539
CCW;34;50;-310.00;-95.00;50;-0.42119996;0.65285004;23.50;0.041990;0.005469;-0.40670000;0.65474980;23.50;0.030630;0.006309
CW;35;140;-220.00;90.00;50;-0.40520010;0.67175000;23.48;0.036750;-0.000176;-0.39675008;0.65169996;23.44;0.039424;0.011980
CCW;36;105;-255.00;-35.00;50;-0.40225004;0.64659980;23.50;0.042009;-0.000583;-0.40420016;0.65220000;23.45;0.036228;0.011748
CW;37;190;-170.00;85.00;50;-0.40745024;0.65419996;23.50;0.032705;0.002166;-0.39865004;0.66850000;23.48;0.044165;0.009026
CCW;38;135;-225.00;-55.00;50;-0.39304996;0.66655004;23.47;0.037383;-0.000786;-0.39629990;0.67280010;23.45;0.038762;0.011543
CW;39;270;-90.00;135.00;50;-0.40665020;0.65780010;23.39;0.033120;0.009746;-0.40230008;0.65699992;23.37;0.043440;0.000049
CCW;40;260;-100.00;-10.00;50;-0.38849996;0.66230008;23.41;0.033411;0.009397;-0.38480004;0.66115030;23.45;0.044885;0.001943
CW;41;315;-45.00;55.00;50;-0.40500016;0.65259992;23.45;0.038704;0.011987;-0.40400016;0.66485000;23.43;0.039009;-0.001465
CW;42;60;60.00;105.00;50;-0.39410008;0.66655004;23.48;0.044607;0.003364;-0.39794980;0.65424990;23.45;0.033105;0.007097
CCW;43;320;-40.00;-100.00;50;-0.41364996;0.65744990;23.50;0.038704;0.011499;-0.40320004;0.66290004;23.48;0.038545;-0.000767
CCW;44;250;-110.00;-70.00;50;-0.40735004;0.65865004;23.50;0.032417;0.008923;-0.40415012;0.66539984;23.49;0.043193;0.003169
CCW;45;170;-190.00;-80.00;50;-0.40075004;0.66165024;23.50;0.033972;0.000801;-0.41449996;0.65719980;23.50;0.042297;0.010911
CCW;46;40;-320.00;-130.00;50;-0.42085000;0.66815010;23.49;0.043152;0.006587;-0.41240000;0.65600010;23.50;0.031250;0.005493
CW;47;110;-250.00;70.00;50;-0.40680000;0.66970010;23.47;0.037834;0.000706;-0.41640012;0.66950000;23.49;0.035925;0.011421
CW;48;155;-205.00;45.00;50;-0.40115004;0.65760016;23.49;0.036553;-0.000322;-0.40500016;0.66409992;23.46;0.040696;0.011370
CW;49;300;-60.00;145.00;50;-0.40825010;0.65414984;23.49;0.037539;0.012136;-0.40270000;0.65884990;23.42;0.041052;-0.000593
CCW;50;295;-65.00;-5.00;50;-0.40580010;0.65294980;23.49;0.037146;0.011589;-0.40364992;0.65989990;23.49;0.041665;-0.000859
CW;51;75;75.00;140.00;50;-0.40760000;0.66230008;23.49;0.044353;0.001726;-0.40365010;0.65829984;23.49;0.032910;0.008457
CCW;52;305;-55.00;-130.00;50;-0.41644996;0.66665000;23.50;0.038130;0.011289;-0.39430010;0.66500020;23.48;0.040657;-0.001633
CW;53;25;25.00;80.00;50;-0.40145000;0.65630008;23.48;0.044390;0.007485;-0.39809990;0.65905004;23.50;0.031965;0.002856
CW;54;125;125.00;100.00;50;-0.40945000;0.66160008;23.47;0.039607;-0.000129;-0.41134984;0.63930010;23.45;0.037744;0.013076
CCW;55;95;95.00;-30.00;50;-0.40765008;0.65554992;23.47;0.042061;0.000667;-0.40360010;0.64919984;23.44;0.034727;0.010261
CW;56;175;175.00;80.00;50;-0.39904988;0.66590020;23.45;0.035198;-0.000076;-0.40210012;0.65694992;23.47;0.042073;0.010261
CCW;57;90;90.00;-85.00;50;-0.40965024;0.65564970;23.48;0.043308;0.001050;-0.40585010;0.65194992;23.47;0.034553;0.010164
CCW;58;340;-20.00;-110.00;50;-0.40535016;0.65884980;23.47;0.040442;0.011479;-0.40045016;0.66224990;23.46;0.036660;-0.000271
CCW;59;240;-120.00;-100.00;50;-0.41674996;0.65819990;23.45;0.031885;0.007461;-0.41069996;0.65129996;23.50;0.044287;0.004163
CW;60;290;-70.00;50.00;50;-0.40885012;0.66279984;23.45;0.035703;0.010979;-0.41180016;0.65964980;23.40;0.042908;-0.000918
CW;61;85;85.00;155.00;50;-0.40620004;0.66350012;23.46;0.043237;0.000798;-0.40110008;0.65849990;23.47;0.034031;0.009644
CCW;62;325;-35.00;-120.00;50;-0.42195008;0.65094996;23.45;0.039341;0.011631;-0.40515000;0.66900000;23.45;0.037185;-0.001245
CCW;63;160;-200.00;-165.00;50;-0.40540024;0.65704980;23.50;0.034387;-0.000259;-0.41819996;0.66635000;23.50;0.041274;0.011099
CCW;64;130;-230.00;-30.00;50;-0.40270004;0.65545004;23.48;0.037634;-0.000369;-0.42034984;0.65209990;23.50;0.037534;0.011833
CCW;65;335;-385.00;-155.00;50;-0.41889992;0.65660020;23.50;0.041272;0.011558;-0.41130016;0.66095000;23.50;0.035864;0.000178
CCW;66;185;-175.00;-175.00;50;-0.41070010;0.66349990;23.45;0.031323;0.001553;-0.40395004;0.66330030;23.49;0.043469;0.010066
CCW;67;100;-260.00;-85.00;50;-0.41459992;0.65154992;23.48;0.040339;0.000586;-0.41219996;0.64610010;23.46;0.035598;0.011821
CW;68;255;-105.00;155.00;50;-0.40010016;0.65559984;23.46;0.033418;0.008716;-0.40595012;0.66574996;23.46;0.044756;0.002998
CW;69;35;35.00;140.00;50;-0.39765004;0.67035016;23.49;0.044451;0.006704;-0.40410004;0.65169984;23.49;0.031448;0.004248
CW;70;205;205.00;170.00;50;-0.39405000;0.66029990;23.44;0.031909;0.003469;-0.40910010;0.66459990;23.43;0.044812;0.007549
CW;71;5;365.00;160.00;50;-0.41570016;0.66790016;23.44;0.042905;0.009736;-0.41524992;0.64735000;23.49;0.035693;0.000837
CW;72;70;70.00;70.00;50;-0.40570020;0.66225000;23.45;0.042515;0.003118;-0.41079990;0.65505000;23.48;0.033313;0.008142
CW;73;225;225.00;155.00;50;-0.40450010;0.66350000;23.50;0.031667;0.005835;-0.41844990;0.66590000;23.45;0.044966;0.005298
CW;74;320;320.00;95.00;50;-0.41290012;0.64989984;23.48;0.040435;0.011887;-0.41095000;0.66189960;23.49;0.039041;-0.000911
CCW;75;140;140.00;-180.00;50;-0.41295000;0.67315000;23.49;0.037744;-0.000247;-0.40985010;0.66314996;23.46;0.039351;0.013000
CW;76;190;190.00;50.00;50;-0.41804996;0.65099984;23.46;0.035078;0.002295;-0.41390000;0.65909992;23.48;0.044307;0.009939
CW;77;275;275.00;85.00;50;-0.41200016;0.65509990;23.50;0.032920;0.011877;-0.41304992;0.66480016;23.47;0.044304;0.000444
CCW;78;165;165.00;-110.00;50;-0.40520016;0.65890010;23.50;0.035620;0.000085;-0.41135024;0.64999984;23.49;0.039612;0.011768
CW;79;260;260.00;95.00;50;-0.42259992;0.64345000;23.50;0.033315;0.009561;-0.40330000;0.65965010;23.50;0.044978;0.001765
CCW;80;245;245.00;-15.00;50;-0.40265016;0.65179984;23.50;0.031790;0.008054;-0.41005000;0.65774980;23.50;0.044583;0.003550
CCW;81;130;130.00;-115.00;50;-0.41589988;0.64824980;23.50;0.038877;0.000100;-0.41789990;0.63684990;23.50;0.039097;0.012034
CCW;82;55;55.00;-75.00;50;-0.40545010;0.65745000;23.50;0.044365;0.005090;-0.41160000;0.63820000;23.50;0.032671;0.007075
CCW;83;15;15.00;-40.00;50;-0.41719996;0.65669996;23.50;0.043701;0.008997;-0.40865010;0.64255000;23.48;0.033184;0.002317
CW;84;115;115.00;100.00;50;-0.41255020;0.65834992;23.50;0.040925;0.000012;-0.41235008;0.63860010;23.50;0.034470;0.012605
CCW;85;325;-35.00;-150.00;50;-0.40995010;0.66230008;23.50;0.039099;0.012366;-0.39349990;0.64644980;23.50;0.037839;-0.000903
CCW;86;240;-120.00;-85.00;50;-0.40155004;0.64794976;23.50;0.032917;0.007571;-0.40960008;0.65645000;23.55;0.044434;0.003555
CW;87;295;-65.00;55.00;50;-0.42000004;0.65914992;23.50;0.035229;0.012244;-0.40395000;0.66224990;23.50;0.040364;-0.000300
CCW;88;265;-95.00;-30.00;50;-0.41769992;0.64180000;23.50;0.033379;0.010166;-0.41629984;0.65575010;23.50;0.043687;0.001633
CCW;89;90;-270.00;-175.00;50;-0.42559996;0.64065000;23.53;0.042634;0.001094;-0.40740024;0.64459984;23.50;0.032999;0.010085
CCW;90;75;-285.00;-15.00;50;-0.41515010;0.64559996;23.51;0.042966;0.002063;-0.41494984;0.63824990;23.50;0.032354;0.009451
CCW;91;355;-365.00;-80.00;50;-0.41524992;0.64644984;23.50;0.042371;0.010957;-0.40150010;0.64784976;23.54;0.035310;0.000437
CCW;92;340;-380.00;-15.00;50;-0.42164990;0.64715000;23.50;0.040374;0.011292;-0.40435000;0.65714980;23.50;0.034646;-0.000125
CCW;93;280;-80.00;-80.00;50;-0.41739990;0.63579990;23.51;0.035156;0.010657;-0.40515024;0.65854996;23.55;0.042410;0.000386
CCW;94;255;-105.00;-25.00;50;-0.40875016;0.65699990;23.54;0.033323;0.009314;-0.41594990;0.65109980;23.50;0.043801;0.002388
CCW;95;250;-110.00;-5.00;50;-0.41539992;0.63975000;23.54;0.031592;0.008804;-0.40770012;0.65790004;23.59;0.044038;0.003027
CW;96;25;25.00;135.00;50;-0.41340000;0.65464980;23.56;0.044995;0.007593;-0.40910016;0.63575008;23.56;0.032349;0.003225
CW;97;30;30.00;5.00;50;-0.40850020;0.64694992;23.62;0.045125;0.007153;-0.40250000;0.64954970;23.57;0.032666;0.003293
CW;98;200;200.00;170.00;50;-0.41569996;0.64505004;23.52;0.031548;0.003127;-0.41460010;0.65500000;23.60;0.042688;0.008091
CCW;99;155;155.00;-45.00;50;-0.41220020;0.64799980;23.60;0.036621;-0.000281;-0.41989990;0.64864976;23.64;0.041357;0.011633
CCW;100;50;50.00;-105.00;50;-0.41284988;0.64474980;23.62;0.044392;0.005078;-0.40205016;0.63074990;23.67;0.032017;0.006201
CW;101;185;185.00;135.00;50;-0.41890008;0.63934992;23.62;0.033816;0.001152;-0.41844984;0.64054984;23.63;0.043340;0.009570
CW;102;220;220.00;35.00;50;-0.41280012;0.64185000;23.63;0.031931;0.004768;-0.41809984;0.64799990;23.65;0.044224;0.006001
CW;103;270;270.00;50.00;50;-0.40845016;0.64084970;23.67;0.035317;0.009946;-0.41435008;0.66144996;23.62;0.043381;0.000520
CCW;104;235;235.00;-35.00;50;-0.40510010;0.64339990;23.56;0.031560;0.006802;-0.41565000;0.63734980;23.62;0.043176;0.004895
CCW;105;120;120.00;-115.00;50;-0.41255008;0.64364990;23.68;0.039033;-0.001067;-0.41199996;0.63354976;23.67;0.036865;0.011704
CCW;106;45;45.00;-75.00;50;-0.41749992;0.64669970;23.70;0.044885;0.005146;-0.40970000;0.63530000;23.73;0.032058;0.005554
CCW;107;285;-75.00;-120.00;50;-0.41055016;0.64474980;23.73;0.035432;0.011672;-0.40760012;0.65619990;23.77;0.042373;-0.000300
CCW;108;125;-235.00;-160.00;50;-0.42059996;0.63839984;23.66;0.038455;-0.000562;-0.42075000;0.64229990;23.72;0.036731;0.012200
CCW;109;345;-375.00;-140.00;50;-0.41635000;0.64049990;23.67;0.041619;0.011514;-0.39875004;0.64844952;23.68;0.035203;0.000503
CW;110;70;-290.00;85.00;50;-0.40155000;0.63644990;23.67;0.043674;0.002839;-0.41070000;0.63919990;23.73;0.031985;0.009048
CCW;111;20;-340.00;-50.00;50;-0.41110010;0.65279984;23.70;0.046047;0.008494;-0.41295000;0.63605000;23.65;0.029163;0.003171
CW;112;180;-180.00;160.00;50;-0.41820008;0.63795000;23.68;0.033279;0.001594;-0.41434992;0.65114990;23.62;0.042751;0.009590
CW;113;195;-165.00;15.00;50;-0.41659984;0.64909980;23.58;0.032573;0.002942;-0.42305004;0.65080010;23.60;0.043752;0.008796
CCW;114;85;-275.00;-110.00;50;-0.40835024;0.63799990;23.65;0.042249;0.002466;-0.42044992;0.64579992;23.60;0.033860;0.010310
CW;115;160;-200.00;75.00;50;-0.41399996;0.64744984;23.58;0.035305;0.000112;-0.42204992;0.65444992;23.58;0.040947;0.011973
CCW;116;95;-265.00;-65.00;50;-0.40045010;0.64149992;23.54;0.042441;0.000750;-0.41639988;0.63430010;23.61;0.034897;0.010903
CCW;117;0;-360.00;-95.00;50;-0.42215004;0.63559990;23.56;0.042371;0.010115;-0.41279992;0.64654976;23.50;0.033569;0.001702
CW;118;5;-355.00;5.00;50;-0.41580000;0.64719990;23.52;0.042673;0.009583;-0.41774992;0.64919984;23.51;0.033286;0.001692
CCW;119;310;-50.00;-50.00;50;-0.42489992;0.64390000;23.52;0.039595;0.011597;-0.41065012;0.64574976;23.54;0.039648;-0.000986
CW;120;35;35.00;85.00;50;-0.42029992;0.64519984;23.54;0.043577;0.006577;-0.43185008;0.64995000;23.58;0.032939;0.003677
CW;121;65;65.00;30.00;50;-0.41635000;0.65530010;23.50;0.045720;0.003245;-0.41195008;0.64724992;23.50;0.031794;0.007407
CW;122;105;105.00;40.00;50;-0.41414992;0.65644980;23.50;0.041313;-0.000112;-0.41729996;0.64744980;23.50;0.036575;0.011018
CW;123;110;110.00;5.00;50;-0.41545012;0.65569990;23.50;0.042114;0.000076;-0.42044996;0.65775000;23.50;0.037249;0.011250
CW;124;215;215.00;105.00;50;-0.41485008;0.65329984;23.50;0.031885;0.004797;-0.41119996;0.64719970;23.50;0.044119;0.007095
CW;125;300;300.00;85.00;50;-0.41549984;0.65649980;23.50;0.037937;0.012217;-0.41270012;0.64289990;23.50;0.041956;-0.000649
CW;126;330;330.00;30.00;50;-0.40835008;0.64360000;23.47;0.040032;0.011848;-0.41020004;0.64429976;23.50;0.036709;-0.000193
CCW;127;150;150.00;-180.00;50;-0.40944992;0.65454996;23.50;0.036575;0.000059;-0.42005010;0.65360000;23.50;0.039924;0.012290
CCW;128;135;135.00;-15.00;50;-0.41390000;0.64939992;23.52;0.037522;0.000232;-0.42170020;0.64489990;23.50;0.038594;0.012952
CW;129;290;290.00;155.00;50;-0.40565000;0.65019992;23.50;0.037554;0.011660;-0.41169996;0.63925000;23.50;0.041946;0.001125
CW;130;315;315.00;25.00;50;-0.42319984;0.64415010;23.53;0.039348;0.013010;-0.40790012;0.65164984;23.55;0.039766;-0.001138
CCW;131;230;230.00;-85.00;50;-0.40950020;0.64924976;23.53;0.031782;0.006714;-0.41365010;0.64714984;23.55;0.043940;0.005193
CCW;132;80;80.00;-150.00;50;-0.40840000;0.64474990;23.52;0.042788;0.002441;-0.42110000;0.65129984;23.55;0.031562;0.009956
CW;133;100;100.00;20.00;50;-0.41730000;0.64414996;23.56;0.040889;0.000720;-0.41860004;0.64429984;23.57;0.034802;0.010532
CCW;134;40;40.00;-60.00;50;-0.42554996;0.64879984;23.61;0.044561;0.006348;-0.41684984;0.63625010;23.57;0.031611;0.005173
CCW;135;305;-55.00;-95.00;50;-0.42460000;0.63815000;23.55;0.038103;0.011968;-0.41355000;0.64599984;23.63;0.038311;0.000122
CCW;136;175;-185.00;-130.00;50;-0.42775008;0.64139990;23.68;0.034016;0.001753;-0.40575004;0.65480008;23.68;0.040110;0.010864
CCW;137;10;-350.00;-165.00;50;-0.41655004;0.64145010;23.69;0.043376;0.008774;-0.42449996;0.63670000;23.69;0.033069;0.002759
CCW;138;335;-385.00;-35.00;50;-0.42569996;0.64369980;23.75;0.040042;0.012097;-0.43075000;0.64224980;23.72;0.035737;0.000239
CW;139;145;-215.00;170.00;50;-0.41674984;0.63935008;23.76;0.036592;-0.000378;-0.41530000;0.64989990;23.73;0.038142;0.011963
CW;140;205;-155.00;60.00;50;-0.42065000;0.63734990;23.75;0.032852;0.003787;-0.41269996;0.63784984;23.73;0.044263;0.008291
CCW;141;170;-190.00;-35.00;50;-0.42065010;0.63525016;23.79;0.034746;0.000920;-0.41200000;0.62839990;23.80;0.040671;0.010994
CW;142;210;-150.00;40.00;50;-0.40875016;0.62605008;23.80;0.031553;0.004099;-0.40525016;0.63634990;23.78;0.044258;0.007100
CW;143;350;-10.00;140.00;50;-0.41969992;0.64140010;23.76;0.041804;0.010715;-0.41874980;0.63115020;23.77;0.035244;-0.000232
CW;144;60;60.00;70.00;50;-0.41190000;0.64299990;23.80;0.044968;0.003979;-0.41975004;0.63429990;23.80;0.032041;0.007585
CW;145;170;170.00;110.00;50;-0.41924992;0.63214990;23.80;0.034531;0.000554;-0.42295004;0.63650000;23.80;0.041506;0.010837
CW;146;205;205.00;35.00;50;-0.40685024;0.63654990;23.78;0.031353;0.003730;-0.40820012;0.63309990;23.79;0.044258;0.007856
CCW;147;65;65.00;-140.00;50;-0.42015010;0.63549996;23.80;0.043030;0.003171;-0.40925016;0.62930000;23.80;0.032593;0.008040
CW;148;140;140.00;75.00;50;-0.41824990;0.62829996;23.80;0.037307;-0.000203;-0.42115012;0.63185000;23.80;0.038318;0.012251
CCW;149;105;105.00;-35.00;50;-0.41499996;0.63469976;23.80;0.041382;-0.000093;-0.40960000;0.63184976;23.81;0.035977;0.011570
CCW;150;35;35.00;-70.00;50;-0.42155000;0.63894980;23.80;0.044209;0.006677;-0.42739990;0.62945000;23.80;0.032092;0.004727
CCW;151;305;-55.00;-90.00;50;-0.42760008;0.63264996;23.82;0.037126;0.011760;-0.42094984;0.62795010;23.84;0.040183;-0.001145
CW;152;120;120.00;175.00;50;-0.42320008;0.62869980;23.82;0.041353;-0.001150;-0.41555000;0.62269990;23.85;0.036978;0.011968
CW;153;155;155.00;35.00;50;-0.41439996;0.63650000;23.84;0.035413;-0.000256;-0.41280008;0.64424984;23.85;0.040701;0.011069
CCW;154;335;-25.00;-180.00;50;-0.41869992;0.63630000;23.90;0.038538;0.011738;-0.41060000;0.62444990;23.88;0.035811;-0.000466
CCW;155;265;-95.00;-70.00;50;-0.40565000;0.63174990;23.88;0.032314;0.010283;-0.41574992;0.63889976;23.89;0.042354;0.001699
CCW;156;95;-265.00;-170.00;50;-0.42039990;0.63099990;23.93;0.041379;0.000503;-0.41849996;0.62464990;23.88;0.032913;0.010239
CCW;157;85;-275.00;-10.00;50;-0.41640000;0.61590000;23.93;0.042327;0.001343;-0.41625008;0.61895000;23.97;0.032441;0.009849
CCW;158;340;-380.00;-105.00;50;-0.43040004;0.63174990;23.93;0.041125;0.012109;-0.39109996;0.63520016;23.92;0.036646;-0.000295
CW;159;160;160.00;160.00;50;-0.39334996;0.63834996;23.92;0.035312;-0.000347;-0.43025004;0.63470000;23.97;0.038071;0.012053
CW;160;255;255.00;95.00;50;-0.42624980;0.62810004;23.93;0.033142;0.008440;-0.41409992;0.61975000;23.96;0.045630;0.002004
CW;161;285;285.00;30.00;50;-0.41779984;0.62470000;23.95;0.035342;0.011226;-0.42290000;0.61104980;23.93;0.041440;-0.000645
CW;162;355;355.00;70.00;50;-0.40495010;0.63069990;23.95;0.041919;0.010044;-0.41410008;0.62355008;23.92;0.034722;-0.000247
CCW;163;190;190.00;-165.00;50;-0.41020012;0.61054980;23.99;0.033171;0.002112;-0.40820004;0.61880000;24.00;0.043079;0.009434
CCW;164;80;80.00;-110.00;50;-0.40455010;0.62739990;23.99;0.044060;0.001755;-0.41175008;0.61920010;23.91;0.033672;0.009434
CW;165;130;130.00;50.00;50;-0.40470016;0.63090010;23.97;0.038628;-0.000864;-0.41750000;0.62669980;23.91;0.038398;0.012061
CCW;166;310;-50.00;-180.00;50;-0.42279996;0.61330000;23.96;0.038064;0.011863;-0.40935012;0.62744990;23.97;0.038831;-0.000408
CW;167;5;5.00;55.00;50;-0.40875000;0.62959984;23.99;0.042915;0.009800;-0.41399992;0.61859984;24.00;0.033701;0.001499
CCW;168;215;-145.00;-150.00;50;-0.42670000;0.61059990;23.97;0.030620;0.004504;-0.41240000;0.62105000;23.98;0.044207;0.006589
CW;169;345;-15.00;130.00;50;-0.41750000;0.62474984;23.95;0.041169;0.010793;-0.41429992;0.61065000;23.95;0.035547;-0.000469
CCW;170;315;-45.00;-30.00;50;-0.41230000;0.61390000;24.00;0.038618;0.011992;-0.41055004;0.62070020;23.96;0.038210;-0.001023
CW;171;0;0.00;45.00;50;-0.40895004;0.61629984;23.95;0.042583;0.010127;-0.41745004;0.61289990;24.00;0.032825;0.001135
CCW;172;195;-165.00;-165.00;50;-0.42624990;0.60900000;23.96;0.031350;0.002869;-0.41270000;0.62244992;23.99;0.043418;0.008564
CCW;173;100;-260.00;-95.00;50;-0.41405008;0.62275004;23.98;0.041096;0.000112;-0.42325008;0.62000008;24.00;0.034407;0.011047
CW;174;235;-125.00;135.00;50;-0.41529996;0.61309990;24.00;0.032815;0.006824;-0.41894990;0.62330016;24.00;0.043818;0.004250
CCW;175;175;-185.00;-60.00;50;-0.40785016;0.61255000;24.01;0.033103;0.001079;-0.41719992;0.62395000;24.00;0.041848;0.010723
CCW;176;135;-225.00;-40.00;50;-0.42174996;0.60565008;24.00;0.037959;-0.000864;-0.41165010;0.61445004;24.00;0.040122;0.012456
CW;177;185;-175.00;50.00;50;-0.41780000;0.62535010;24.00;0.033523;0.001560;-0.41754992;0.62324990;23.99;0.042427;0.010134
CCW;178;10;-350.00;-175.00;50;-0.42464996;0.61590010;24.00;0.043000;0.009080;-0.41064988;0.61624984;23.97;0.032148;0.002324
CCW;179;230;-130.00;-130.00;50;-0.41890000;0.61304984;23.94;0.031479;0.006597;-0.42530008;0.62630000;23.99;0.044004;0.005325
CW;180;20;20.00;150.00;50;-0.41685008;0.62090010;24.00;0.043408;0.008000;-0.42310000;0.61520000;24.00;0.032969;0.002432
CW;181;165;165.00;145.00;50;-0.41030016;0.61910010;23.98;0.035605;-0.000649;-0.41984984;0.62594984;24.00;0.040837;0.011313
CCW;182;40;40.00;-125.00;50;-0.42324984;0.62875010;24.03;0.044355;0.005918;-0.41250010;0.60985010;24.00;0.031707;0.004666
CCW;183;290;-70.00;-110.00;50;-0.41954992;0.61649984;24.00;0.035964;0.011611;-0.42054996;0.62390010;23.99;0.040959;-0.000171
CW;184;75;75.00;145.00;50;-0.42359990;0.62234984;24.00;0.044746;0.001360;-0.41605004;0.61770004;24.00;0.030796;0.008860
CCW;185;300;-60.00;-135.00;50;-0.41780000;0.61370004;24.00;0.035134;0.012341;-0.41785000;0.62060020;24.00;0.040327;-0.000437
CCW;186;275;-85.00;-25.00;50;-0.41290016;0.61720010;24.02;0.034138;0.010532;-0.41405008;0.61650010;24.01;0.042520;0.000422
CCW;187;125;-235.00;-150.00;50;-0.41774992;0.62240000;24.00;0.039714;-0.001289;-0.42345000;0.60899990;24.01;0.038149;0.011956
CCW;188;320;-400.00;-165.00;50;-0.42029984;0.62199990;24.00;0.037339;0.011672;-0.41445004;0.62284992;24.00;0.038184;-0.000283
CCW;189;240;-120.00;-120.00;50;-0.41424996;0.62085016;24.04;0.032881;0.007112;-0.43194990;0.62960000;24.00;0.043821;0.003674
CW;190;250;-110.00;10.00;50;-0.41949984;0.61655000;24.00;0.030764;0.007727;-0.43045008;0.63074970;24.02;0.043960;0.002937
CW;191;280;-80.00;30.00;50;-0.42070000;0.62060010;24.00;0.032993;0.010933;-0.41754990;0.61799990;24.00;0.044299;0.000051
CCW;192;210;-150.00;-70.00;50;-0.41699996;0.62134992;24.00;0.031277;0.004358;-0.42135004;0.62929992;23.98;0.043765;0.007773
CCW;193;90;-270.00;-120.00;50;-0.42004996;0.61580010;23.99;0.042385;0.001221;-0.40970000;0.61789996;24.00;0.035603;0.009409
CCW;194;30;-330.00;-60.00;50;-0.41565008;0.61765004;24.00;0.044302;0.006785;-0.41360010;0.61965008;24.00;0.031763;0.004373
CCW;195;245;-115.00;-115.00;50;-0.41025010;0.61069980;23.97;0.031794;0.007302;-0.41355000;0.63169990;23.93;0.044045;0.003682
CW;196;55;55.00;170.00;50;-0.40870010;0.62285000;24.00;0.044082;0.004265;-0.42064990;0.61670000;23.92;0.031343;0.006375
CCW;197;50;50.00;-5.00;50;-0.43024992;0.62909980;23.89;0.043408;0.005479;-0.42129990;0.62535008;23.94;0.032610;0.005938
CCW;198;15;15.00;-35.00;50;-0.42350020;0.62330016;23.88;0.042532;0.008743;-0.41700010;0.61880000;23.94;0.032556;0.001738
CCW;199;350;-10.00;-25.00;50;-0.41809980;0.62734984;24.00;0.041995;0.010796;-0.41789992;0.63739990;23.95;0.035388;-0.000083
CW;200;60;60.00;70.00;50;-0.41254996;0.63934990;23.87;0.044214;0.003582;-0.42069992;0.62095000;23.91;0.031707;0.006667
CW;201;115;115.00;55.00;50;-0.40695016;0.63484990;23.90;0.041221;-0.000225;-0.42504988;0.63334990;23.85;0.036523;0.011123
CCW;202;295;-65.00;-180.00;50;-0.42535000;0.62444996;23.84;0.034583;0.011333;-0.41370010;0.63305000;23.80;0.041387;-0.000313
CCW;203;200;-160.00;-95.00;50;-0.41680008;0.62944980;23.85;0.031677;0.002996;-0.41719990;0.63419976;23.83;0.044758;0.007944
CCW;204;150;-210.00;-50.00;50;-0.42044996;0.62634980;23.80;0.034783;-0.000352;-0.43220000;0.63329990;23.81;0.039385;0.011829
CW;205;180;-180.00;30.00;50;-0.42194996;0.61550000;23.80;0.034514;0.001345;-0.42970000;0.63619996;23.80;0.045620;0.010549
CW;206;325;-35.00;145.00;50;-0.42759990;0.62944990;23.80;0.039346;0.012346;-0.41760000;0.62505000;23.80;0.036797;-0.000808
CW;207;110;110.00;145.00;50;-0.42129996;0.64900000;23.79;0.040916;-0.000486;-0.42119996;0.62279990;23.80;0.036665;0.010759
CW;208;270;270.00;160.00;50;-0.40915004;0.62855008;23.80;0.032397;0.010657;-0.42670000;0.64090000;23.79;0.041128;0.002405
CCW;209;225;225.00;-45.00;50;-0.41240000;0.63309990;23.76;0.032468;0.005520;-0.41975004;0.63454990;23.80;0.044893;0.006208
CCW;210;45;45.00;-180.00;50;-0.42244992;0.63364992;23.78;0.044290;0.006294;-0.42149996;0.63725000;23.77;0.030166;0.006162
CW;211;145;145.00;100.00;50;-0.41740000;0.63209990;23.72;0.037273;-0.000640;-0.43289984;0.64005008;23.71;0.039929;0.012698
CCW;212;25;25.00;-120.00;50;-0.42189984;0.64234996;23.68;0.044382;0.008223;-0.42245004;0.63129976;23.64;0.032073;0.003899
CCW;213;220;-140.00;-165.00;50;-0.42600004;0.63914990;23.69;0.031426;0.005459;-0.43520000;0.64449996;23.70;0.043879;0.006509
CW;214;260;-100.00;40.00;50;-0.42864992;0.63165000;23.67;0.031672;0.010210;-0.41654996;0.63625000;23.68;0.043286;0.002439
CW;215;330;-30.00;70.00;50;-0.42369996;0.63575000;23.67;0.038228;0.012202;-0.41254996;0.63505008;23.65;0.036794;-0.000679
CW;216;70;70.00;100.00;50;-0.41749992;0.64179990;23.71;0.044282;0.003264;-0.42189990;0.63609990;23.62;0.032844;0.008616
CW;217;160;160.00;90.00;50;-0.41425020;0.64654976;23.67;0.036208;0.000098;-0.43019992;0.64984980;23.67;0.041357;0.011296
CCW;218;130;130.00;-30.00;50;-0.41454984;0.63944996;23.74;0.039365;-0.000293;-0.42339992;0.64129990;23.63;0.037908;0.012935
CW;219;175;175.00;45.00;50;-0.41765000;0.63709990;23.63;0.035747;0.000715;-0.42135008;0.64379984;23.70;0.043015;0.010688
CCW;220;120;120.00;-55.00;50;-0.43259992;0.64694980;23.56;0.040920;-0.000398;-0.42094996;0.63824990;23.60;0.036436;0.012283
CW;221;240;240.00;120.00;50;-0.41659996;0.64040000;23.59;0.032490;0.007405;-0.42380000;0.63760000;23.63;0.044883;0.004207
CCW;222;215;215.00;-25.00;50;-0.42030012;0.64509970;23.57;0.032458;0.004753;-0.41904984;0.64779990;23.58;0.044980;0.006897
CW;223;15;375.00;160.00;50;-0.42309990;0.64914980;23.62;0.043284;0.008911;-0.43130000;0.63669984;23.61;0.033901;0.002141
CCW;224;210;210.00;-165.00;50;-0.42014990;0.63309990;23.55;0.032488;0.004138;-0.40555016;0.65414980;23.54;0.044321;0.007671
CW;225;285;285.00;75.00;50;-0.42034996;0.64835008;23.60;0.034819;0.011653;-0.41905000;0.65089990;23.54;0.042346;0.000730
CW;226;300;300.00;15.00;50;-0.42149992;0.63679976;23.50;0.037249;0.012285;-0.41890012;0.64564970;23.61;0.042754;-0.000371
CW;227;30;390.00;90.00;50;-0.42040010;0.66159990;23.55;0.044475;0.007234;-0.41949992;0.64405000;23.57;0.033982;0.003254
CW;228;100;100.00;100.00;50;-0.42230004;0.65630010;23.56;0.042471;0.000813;-0.42079996;0.64325000;23.61;0.034329;0.010823
CCW;229;335;-25.00;-125.00;50;-0.42905000;0.62944984;23.62;0.041201;0.011614;-0.42279992;0.63319992;23.64;0.037737;-0.000334
CCW;230;205;-155.00;-130.00;50;-0.41620000;0.64089996;23.59;0.032722;0.004146;-0.41329996;0.64274980;23.57;0.043806;0.008445
CW;231;5;5.00;160.00;50;-0.42045004;0.64425000;23.59;0.042734;0.010127;-0.41479996;0.64519996;23.62;0.034399;0.001177
CCW;232;325;-35.00;-40.00;50;-0.42614980;0.64190010;23.57;0.039407;0.012134;-0.42174984;0.63715000;23.60;0.037251;-0.000688
CCW;233;270;-90.00;-55.00;50;-0.42354996;0.63489990;23.65;0.034402;0.010811;-0.41290020;0.64249976;23.59;0.044307;0.001628
CW;234;80;80.00;170.00;50;-0.41640004;0.64509990;23.56;0.043582;0.002039;-0.42199996;0.64030000;23.56;0.032329;0.008716
CW;235;255;255.00;175.00;50;-0.41674992;0.65629992;23.55;0.033184;0.009148;-0.41229996;0.65109990;23.54;0.045664;0.002539
CW;236;295;295.00;40.00;50;-0.42565000;0.63824990;23.52;0.035859;0.012061;-0.42539976;0.64054980;23.51;0.042805;0.000176
CCW;237;220;220.00;-75.00;50;-0.40805012;0.63740004;23.51;0.031887;0.005337;-0.42234990;0.64059996;23.52;0.044712;0.006567
CW;238;315;315.00;95.00;50;-0.41735016;0.64550000;23.55;0.038418;0.012251;-0.41215000;0.64429984;23.50;0.039204;-0.000803
CW;239;95;95.00;95.00;50;-0.42534992;0.65154992;23.57;0.042522;0.001238;-0.41760004;0.63400000;23.56;0.035474;0.010571
CCW;240;70;70.00;-25.00;50;-0.41175024;0.64849990;23.55;0.045698;0.003462;-0.42385010;0.64669990;23.57;0.033044;0.008430
CCW;241;0;0.00;-70.00;50;-0.41510000;0.64704984;23.60;0.043081;0.010754;-0.41040012;0.63435000;23.60;0.033691;0.001523
CCW;242;290;-70.00;-70.00;50;-0.41804996;0.63994984;23.65;0.035969;0.011792;-0.41684996;0.63685000;23.61;0.041570;-0.000032
CCW;243;180;-180.00;-110.00;50;-0.41690000;0.63874996;23.62;0.034658;0.001404;-0.43950016;0.65135000;23.61;0.042241;0.010872
CW;244;265;-95.00;85.00;50;-0.41725000;0.64180016;23.66;0.035945;0.010078;-0.42105000;0.63565004;23.66;0.042380;0.002234
CW;245;330;-30.00;65.00;50;-0.42120004;0.63980016;23.64;0.038625;0.012056;-0.41709996;0.63505008;23.66;0.037395;-0.001128
CW;246;20;20.00;50.00;50;-0.42599992;0.63075008;23.64;0.043635;0.008220;-0.42190004;0.63565000;23.64;0.032468;0.002402
CCW;247;245;-115.00;-135.00;50;-0.43385000;0.62514996;23.68;0.031189;0.007974;-0.41290008;0.64174976;23.68;0.046318;0.003013
CCW;248;75;-285.00;-170.00;50;-0.41719992;0.63674984;23.62;0.043665;0.002310;-0.41910004;0.61795000;23.63;0.032822;0.009392
CCW;249;10;-350.00;-65.00;50;-0.42074992;0.63395000;23.61;0.044360;0.009619;-0.42360004;0.62960004;23.64;0.032983;0.002192
CW;250;50;-310.00;40.00;50;-0.41975008;0.62804980;23.70;0.043948;0.005767;-0.41890000;0.62869996;23.71;0.032439;0.006094
CCW;251;310;-50.00;-50.00;50;-0.42474992;0.62725000;23.71;0.037388;0.012620;-0.41379992;0.63550010;23.74;0.040125;-0.000317
CCW;252;135;-225.00;-175.00;50;-0.40400010;0.63149990;23.72;0.040056;-0.000991;-0.42680000;0.63609992;23.69;0.039426;0.012156
CW;253;260;-100.00;125.00;50;-0.42524990;0.62379990;23.73;0.032759;0.009246;-0.41754984;0.63640000;23.65;0.044084;0.002278
CCW;254;225;-135.00;-35.00;50;-0.41709984;0.61870020;23.73;0.033040;0.005486;-0.42745004;0.63579980;23.71;0.045020;0.005815
CW;255;25;25.00;160.00;50;-0.42439992;0.63620000;23.77;0.044875;0.008193;-0.42405010;0.62640008;23.76;0.033293;0.003215
CW;256;45;45.00;20.00;50;-0.42320000;0.63219990;23.77;0.044370;0.005542;-0.41210000;0.63740000;23.76;0.032295;0.005286
CCW;257;345;-15.00;-60.00;50;-0.42469996;0.63165004;23.80;0.040964;0.011040;-0.42209980;0.63064980;23.77;0.035710;0.000071
CCW;258;250;-110.00;-95.00;50;-0.42505008;0.62600004;23.80;0.031619;0.008560;-0.41535000;0.63655000;23.80;0.044248;0.003208
CCW;259;125;-235.00;-125.00;50;-0.42489996;0.63579990;23.80;0.040066;-0.000654;-0.43549988;0.63775010;23.80;0.036506;0.011562
CW;260;145;-215.00;20.00;50;-0.41355020;0.64360000;23.80;0.036416;-0.000249;-0.42375010;0.63359990;23.80;0.039563;0.011755
CW;261;305;-55.00;160.00;50;-0.41639996;0.63605000;23.80;0.037532;0.012700;-0.40585016;0.63954990;23.80;0.041287;-0.000620
CW;262;40;40.00;95.00;50;-0.42645016;0.64439992;23.79;0.044077;0.006621;-0.41754996;0.63419990;23.79;0.033311;0.004102
CW;263;140;140.00;100.00;50;-0.42165004;0.62864990;23.78;0.038662;-0.000684;-0.42194992;0.63279976;23.81;0.040425;0.012239
CCW;264;110;110.00;-30.00;50;-0.42309988;0.64559990;23.75;0.042322;-0.000232;-0.42209990;0.63344990;23.77;0.035525;0.011494
CCW;265;350;-10.00;-120.00;50;-0.42370000;0.64414996;23.80;0.041904;0.011079;-0.40925000;0.64239984;23.80;0.035237;0.000103
CCW;266;280;-80.00;-70.00;50;-0.43155008;0.62959990;23.76;0.033882;0.011677;-0.41350000;0.64229996;23.80;0.041489;0.000774
CW;267;35;35.00;115.00;50;-0.41515004;0.64009992;23.76;0.043655;0.007251;-0.41779996;0.63650008;23.75;0.031858;0.004546
CW;268;200;200.00;165.00;50;-0.41870000;0.63834996;23.77;0.033127;0.002671;-0.40960016;0.64100000;23.73;0.044231;0.008599
CCW;269;185;185.00;-15.00;50;-0.40640000;0.64784976;23.75;0.034641;0.001667;-0.41934990;0.63439990;23.73;0.042808;0.009673
CCW;270;55;55.00;-130.00;50;-0.42864992;0.63539990;23.74;0.044033;0.005171;-0.42329996;0.62775010;23.70;0.032092;0.006125
CW;271;165;165.00;110.00;50;-0.41849984;0.63410010;23.68;0.035229;0.000374;-0.42055004;0.63729996;23.64;0.041140;0.012004
CW;272;190;190.00;25.00;50;-0.40745016;0.63804996;23.71;0.032173;0.002478;-0.40835016;0.63855004;23.73;0.043403;0.009509
CCW;273;85;85.00;-105.00;50;-0.41949996;0.63889984;23.69;0.044424;0.001787;-0.41785000;0.63260008;23.68;0.034561;0.009868
CCW;274;355;-5.00;-90.00;50;-0.41644992;0.63979984;23.69;0.042456;0.010728;-0.41940000;0.63569984;23.62;0.034395;0.000315
CCW;275;275;-85.00;-80.00;50;-0.42084980;0.63589996;23.67;0.033870;0.010757;-0.41839984;0.63774996;23.68;0.042834;0.001150
CW;276;65;65.00;150.00;50;-0.41669992;0.63955000;23.65;0.045605;0.003835;-0.42189988;0.63144980;23.72;0.031892;0.008330
CW;277;150;150.00;85.00;50;-0.41904996;0.63059980;23.77;0.037473;-0.000462;-0.43034990;0.63620000;23.72;0.039990;0.012295
CW;278;320;320.00;170.00;50;-0.42690016;0.62884990;23.70;0.039546;0.012283;-0.40950000;0.64055000;23.72;0.039658;-0.001162
CW;279;340;340.00;20.00;50;-0.42625008;0.63059990;23.73;0.041099;0.011677;-0.41575008;0.62110010;23.71;0.038274;-0.000144
CW;280;115;115.00;115.00;50;-0.43030000;0.63439996;23.73;0.041074;-0.000186;-0.41885020;0.63239984;23.65;0.037036;0.011821
CW;281;230;230.00;115.00;50;-0.42460004;0.62990000;23.74;0.031465;0.006558;-0.41945008;0.64454984;23.74;0.045969;0.005173
CCW;282;60;60.00;-170.00;50;-0.41564996;0.62829996;23.76;0.044204;0.004031;-0.41689996;0.63050000;23.75;0.030554;0.007266
CW;283;90;90.00;30.00;50;-0.42009990;0.62770000;23.75;0.043782;0.001060;-0.41749984;0.63474980;23.74;0.033662;0.010701
CW;284;105;105.00;15.00;50;-0.41515000;0.64014984;23.73;0.041633;0.000669;-0.43330000;0.62334990;23.66;0.034631;0.011357
CW;285;170;170.00;65.00;50;-0.42320010;0.62774990;23.65;0.036345;0.000066;-0.42430004;0.63774980;23.73;0.042529;0.010801
CW;286;195;195.00;25.00;50;-0.41559990;0.64074990;23.72;0.033813;0.002200;-0.40935010;0.63944996;23.66;0.043076;0.009106
CW;287;235;235.00;40.00;50;-0.42489996;0.62619990;23.70;0.031570;0.006316;-0.40979996;0.64145000;23.77;0.044045;0.004792
CCW;288;155;155.00;-80.00;50;-0.41589996;0.63899990;23.72;0.037290;-0.000029;-0.40440004;0.63244990;23.77;0.041626;0.011592
CCW;289;10;10.00;-145.00;50;-0.42034980;0.64289992;23.76;0.044238;0.009063;-0.42060010;0.63019990;23.74;0.032664;0.001809
CW;290;155;155.00;145.00;50;-0.41435010;0.63390004;23.73;0.037053;-0.000674;-0.41775008;0.63485010;23.67;0.041624;0.011584
CCW;291;20;20.00;-135.00;50;-0.42244990;0.63464976;23.68;0.044326;0.008899;-0.41949990;0.62815000;23.64;0.033438;0.002766
CCW;292;205;-155.00;-175.00;50;-0.42660000;0.63439996;23.67;0.032776;0.003596;-0.42054992;0.64705000;23.64;0.043979;0.007947
CCW;293;190;-170.00;-15.00;50;-0.42220004;0.63944996;23.71;0.034331;0.002239;-0.41319996;0.64994996;23.70;0.043748;0.009846
CW;294;335;-25.00;145.00;50;-0.42634992;0.63615008;23.69;0.042195;0.011956;-0.41435000;0.63959984;23.67;0.036560;-0.000281
CW;295;350;-10.00;15.00;50;-0.41304996;0.63984984;23.74;0.041936;0.010996;-0.41750000;0.63584984;23.71;0.036313;-0.000110
CW;296;95;95.00;105.00;50;-0.41799984;0.63094980;23.65;0.043303;0.000186;-0.41915004;0.63069990;23.73;0.033762;0.010569
CCW;297;50;50.00;-45.00;50;-0.41645000;0.64094984;23.65;0.045898;0.005078;-0.41515010;0.63540000;23.65;0.031689;0.006260
CW;298;55;55.00;5.00;50;-0.42475004;0.63919990;23.76;0.044861;0.005125;-0.42059996;0.62640008;23.73;0.033379;0.006050
CW;299;100;100.00;45.00;50;-0.41690000;0.63679990;23.72;0.042852;0.000508;-0.41614996;0.62894976;23.74;0.036287;0.010327
CCW;300;290;-70.00;-170.00;50;-0.42595004;0.63160000;23.65;0.036724;0.011206;-0.42445000;0.64819980;23.67;0.042021;0.000034
CCW;301;130;-230.00;-160.00;50;-0.41214996;0.63944996;23.73;0.038181;-0.001167;-0.42679992;0.62594990;23.67;0.037617;0.012178
CCW;302;120;-240.00;-10.00;50;-0.40340004;0.64484970;23.71;0.038650;-0.000334;-0.42960008;0.62989990;23.71;0.037610;0.012007
CCW;303;75;-285.00;-45.00;50;-0.42850000;0.64619990;23.76;0.042888;0.002769;-0.41974992;0.61980010;23.74;0.032195;0.008687
CW;304;175;-185.00;100.00;50;-0.41519980;0.63239990;23.71;0.034688;0.001167;-0.41989990;0.63759990;23.70;0.041609;0.011108
CW;305;275;-85.00;100.00;50;-0.41945004;0.62645000;23.79;0.033953;0.010842;-0.40994996;0.64569990;23.79;0.042339;0.001587
CW;306;325;-35.00;50.00;50;-0.41470016;0.63865000;23.74;0.039038;0.012427;-0.42465000;0.64080020;23.74;0.038552;0.000444
CW;307;90;90.00;125.00;50;-0.42044984;0.64069984;23.71;0.043184;0.001270;-0.42805000;0.63999976;23.76;0.034453;0.010337
CW;308;185;185.00;95.00;50;-0.41590004;0.62835000;23.72;0.033293;0.001267;-0.41524996;0.63614980;23.77;0.042942;0.010369
CCW;309;25;25.00;-160.00;50;-0.42249984;0.63129980;23.72;0.043965;0.008406;-0.42279992;0.63314990;23.71;0.032180;0.003210
CW;310;105;105.00;80.00;50;-0.42005000;0.64249984;23.69;0.042737;0.000273;-0.42970000;0.63394990;23.71;0.035989;0.011807
CW;311;220;220.00;115.00;50;-0.41850004;0.62845004;23.66;0.032559;0.004954;-0.41774984;0.64229996;23.67;0.045330;0.006597
CCW;312;170;170.00;-50.00;50;-0.41544992;0.63194996;23.73;0.034656;0.000693;-0.41745000;0.62225000;23.73;0.042485;0.010896
CW;313;260;260.00;90.00;50;-0.41279996;0.63264984;23.78;0.033455;0.008955;-0.41644992;0.63860020;23.78;0.044170;0.002720
CW;314;310;310.00;50.00;50;-0.41564984;0.62714992;23.72;0.037900;0.012546;-0.42099990;0.63960004;23.75;0.040977;-0.000469
CCW;315;135;135.00;-175.00;50;-0.41995004;0.63269996;23.71;0.040012;-0.000769;-0.42464990;0.62525010;23.69;0.039783;0.012839
CW;316;245;245.00;110.00;50;-0.41920004;0.64059996;23.68;0.032566;0.007820;-0.41494996;0.63609990;23.64;0.046917;0.003691
CCW;317;80;80.00;-165.00;50;-0.41415010;0.63449996;23.58;0.045964;0.002407;-0.41260016;0.62450004;23.60;0.032329;0.010483
CCW;318;30;30.00;-50.00;50;-0.42675010;0.63584990;23.50;0.044146;0.007996;-0.41205016;0.63165004;23.58;0.033164;0.003999
CCW;319;320;-40.00;-70.00;50;-0.41980008;0.64350000;23.51;0.037573;0.012427;-0.41424996;0.65324976;23.50;0.039055;-0.000173
CW;320;85;85.00;125.00;50;-0.41435008;0.64095010;23.50;0.044414;0.001833;-0.42809992;0.64329980;23.50;0.032256;0.010613
CW;321;210;210.00;125.00;50;-0.41305012;0.64659990;23.45;0.032317;0.004094;-0.42464992;0.64364980;23.48;0.044741;0.008108
CCW;322;110;110.00;-100.00;50;-0.40795036;0.64245000;23.50;0.041035;0.000786;-0.42439996;0.63604990;23.50;0.035369;0.012388
CCW;323;300;-60.00;-170.00;50;-0.42170004;0.63375020;23.50;0.037578;0.012119;-0.42775016;0.63894990;23.50;0.040881;-0.000085
CW;324;15;15.00;75.00;50;-0.41265008;0.63275004;23.50;0.043694;0.010225;-0.41469992;0.64714980;23.50;0.034148;0.002949
CW;325;45;45.00;30.00;50;-0.41574996;0.64414996;23.50;0.044187;0.005981;-0.41504996;0.64269996;23.51;0.032964;0.005527
CW;326;145;145.00;100.00;50;-0.41725004;0.63374980;23.52;0.037463;-0.000122;-0.41590010;0.63144990;23.50;0.039653;0.012422
CW;327;230;230.00;85.00;50;-0.42210008;0.64444992;23.50;0.032493;0.006809;-0.41569980;0.63535004;23.50;0.044817;0.005530
CCW;328;195;195.00;-35.00;50;-0.42585000;0.63774990;23.50;0.033113;0.002800;-0.41005010;0.63885000;23.50;0.044224;0.009011
CCW;329;165;165.00;-30.00;50;-0.42294996;0.63499976;23.53;0.034207;0.000256;-0.41870008;0.64219976;23.54;0.041663;0.011604
CW;330;250;250.00;85.00;50;-0.41760010;0.63619990;23.56;0.032761;0.008650;-0.40925008;0.64864992;23.60;0.045886;0.002996
CW;331;330;330.00;80.00;50;-0.41595008;0.64704984;23.58;0.040322;0.012068;-0.42039990;0.64744980;23.54;0.039414;-0.000752
CCW;332;280;280.00;-50.00;50;-0.41844992;0.63480000;23.56;0.034272;0.010920;-0.40985010;0.64109992;23.61;0.043630;0.000342
CCW;333;180;180.00;-100.00;50;-0.40520004;0.63885000;23.56;0.034363;0.001545;-0.41634984;0.63205000;23.57;0.042014;0.010596
CW;334;255;255.00;75.00;50;-0.41215016;0.63304980;23.59;0.032346;0.009463;-0.41910000;0.64789984;23.62;0.044448;0.003181
CCW;335;140;140.00;-115.00;50;-0.41754992;0.64280010;23.67;0.037996;-0.000518;-0.42189988;0.63704990;23.64;0.039858;0.012393
CW;336;160;160.00;20.00;50;-0.41784990;0.63739984;23.66;0.035081;0.000413;-0.42690004;0.63920000;23.70;0.042112;0.011780
CW;337;225;225.00;65.00;50;-0.42429990;0.63274990;23.66;0.032773;0.005913;-0.41929990;0.63509976;23.69;0.045728;0.005945
CW;338;270;270.00;45.00;50;-0.41774992;0.63069990;23.62;0.035500;0.010901;-0.42294996;0.64689980;23.62;0.043774;0.001863
CW;339;345;345.00;75.00;50;-0.41515016;0.63430008;23.64;0.041028;0.011699;-0.41509984;0.63774990;23.66;0.035996;-0.000730
CW;340;355;355.00;10.00;50;-0.43510004;0.64105030;23.67;0.042581;0.011467;-0.42305000;0.63675010;23.63;0.035884;0.001970
CW;341;65;65.00;65.00;50;-0.41510008;0.63634990;23.61;0.043899;0.004258;-0.42169988;0.63660000;23.69;0.032334;0.008047
CCW;342;305;-55.00;-120.00;50;-0.41340004;0.63304984;23.68;0.037688;0.012961;-0.41070016;0.64489968;23.72;0.039873;-0.000159
CCW;343;295;-65.00;-10.00;50;-0.41315008;0.63334980;23.65;0.038049;0.012224;-0.42219996;0.63574990;23.64;0.040740;0.000957
CW;344;70;70.00;135.00;50;-0.41885010;0.63259984;23.67;0.044902;0.003064;-0.41550000;0.63949990;23.63;0.034524;0.009031
CCW;345;60;60.00;-10.00;50;-0.42535000;0.64799990;23.63;0.045046;0.004624;-0.41885020;0.63624996;23.63;0.032917;0.007734
CW;346;200;200.00;140.00;50;-0.41130008;0.64564996;23.65;0.031375;0.004653;-0.42415000;0.63424990;23.65;0.043572;0.008591
CW;347;285;285.00;85.00;50;-0.42024992;0.63179990;23.63;0.035024;0.012100;-0.42050000;0.63699984;23.67;0.042627;0.001069
CCW;348;115;115.00;-170.00;50;-0.42294996;0.63219992;23.63;0.040891;-0.000645;-0.43109984;0.64974992;23.65;0.035559;0.011663
CW;349;150;150.00;35.00;50;-0.43465012;0.62834984;23.64;0.036985;0.000151;-0.42019984;0.63279984;23.66;0.040317;0.012322
CCW;350;35;35.00;-115.00;50;-0.42349990;0.63419990;23.68;0.044492;0.007090;-0.41609990;0.63720000;23.63;0.032083;0.004475
CCW;351;315;-45.00;-80.00;50;-0.41869996;0.61914990;23.62;0.039631;0.012478;-0.41664992;0.64419996;23.62;0.039817;-0.000073
CW;352;340;-20.00;25.00;50;-0.41799984;0.64479990;23.67;0.041172;0.011587;-0.41594980;0.63594990;23.63;0.036821;-0.000005
CW;353;40;40.00;60.00;50;-0.41799996;0.63850000;23.63;0.044849;0.006880;-0.42959988;0.63809990;23.61;0.032395;0.004800
CCW;354;240;-120.00;-160.00;50;-0.42445008;0.64234996;23.66;0.031648;0.008389;-0.41644996;0.64614990;23.66;0.045857;0.004575
CW;355;5;5.00;125.00;50;-0.42564990;0.63469980;23.58;0.043086;0.009993;-0.41280000;0.64029990;23.58;0.034958;0.000698
CCW;356;265;-95.00;-100.00;50;-0.42035004;0.64569976;23.57;0.032932;0.009807;-0.41314984;0.65199970;23.54;0.043828;0.001584
CW;357;0;0.00;95.00;50;-0.41725004;0.62805000;23.52;0.044651;0.010879;-0.43034996;0.64864992;23.52;0.033875;0.001313
CW;358;125;125.00;125.00;50;-0.41214992;0.64319984;23.50;0.040374;-0.000330;-0.41965000;0.64099990;23.50;0.039077;0.012258
CW;359;235;235.00;110.00;50;-0.41340008;0.64259990;23.50;0.032866;0.006802;-0.40960000;0.64679984;23.50;0.045303;0.004841
CCW;360;215;215.00;-20.00;50;-0.42234992;0.64234980;23.50;0.032715;0.004968;-0.41495008;0.64824976;23.50;0.045037;0.007183
CW;361;245;245.00;30.00;50;-0.41519992;0.64209990;23.51;0.032690;0.008511;-0.43010000;0.64609980;23.50;0.045972;0.003511
CCW;362;120;120.00;-125.00;50;-0.42484996;0.64799980;23.50;0.041221;-0.000042;-0.42094980;0.64929990;23.50;0.037795;0.012312
CCW;363;350;-10.00;-130.00;50;-0.42500010;0.63989996;23.50;0.042551;0.011108;-0.42830000;0.65155000;23.50;0.036216;0.000466
CCW;364;225;-135.00;-125.00;50;-0.41835000;0.64179990;23.50;0.031763;0.006262;-0.42395000;0.64454996;23.49;0.045339;0.006353
CW;365;285;-75.00;60.00;50;-0.42165000;0.63690008;23.50;0.034438;0.011760;-0.41590008;0.64199996;23.50;0.041563;0.000361
CW;366;90;90.00;165.00;50;-0.42019996;0.64229996;23.50;0.043994;0.001577;-0.42645000;0.63960000;23.50;0.035425;0.010315
CCW;367;85;85.00;-5.00;50;-0.41739992;0.64909980;23.50;0.043228;0.001487;-0.41855004;0.63764996;23.50;0.033154;0.009954
CW;368;235;235.00;150.00;50;-0.41469996;0.64095000;23.51;0.031338;0.007139;-0.42169996;0.65935000;23.57;0.045112;0.004800
CW;369;255;255.00;20.00;50;-0.41995008;0.63244976;23.55;0.034458;0.009060;-0.42019996;0.65960016;23.55;0.045862;0.002795
CW;370;305;305.00;50.00;50;-0.42570008;0.63319990;23.56;0.037798;0.011594;-0.42799984;0.64615010;23.52;0.041008;-0.000847
CCW;371;240;240.00;-65.00;50;-0.43000000;0.63829976;23.52;0.031992;0.007224;-0.42589996;0.64365000;23.52;0.044736;0.004426
CW;372;25;385.00;145.00;50;-0.42139992;0.64439990;23.55;0.044695;0.007517;-0.42939988;0.64209990;23.55;0.035981;0.003169
CCW;373;260;260.00;-125.00;50;-0.41335010;0.64239990;23.56;0.033022;0.009731;-0.41550000;0.64789984;23.62;0.045002;0.002441
CCW;374;175;175.00;-85.00;50;-0.42760004;0.63490010;23.50;0.034431;0.001453;-0.42509996;0.64279976;23.54;0.042598;0.011157
CCW;375;110;110.00;-65.00;50;-0.42444996;0.64055000;23.50;0.042134;-0.000657;-0.42144996;0.63884990;23.52;0.035645;0.011436
CCW;376;50;50.00;-60.00;50;-0.41609990;0.64089990;23.55;0.045054;0.005642;-0.42070004;0.64049990;23.55;0.033916;0.006641
CW;377;160;160.00;110.00;50;-0.41424992;0.63329992;23.55;0.036545;0.000466;-0.42215008;0.63934992;23.51;0.042661;0.011577
CCW;378;5;5.00;-155.00;50;-0.43085004;0.63465010;23.50;0.041626;0.010100;-0.42075000;0.64585024;23.51;0.037783;0.002231
CW;379;70;70.00;65.00;50;-0.42029992;0.64025010;23.52;0.043660;0.003452;-0.41809996;0.64819990;23.52;0.033303;0.008582
CCW;380;275;-85.00;-155.00;50;-0.43245000;0.60904990;23.50;0.034766;0.012219;-0.44154990;0.64699996;23.50;0.045369;0.001130
CCW;381;150;-210.00;-125.00;50;-0.41745004;0.64499990;23.50;0.036418;-0.000049;-0.43134992;0.64465010;23.50;0.040583;0.012292
CW;382;220;-140.00;70.00;50;-0.40940010;0.63720000;23.52;0.028916;0.004570;-0.42990008;0.63580000;23.50;0.022334;0.003052
CCW;383;145;-215.00;-75.00;50;-0.41820004;0.64104984;23.52;0.018787;-0.000281;-0.41690008;0.64444992;23.50;0.020518;0.005950
CCW;384;125;-235.00;-20.00;50;-0.41935008;0.63850004;23.49;0.020156;-0.000093;-0.41464984;0.65049980;23.50;0.018904;0.006348
CW;385;300;-60.00;175.00;50;-0.43189988;0.63909996;23.50;0.018730;0.006194;-0.40955016;0.64410000;23.50;0.020349;-0.000010
CW;386;10;10.00;70.00;50;-0.42654990;0.64989970;23.50;0.021658;0.004343;-0.41180010;0.63564990;23.49;0.017231;0.000801
CW;387;180;180.00;170.00;50;-0.40975016;0.63319990;23.50;0.017078;0.000767;-0.42965004;0.64329992;23.50;0.021609;0.004971
CW;388;340;340.00;160.00;50;-0.42419992;0.64939992;23.50;0.021018;0.005764;-0.43010000;0.64174984;23.50;0.018474;-0.000505
CW;389;355;355.00;15.00;50;-0.43079992;0.64249990;23.50;0.021423;0.005083;-0.42315016;0.63964984;23.50;0.017656;0.000056
CW;390;65;65.00;65.00;50;-0.42269996;0.65145004;23.50;0.022310;0.001584;-0.41450000;0.63585000;23.50;0.016218;0.003748
CCW;391;320;-40.00;-105.00;50;-0.43225000;0.63869990;23.50;0.019438;0.005872;-0.42164980;0.64839970;23.50;0.019617;-0.000339
CCW;392;315;-45.00;-5.00;50;-0.43099990;0.63784976;23.50;0.019075;0.006177;-0.42360008;0.64399992;23.50;0.019517;-0.000530
CW;393;325;-35.00;10.00;50;-0.42065008;0.64784984;23.54;0.020137;0.005935;-0.42640000;0.64669990;23.49;0.019229;-0.000491
CCW;394;185;-175.00;-140.00;50;-0.41659992;0.64464980;23.50;0.016101;0.000925;-0.43050016;0.65194980;23.52;0.021150;0.005005
CW;395;280;-80.00;95.00;50;-0.41834992;0.63964984;23.50;0.017522;0.005774;-0.42230000;0.64844984;23.50;0.021509;0.000388
CCW;396;230;-130.00;-50.00;50;-0.42695004;0.63989996;23.50;0.016233;0.003303;-0.41825010;0.65254976;23.50;0.021956;0.002654
CCW;397;170;-190.00;-60.00;50;-0.41819996;0.64129990;23.49;0.017385;0.000369;-0.42395010;0.64519996;23.50;0.020842;0.005339
CCW;398;105;-255.00;-65.00;50;-0.41380010;0.64229996;23.49;0.020884;0.000017;-0.42099990;0.64824980;23.49;0.017625;0.005708
CW;399;250;-110.00;145.00;50;-0.40980016;0.64594984;23.41;0.016414;0.004492;-0.42289996;0.63669984;23.40;0.022700;0.000979
CCW;400;215;-145.00;-35.00;50;-0.41970008;0.64305000;23.40;0.016125;0.002698;-0.42660004;0.64709984;23.44;0.022290;0.003491
CCW;401;135;-225.00;-80.00;50;-0.42070008;0.65074980;23.49;0.018674;-0.000408;-0.42069984;0.64044990;23.45;0.019282;0.006106
CCW;402;15;-345.00;-120.00;50;-0.43489990;0.63730000;23.44;0.022205;0.004407;-0.42059996;0.63854984;23.43;0.016375;0.001265
CW;403;140;-220.00;125.00;50;-0.40945010;0.64199990;23.47;0.018872;-0.000310;-0.42735000;0.64185008;23.50;0.019512;0.005974
CW;404;210;-150.00;70.00;50;-0.42575000;0.63620000;23.46;0.015925;0.002327;-0.43929992;0.64325000;23.49;0.022107;0.003518
CW;405;345;-15.00;135.00;50;-0.44030000;0.63534990;23.39;0.020317;0.005508;-0.41884992;0.65094996;23.40;0.017322;-0.000095
CCW;406;270;-90.00;-75.00;50;-0.42800004;0.64769990;23.45;0.017361;0.005317;-0.43455000;0.65550008;23.42;0.022310;0.000442
CW;407;335;-25.00;65.00;50;-0.43799996;0.64574976;23.43;0.021086;0.005737;-0.42630016;0.64869992;23.44;0.018904;-0.000627
CW;408;20;20.00;45.00;50;-0.42455016;0.65774990;23.40;0.022393;0.004182;-0.42049992;0.64994970;23.48;0.016587;0.001311
CCW;409;200;-160.00;-180.00;50;-0.40735020;0.63635004;23.46;0.016064;0.001638;-0.42820012;0.66164992;23.45;0.022207;0.004238
CCW;410;130;-230.00;-70.00;50;-0.43149992;0.65114980;23.41;0.019033;-0.000251;-0.43070004;0.63919990;23.37;0.020024;0.006018
CW;411;165;-195.00;35.00;50;-0.41705000;0.64344980;23.30;0.017781;-0.000051;-0.43245004;0.64959980;23.30;0.021133;0.005500
CW;412;195;-165.00;30.00;50;-0.42045004;0.64699970;23.30;0.016423;0.001379;-0.41884992;0.66565000;23.30;0.022449;0.004241
CCW;413;190;-170.00;-5.00;50;-0.42284992;0.64584976;23.30;0.016086;0.001384;-0.43070020;0.66634992;23.30;0.022095;0.004744
CCW;414;40;-320.00;-150.00;50;-0.42019984;0.66695000;23.30;0.022542;0.002939;-0.42434996;0.65305000;23.29;0.015776;0.002854
CCW;415;0;-360.00;-40.00;50;-0.42984990;0.65734980;23.23;0.021650;0.005122;-0.42224992;0.65494980;23.24;0.017156;0.000999
CW;416;45;-315.00;45.00;50;-0.42155008;0.65349990;23.13;0.022461;0.002842;-0.41775000;0.66004990;23.17;0.016436;0.003113
CW;417;155;-205.00;110.00;50;-0.41780010;0.67034990;23.10;0.018311;0.000090;-0.42284996;0.66880010;23.05;0.021133;0.005996
CW;418;310;-50.00;155.00;50;-0.42850004;0.66955010;23.04;0.019971;0.005955;-0.41899996;0.66965016;23.02;0.020789;0.000044
CW;419;100;100.00;150.00;50;-0.42794988;0.66140000;23.00;0.021396;0.000674;-0.41400008;0.66525000;23.00;0.019119;0.005344
CCW;420;30;30.00;-70.00;50;-0.41754992;0.67445040;23.00;0.022788;0.003828;-0.42214990;0.66850000;23.00;0.016304;0.002278
CCW;421;265;-95.00;-125.00;50;-0.41424988;0.66880020;23.00;0.016082;0.005488;-0.42125016;0.68739976;22.98;0.022830;0.000962
CW;422;290;-70.00;25.00;50;-0.42719990;0.66549990;22.95;0.018608;0.006069;-0.41939996;0.67370030;22.96;0.021499;0.000266
CW;423;55;55.00;125.00;50;-0.42975000;0.67095010;22.98;0.022026;0.002451;-0.42894996;0.66180010;22.95;0.016094;0.003899
CCW;424;330;-30.00;-85.00;50;-0.43130012;0.68035024;22.93;0.019939;0.006262;-0.42800004;0.68240020;22.92;0.019397;-0.000017
CW;425;95;95.00;125.00;50;-0.41645004;0.68265010;22.88;0.021763;0.000632;-0.42669992;0.67625030;22.92;0.018157;0.005669
CW;426;205;205.00;110.00;50;-0.43390004;0.67565020;22.85;0.017273;0.002080;-0.41954980;0.68295024;22.83;0.022332;0.004224
CCW;427;80;80.00;-125.00;50;-0.41674980;0.68710020;22.85;0.021826;0.000962;-0.42780000;0.68270000;22.81;0.015996;0.004976
CW;428;115;115.00;35.00;50;-0.42415010;0.67730000;22.80;0.020950;0.000166;-0.43354988;0.67710000;22.80;0.018811;0.006179
CCW;429;75;75.00;-40.00;50;-0.43674990;0.67574990;22.80;0.022229;0.001541;-0.41644996;0.68520000;22.80;0.017786;0.004504
CCW;430;35;35.00;-40.00;50;-0.42760016;0.67430016;22.74;0.022422;0.003779;-0.42889992;0.67985032;22.80;0.016270;0.002429
CCW;431;295;-65.00;-100.00;50;-0.42784996;0.67695020;22.80;0.018176;0.006348;-0.42315004;0.68609992;22.80;0.021206;0.000010
CW;432;60;60.00;125.00;50;-0.42629992;0.68335000;22.79;0.022561;0.002224;-0.42779990;0.68685016;22.80;0.016418;0.004211
CW;433;60;60.00;0.00;50;-0.42799990;0.68564992;22.75;0.022092;0.002466;-0.42345004;0.67945000;22.80;0.016438;0.003958
CW;434;65;65.00;5.00;50;-0.41969996;0.69225000;22.79;0.022405;0.002070;-0.41874984;0.67890024;22.80;0.016316;0.004143
CCW;435;335;-25.00;-90.00;50;-0.43525024;0.66064990;22.80;0.021206;0.005964;-0.41804992;0.69280000;22.80;0.019968;0.000164
CW;436;355;-5.00;20.00;50;-0.43530000;0.68675008;22.80;0.021987;0.005469;-0.43024988;0.68905016;22.79;0.018428;0.000503
CW;437;140;140.00;145.00;50;-0.43074984;0.68560000;22.78;0.020061;-0.000024;-0.42559990;0.68110010;22.80;0.020769;0.006318
CCW;438;10;10.00;-130.00;50;-0.43980000;0.68390008;22.80;0.022307;0.004954;-0.42399990;0.68065024;22.80;0.017041;0.001221
CCW;439;220;-140.00;-150.00;50;-0.42589996;0.67405000;22.80;0.017036;0.003083;-0.42725008;0.68610020;22.80;0.022920;0.003364
CW;440;260;-100.00;40.00;50;-0.43935000;0.67020016;22.80;0.017456;0.005137;-0.41680008;0.68810000;22.81;0.022656;0.001189
CW;441;35;35.00;135.00;50;-0.42524992;0.69355010;22.80;0.022490;0.003726;-0.42174996;0.66769990;22.82;0.017061;0.002561
CW;442;190;190.00;155.00;50;-0.42680008;0.66770020;22.83;0.017131;0.001328;-0.42405008;0.68220020;22.89;0.021929;0.004976
CW;443;235;235.00;45.00;50;-0.41329984;0.68164990;22.82;0.016301;0.003359;-0.41614992;0.67665048;22.85;0.023064;0.002463
CCW;444;145;145.00;-90.00;50;-0.41969992;0.67795010;22.81;0.018516;0.000049;-0.42555010;0.67140000;22.81;0.020864;0.006030
CW;445;230;230.00;85.00;50;-0.42499996;0.67230010;22.82;0.015696;0.003440;-0.43999988;0.69120010;22.86;0.022559;0.002661
CW;446;320;320.00;90.00;50;-0.43219990;0.68045016;22.84;0.020078;0.006177;-0.41580010;0.67725016;22.86;0.020054;-0.000288
CW;447;70;70.00;70.00;50;-0.42680000;0.67845016;22.84;0.022485;0.001711;-0.43009992;0.67480010;22.87;0.017102;0.004441
CW;448;175;175.00;105.00;50;-0.43005000;0.66884976;22.83;0.017502;0.000554;-0.43359992;0.67475040;22.82;0.021794;0.005405
CCW;449;15;15.00;-160.00;50;-0.43030008;0.68490010;22.87;0.022410;0.004705;-0.42999992;0.67254990;22.90;0.017119;0.001614
CW;450;155;155.00;140.00;50;-0.42655000;0.67155016;22.80;0.019102;0.000051;-0.43584996;0.67305000;22.80;0.021421;0.006248
CCW;451;115;115.00;-40.00;50;-0.42239992;0.67150000;22.83;0.020835;0.000134;-0.43435010;0.67655010;22.86;0.018232;0.006299
CCW;452;295;-65.00;-180.00;50;-0.42734988;0.67090016;22.83;0.018440;0.006345;-0.43260004;0.67730030;22.84;0.020986;0.000093
CW;453;350;-10.00;55.00;50;-0.41335000;0.67930010;22.90;0.021824;0.005864;-0.43169992;0.66945030;22.87;0.017808;0.000559
CCW;454;205;-155.00;-145.00;50;-0.42425010;0.66520020;22.84;0.016377;0.002261;-0.43329992;0.66720000;22.87;0.022363;0.004331
CW;455;345;-15.00;140.00;50;-0.43339990;0.67720016;22.88;0.020972;0.005974;-0.42120008;0.67035020;22.83;0.018103;0.000657
CCW;456;305;-55.00;-40.00;50;-0.43309990;0.67985010;22.80;0.018638;0.006680;-0.42780008;0.67320024;22.84;0.020776;0.000420
CCW;457;285;-75.00;-20.00;50;-0.43710000;0.67610030;22.85;0.018328;0.005906;-0.42779992;0.68745024;22.90;0.021492;0.000544
CCW;458;265;-95.00;-20.00;50;-0.43740000;0.66885000;22.81;0.017227;0.005229;-0.43594990;0.67225000;22.81;0.022217;0.000933
CW;459;25;25.00;120.00;50;-0.43824990;0.66910004;22.80;0.022373;0.004453;-0.43055004;0.68430020;22.81;0.017808;0.001868
CCW;460;245;-115.00;-140.00;50;-0.42844988;0.67830000;22.82;0.016162;0.004421;-0.43075000;0.68235010;22.80;0.022502;0.002068
CCW;461;165;-195.00;-80.00;50;-0.43350000;0.67300030;22.80;0.018010;0.000625;-0.42710008;0.66849990;22.83;0.021335;0.006040
CW;462;290;-70.00;125.00;50;-0.43685000;0.66560010;22.82;0.017966;0.006189;-0.41834996;0.67630010;22.84;0.020967;0.000195
CW;463;340;-20.00;50.00;50;-0.43269984;0.67225030;22.87;0.020371;0.006077;-0.42135010;0.67050010;22.85;0.019119;0.000056
CW;464;75;75.00;95.00;50;-0.43659988;0.67185020;22.83;0.022483;0.001746;-0.43555000;0.66344992;22.82;0.018301;0.004910
CW;465;160;160.00;85.00;50;-0.42230000;0.67490024;22.80;0.018459;0.000220;-0.42240012;0.68015020;22.80;0.021050;0.005906
CW;466;300;300.00;140.00;50;-0.43165000;0.68600020;22.80;0.018745;0.006343;-0.43045000;0.68070000;22.80;0.021201;0.000122
CW;467;90;90.00;90.00;50;-0.41839992;0.67074984;22.84;0.022129;0.000625;-0.43055012;0.67445010;22.86;0.018167;0.005125
CCW;468;30;30.00;-60.00;50;-0.42284990;0.68920016;22.80;0.022925;0.003765;-0.43015004;0.67255016;22.82;0.017388;0.002239
CCW;469;330;-30.00;-60.00;50;-0.44624992;0.67400010;22.80;0.019697;0.006255;-0.42870000;0.66990010;22.81;0.019053;-0.000166
CW;470;5;5.00;35.00;50;-0.42770020;0.67095020;22.80;0.022434;0.005449;-0.42614988;0.68045016;22.81;0.017822;0.000894
CW;471;45;45.00;40.00;50;-0.42244992;0.67990000;22.82;0.022693;0.003096;-0.42509992;0.66760030;22.87;0.016616;0.002944
CW;472;135;135.00;90.00;50;-0.41774992;0.67430024;22.87;0.019128;0.000039;-0.42875008;0.68345010;22.88;0.019434;0.006113
CW;473;185;185.00;50.00;50;-0.42345004;0.66229992;22.83;0.016873;0.001147;-0.41729996;0.67405010;22.94;0.020720;0.004954
CCW;474;50;50.00;-135.00;50;-0.43025008;0.67730020;22.94;0.023293;0.002629;-0.41920004;0.67705024;22.95;0.015828;0.003232
CW;475;55;55.00;5.00;50;-0.42335004;0.66610010;22.92;0.022830;0.002249;-0.42245008;0.67494992;23.00;0.016780;0.003645
CW;476;105;105.00;50.00;50;-0.43184992;0.68080040;22.98;0.021492;0.000366;-0.43354996;0.66950010;23.00;0.018674;0.005745
CCW;477;40;40.00;-65.00;50;-0.42880004;0.66509990;23.00;0.022588;0.003445;-0.41949992;0.66450008;22.96;0.017109;0.002625
CCW;478;250;-110.00;-150.00;50;-0.42879988;0.66315000;22.93;0.015764;0.004768;-0.43315004;0.66744990;22.93;0.022119;0.001770
CW;479;325;-35.00;75.00;50;-0.43305004;0.66295000;23.00;0.019817;0.006145;-0.41575000;0.68215008;22.94;0.019558;-0.000063
CCW;480;240;-120.00;-85.00;50;-0.43520000;0.66049992;22.97;0.016650;0.003904;-0.43140012;0.67920010;22.99;0.023010;0.002119
CCW;481;80;-280.00;-160.00;50;-0.42954990;0.67855020;22.97;0.021528;0.001199;-0.41724992;0.66014992;22.97;0.017456;0.004888
CW;482;150;-210.00;70.00;50;-0.42235004;0.67075000;22.97;0.017920;0.000276;-0.42924990;0.68120024;22.96;0.020803;0.006396
CW;483;270;-90.00;120.00;50;-0.43545000;0.66655004;22.95;0.017676;0.005366;-0.43810000;0.67520020;22.99;0.021968;0.000764
CCW;484;225;-135.00;-45.00;50;-0.41920004;0.67565024;22.93;0.016709;0.003086;-0.42599990;0.67745020;22.93;0.022693;0.002905
CCW;485;215;-145.00;-10.00;50;-0.42435000;0.66030000;22.93;0.016016;0.002437;-0.43235008;0.67630010;22.93;0.022166;0.003699
CCW;486;85;-275.00;-130.00;50;-0.41990008;0.67455020;22.86;0.021770;0.000959;-0.43240000;0.66860010;22.88;0.017134;0.005093
CW;487;170;-190.00;85.00;50;-0.41780012;0.67005020;22.92;0.017585;0.000815;-0.42525004;0.67245020;22.95;0.021318;0.005833
CCW;488;95;-265.00;-75.00;50;-0.42180000;0.67345024;22.94;0.021846;0.000928;-0.42815008;0.66730000;22.93;0.017776;0.005364
CW;489;200;-160.00;105.00;50;-0.42005000;0.67025020;22.95;0.016912;0.001851;-0.41954990;0.67270000;22.90;0.022612;0.004744
CCW;490;180;-180.00;-20.00;50;-0.42110008;0.67265000;22.94;0.016821;0.000996;-0.42695000;0.68430008;22.89;0.022197;0.005151
CCW;491;0;-360.00;-180.00;50;-0.42764992;0.66199992;22.83;0.022185;0.005452;-0.42890004;0.67100008;22.81;0.017131;0.000945
CW;492;120;-240.00;120.00;50;-0.42540016;0.67630020;22.82;0.020903;0.000085;-0.42775000;0.67445030;22.80;0.020032;0.006116
CW;493;125;-235.00;5.00;50;-0.41940004;0.67770010;22.80;0.020110;0.000103;-0.43539992;0.67795016;22.80;0.019583;0.006121
CCW;494;100;-260.00;-25.00;50;-0.43120008;0.67925024;22.81;0.020916;0.000457;-0.42239992;0.67080010;22.86;0.018765;0.006042
CCW;495;310;-50.00;-50.00;50;-0.42235004;0.67590000;22.82;0.020015;0.006343;-0.42335000;0.67225000;22.83;0.019949;0.000156
CCW;496;195;-165.00;-115.00;50;-0.41805000;0.66920008;22.85;0.016738;0.001877;-0.42834984;0.67585016;22.85;0.022961;0.004910
CW;497;275;-85.00;80.00;50;-0.43865004;0.68130020;22.82;0.013962;0.005740;-0.42380000;0.67540016;22.83;0.021042;0.000842
CW;498;315;-45.00;40.00;50;-0.43055004;0.67935010;22.80;0.020159;0.006274;-0.41984992;0.67844990;22.81;0.020176;-0.000051
CW;499;20;20.00;65.00;50;-0.41869996;0.69594990;22.84;0.022388;0.004480;-0.42794992;0.66695004;22.82;0.017185;0.001160
CW;500;130;130.00;110.00;50;-0.41340004;0.68200010;22.81;0.020090;-0.000334;-0.42944996;0.66955020;22.82;0.019805;0.006089
CCW;501;110;110.00;-20.00;50;-0.42259988;0.67700020;22.86;0.020955;0.000293;-0.42610004;0.67945010;22.84;0.018982;0.005835
CW;502;255;255.00;145.00;50;-0.43180000;0.66965016;22.87;0.018123;0.004790;-0.43670010;0.67985020;22.87;0.022986;0.001599
CW;503;280;280.00;25.00;50;-0.42624992;0.68120010;22.85;0.018376;0.005249;-0.42210004;0.67675020;22.82;0.022527;0.000210
CCW;504;210;210.00;-70.00;50;-0.42400008;0.68850020;22.83;0.017397;0.002188;-0.42309996;0.68750024;22.80;0.023074;0.004070
CCW;505;40;40.00;-170.00;50;-0.42480008;0.68330020;22.81;0.023047;0.003484;-0.42765004;0.67880020;22.80;0.016438;0.002786
CW;506;85;85.00;45.00;50;-0.43039990;0.68410000;22.80;0.022061;0.001274;-0.42090000;0.68565008;22.80;0.017205;0.005393
CW;507;90;90.00;5.00;50;-0.43604972;0.67525024;22.80;0.021941;0.001035;-0.43360000;0.68345010;22.81;0.018132;0.005664
CCW;508;310;-50.00;-140.00;50;-0.43650000;0.68250010;22.80;0.019810;0.006240;-0.41605000;0.67630000;22.80;0.019934;-0.000110
CW;509;60;60.00;110.00;50;-0.42674990;0.68939990;22.80;0.022717;0.002490;-0.42839990;0.67695016;22.76;0.017336;0.004084
CCW;510;50;50.00;-10.00;50;-0.42885000;0.68430020;22.80;0.023398;0.002878;-0.42360010;0.67035024;22.80;0.017046;0.003184
CW;511;110;110.00;60.00;50;-0.43630010;0.68025016;22.79;0.020571;0.000703;-0.42129984;0.68285010;22.80;0.018467;0.006177
CW;512;155;155.00;45.00;50;-0.42234996;0.68505020;22.76;0.019282;0.000391;-0.42884980;0.67775024;22.75;0.020876;0.006382
CCW;513;130;130.00;-25.00;50;-0.42870004;0.67680010;22.74;0.020410;-0.000066;-0.42534996;0.68140010;22.76;0.020513;0.006155
CW;514;245;245.00;115.00;50;-0.43435004;0.67460030;22.74;0.017263;0.004390;-0.42934990;0.68195000;22.71;0.023862;0.001948
CW;515;335;335.00;90.00;50;-0.42114980;0.68040030;22.68;0.022285;0.006074;-0.42710000;0.68645010;22.70;0.019153;0.000051
CCW;516;280;280.00;-55.00;50;-0.42834990;0.68660020;22.69;0.018428;0.005745;-0.41845010;0.69620020;22.64;0.022473;0.000720
CCW;517;215;215.00;-65.00;50;-0.42235004;0.68465020;22.53;0.016787;0.002627;-0.42465000;0.68335010;22.60;0.022991;0.003796
CCW;518;120;120.00;-95.00;50;-0.42730000;0.69765016;22.65;0.020801;0.000173;-0.43160000;0.69240000;22.65;0.019043;0.006587
CCW;519;10;10.00;-110.00;50;-0.44054984;0.70305000;22.60;0.022446;0.004968;-0.42369996;0.69605010;22.59;0.017908;0.001116
CCW;520;230;-130.00;-140.00;50;-0.43230000;0.69735024;22.53;0.016279;0.003682;-0.41699992;0.69265010;22.52;0.023071;0.002986
CCW;521;200;-160.00;-30.00;50;-0.43024992;0.69115000;22.53;0.016965;0.001958;-0.42834988;0.70290024;22.55;0.022847;0.004670
CCW;522;125;-235.00;-75.00;50;-0.42599990;0.69770000;22.51;0.019795;0.000103;-0.43255000;0.69580024;22.50;0.018904;0.006665
CCW;523;80;-280.00;-45.00;50;-0.42355000;0.70269990;22.54;0.021589;0.001572;-0.42809992;0.70480040;22.55;0.017056;0.005288
CW;524;165;-195.00;85.00;50;-0.43260000;0.70169990;22.52;0.018286;0.000732;-0.43100000;0.70120020;22.52;0.021663;0.006108
CW;525;250;-110.00;85.00;50;-0.43015000;0.69104992;22.56;0.017542;0.004805;-0.43195000;0.69695016;22.60;0.022715;0.001614
CW;526;345;-15.00;95.00;50;-0.42365010;0.69865010;22.60;0.021357;0.006157;-0.43814990;0.70205024;22.56;0.018813;0.000378
CCW;527;175;-185.00;-170.00;50;-0.41955004;0.69725010;22.63;0.017351;0.001165;-0.43725000;0.70395016;22.58;0.021331;0.006001
CW;528;325;-35.00;150.00;50;-0.42894996;0.69395008;22.56;0.020068;0.006597;-0.42249992;0.70005010;22.55;0.019463;0.000015
CCW;529;270;-90.00;-55.00;50;-0.43189992;0.68140010;22.62;0.017056;0.005779;-0.43469976;0.70580010;22.55;0.023096;0.001365
CCW;530;95;-265.00;-175.00;50;-0.43685000;0.70540000;22.54;0.021816;0.000928;-0.42795008;0.69055016;22.51;0.017871;0.005835
CW;531;260;-100.00;165.00;50;-0.42414996;0.69794990;22.54;0.016594;0.005271;-0.42280016;0.70629984;22.58;0.022798;0.000964
CW;532;15;15.00;115.00;50;-0.42049992;0.69780020;22.59;0.022393;0.004944;-0.41780004;0.68405000;22.56;0.017529;0.001106
CW;533;140;140.00;125.00;50;-0.43139984;0.69640000;22.56;0.020583;0.000090;-0.42199984;0.70020020;22.57;0.021086;0.006226
CCW;534;75;75.00;-65.00;50;-0.41950004;0.69975020;22.55;0.022783;0.001748;-0.43709984;0.69780016;22.55;0.017607;0.004954
CW;535;160;160.00;85.00;50;-0.42934988;0.68900000;22.59;0.019165;0.000403;-0.41869992;0.69364990;22.52;0.020762;0.006292
CW;536;170;170.00;10.00;50;-0.42899988;0.68784992;22.54;0.018596;0.000742;-0.43544980;0.69785010;22.52;0.021565;0.006118
CCW;537;350;-10.00;-180.00;50;-0.44095012;0.69304990;22.52;0.021670;0.005957;-0.42904988;0.69494990;22.51;0.018677;0.000562
CCW;538;225;-135.00;-125.00;50;-0.42075000;0.69130020;22.51;0.016377;0.003337;-0.42415004;0.69564990;22.58;0.023213;0.003389
CW;539;305;-55.00;80.00;50;-0.42954988;0.68814984;22.50;0.019500;0.006467;-0.43510004;0.69519990;22.53;0.020576;-0.000039
CW;540;5;5.00;60.00;50;-0.43025000;0.70350020;22.50;0.022341;0.005339;-0.43039992;0.68390008;22.53;0.017920;0.000999
CCW;541;315;-45.00;-50.00;50;-0.43705000;0.69575030;22.50;0.019587;0.006497;-0.42325000;0.69260000;22.55;0.020637;0.000093
CCW;542;285;-75.00;-30.00;50;-0.42749990;0.68884980;22.54;0.018711;0.005901;-0.41664984;0.70440010;22.52;0.021970;0.000566
CCW;543;205;-155.00;-80.00;50;-0.43064992;0.68810000;22.64;0.016892;0.002397;-0.43405016;0.70165016;22.56;0.022927;0.004233
CCW;544;185;-175.00;-20.00;50;-0.42204992;0.69240000;22.55;0.017610;0.001113;-0.43110000;0.69155000;22.58;0.021919;0.005327
CW;545;340;-20.00;155.00;50;-0.43005000;0.69695016;22.62;0.020498;0.006128;-0.41970020;0.68544984;22.59;0.019548;0.000208
CW;546;105;105.00;125.00;50;-0.43144992;0.69660000;22.63;0.021782;0.000127;-0.42704988;0.69225010;22.64;0.018909;0.005874
CCW;547;330;-30.00;-135.00;50;-0.43299996;0.68550000;22.57;0.020522;0.006113;-0.42364996;0.68700000;22.57;0.019346;-0.000220
CCW;548;300;-60.00;-30.00;50;-0.43465000;0.68485016;22.66;0.018872;0.006152;-0.42895008;0.67040010;22.67;0.021235;0.000095
CCW;549;195;-165.00;-105.00;50;-0.41630000;0.68950020;22.70;0.016736;0.001819;-0.42585000;0.69034992;22.64;0.022588;0.004866
CW;550;235;-125.00;40.00;50;-0.43349992;0.67720010;22.65;0.016892;0.003865;-0.43060000;0.68680008;22.68;0.022852;0.002434
CCW;551;55;-305.00;-180.00;50;-0.42754990;0.69244984;22.62;0.022788;0.002463;-0.42740004;0.68855010;22.64;0.016699;0.004072
CW;552;135;-225.00;80.00;50;-0.43830012;0.69110030;22.63;0.019487;0.000110;-0.43515004;0.68735016;22.68;0.019248;0.006589
CW;553;190;-170.00;55.00;50;-0.42725008;0.69854980;22.65;0.017019;0.001631;-0.42990000;0.69334984;22.67;0.022727;0.005164
CCW;554;30;-330.00;-160.00;50;-0.43880012;0.69270000;22.67;0.022927;0.003909;-0.43450000;0.69160020;22.67;0.016567;0.002339
CW;555;65;-295.00;35.00;50;-0.44634992;0.70554984;22.67;0.022405;0.002244;-0.41834996;0.69640016;22.75;0.017192;0.004209
CW;556;145;-215.00;80.00;50;-0.43785016;0.68275020;22.64;0.018530;0.000276;-0.44335000;0.69005020;22.66;0.020051;0.006230
CCW;557;45;-315.00;-100.00;50;-0.43615000;0.69900020;22.67;0.022927;0.003069;-0.43435000;0.68095020;22.72;0.016111;0.003508
CW;558;115;-245.00;70.00;50;-0.43159996;0.69149990;22.76;0.020784;0.000044;-0.42970000;0.69810020;22.72;0.018542;0.006187
CW;559;290;-70.00;175.00;50;-0.43325000;0.68200010;22.67;0.018601;0.006055;-0.41924996;0.69845016;22.78;0.021650;0.000039
CW;560;25;25.00;95.00;50;-0.43440000;0.68765010;22.63;0.022417;0.004277;-0.43534980;0.68535010;22.74;0.017346;0.001873
CW;561;100;100.00;75.00;50;-0.43610004;0.69630016;22.71;0.021411;0.000762;-0.43569996;0.68839990;22.78;0.017883;0.005789
CW;562;180;180.00;80.00;50;-0.43325004;0.70630024;22.77;0.017773;0.000781;-0.43220000;0.69540008;22.78;0.021611;0.005657
CCW;563;20;20.00;-160.00;50;-0.43155004;0.68570020;22.73;0.023152;0.004465;-0.42350004;0.68640020;22.69;0.016917;0.001680
CCW;564;355;-5.00;-25.00;50;-0.43019990;0.68720030;22.70;0.021428;0.005547;-0.44239990;0.68200032;22.76;0.018418;0.000427
CW;565;150;150.00;155.00;50;-0.42590010;0.70534984;22.70;0.019597;0.000110;-0.43165000;0.69154990;22.73;0.020945;0.006052
CW;566;275;275.00;125.00;50;-0.44199984;0.68515030;22.73;0.018394;0.005818;-0.42699992;0.68585000;22.70;0.023057;0.000840
CCW;567;220;220.00;-55.00;50;-0.41680000;0.67760030;22.76;0.016775;0.003010;-0.43494996;0.69705010;22.73;0.022375;0.003606
CW;568;320;320.00;100.00;50;-0.43259992;0.67570024;22.73;0.020625;0.006235;-0.43124990;0.68965008;22.73;0.020278;-0.000225
CCW;569;265;265.00;-55.00;50;-0.43180008;0.68310020;22.74;0.016741;0.005076;-0.43145000;0.68555010;22.75;0.022227;0.001140
CW;570;0;360.00;95.00;50;-0.42979992;0.69819990;22.78;0.022170;0.005623;-0.43169992;0.68409990;22.76;0.018342;0.000945
CCW;571;255;255.00;-105.00;50;-0.43070008;0.67990020;22.78;0.017659;0.004480;-0.41875004;0.69375000;22.80;0.022527;0.001606
CCW;572;210;210.00;-45.00;50;-0.42090010;0.67660020;22.80;0.016609;0.002158;-0.43279988;0.70165000;22.80;0.022612;0.004055
CCW;573;70;70.00;-140.00;50;-0.42230000;0.67960000;22.80;0.022383;0.001733;-0.42739990;0.67230000;22.80;0.017715;0.004172
CW;574;240;240.00;170.00;50;-0.43024992;0.68455020;22.80;0.016619;0.004126;-0.42349996;0.68000010;22.80;0.022993;0.002502
CW;575;35;395.00;155.00;50;-0.42175004;0.69420000;22.80;0.022886;0.003655;-0.42474996;0.68304990;22.80;0.016973;0.002148
CCW;576;295;295.00;-100.00;50;-0.43509996;0.68320010;22.80;0.018506;0.006382;-0.42540008;0.68960000;22.80;0.021443;0.000115
CCW;577;165;165.00;-130.00;50;-0.42029992;0.69200000;22.80;0.018086;0.000564;-0.42805000;0.68884984;22.80;0.022190;0.005942
CW;578;270;270.00;105.00;50;-0.43234992;0.68110010;22.79;0.017690;0.005181;-0.41664990;0.70120020;22.80;0.021418;0.001160
CW;579;65;65.00;65.00;50;-0.41640008;0.68315020;22.80;0.022454;0.002183;-0.41789992;0.68325024;22.80;0.016638;0.004031
CW;580;145;145.00;80.00;50;-0.43079992;0.69485010;22.80;0.019509;0.000291;-0.43325000;0.67365016;22.80;0.020852;0.006187
CW;581;185;185.00;40.00;50;-0.41699996;0.68980024;22.79;0.017007;0.001335;-0.42540000;0.67635024;22.80;0.022310;0.004946
CCW;582;110;110.00;-75.00;50;-0.42780008;0.69249992;22.78;0.021062;0.000173;-0.43624990;0.68215020;22.80;0.018857;0.006052
CW;583;265;265.00;155.00;50;-0.43364990;0.67960010;22.80;0.016680;0.005420;-0.42164980;0.68585010;22.80;0.022808;0.001262
CCW;584;235;235.00;-30.00;50;-0.42204990;0.68175020;22.80;0.016807;0.003752;-0.42894984;0.67970016;22.80;0.022417;0.002622
CW;585;255;255.00;20.00;50;-0.41765004;0.68690024;22.81;0.018098;0.004749;-0.42515004;0.68635000;22.80;0.022559;0.001536
CW;586;325;325.00;70.00;50;-0.43030000;0.68600010;22.80;0.020264;0.006145;-0.42100004;0.68640030;22.83;0.020027;-0.000210
CW;587;20;380.00;55.00;50;-0.43040000;0.68990000;22.82;0.022510;0.004121;-0.42605000;0.67400016;22.83;0.017271;0.001111
CW;588;95;95.00;95.00;50;-0.42794980;0.69170000;22.80;0.021782;0.000701;-0.43090020;0.67790010;22.80;0.017939;0.005564
CW;589;175;175.00;80.00;50;-0.42450016;0.68150000;22.81;0.017800;0.000693;-0.41769996;0.70160016;22.81;0.021987;0.005681
CW;590;295;295.00;120.00;50;-0.42659990;0.67845010;22.81;0.018945;0.005823;-0.42714990;0.68135040;22.80;0.021128;0.000171
CCW;591;205;205.00;-90.00;50;-0.41940008;0.67610016;22.80;0.016008;0.002007;-0.42524992;0.67960024;22.89;0.022090;0.004170
CW;592;320;320.00;115.00;50;-0.43034996;0.68070010;22.80;0.019844;0.006409;-0.42734988;0.67650010;22.80;0.020415;-0.000156
CW;593;340;340.00;20.00;50;-0.42799992;0.67344990;22.81;0.021160;0.006182;-0.42139990;0.69524980;22.80;0.018938;0.000103
CCW;594;240;240.00;-100.00;50;-0.41614996;0.68105020;22.80;0.016060;0.003792;-0.42425000;0.69280000;22.80;0.022800;0.002493
CW;595;345;345.00;105.00;50;-0.43725000;0.68869990;22.80;0.020803;0.005894;-0.42385004;0.67595000;22.80;0.018860;0.000063
CCW;596;230;230.00;-115.00;50;-0.42450004;0.67355000;22.80;0.015925;0.003623;-0.42330004;0.68390024;22.79;0.022444;0.003003
CCW;597;195;195.00;-35.00;50;-0.41905020;0.67785020;22.78;0.016213;0.001448;-0.43350000;0.68815010;22.78;0.022295;0.004954
CCW;598;30;30.00;-165.00;50;-0.43549988;0.69370024;22.74;0.022659;0.004304;-0.42245004;0.67545010;22.78;0.017048;0.002434
CW;599;170;170.00;140.00;50;-0.41985000;0.68445020;22.74;0.017773;0.000728;-0.41680004;0.68365020;22.73;0.021104;0.005837
CW;600;245;245.00;75.00;50;-0.42449990;0.68270020;22.72;0.016848;0.004482;-0.43470000;0.69175016;22.77;0.022773;0.002566
CCW;601;80;80.00;-165.00;50;-0.43269976;0.67585010;22.74;0.022358;0.001470;-0.42895000;0.67670010;22.79;0.017297;0.005061
CCW;602;275;-85.00;-165.00;50;-0.42730010;0.66920010;22.71;0.017708;0.005955;-0.42754990;0.69039976;22.73;0.021782;0.000881
CCW;603;190;-170.00;-85.00;50;-0.42560000;0.68985020;22.66;0.017283;0.001506;-0.42970000;0.69740000;22.61;0.022451;0.005313
CCW;604;140;-220.00;-50.00;50;-0.42509988;0.69035010;22.63;0.019502;0.000178;-0.43089992;0.70279984;22.58;0.019407;0.006577
CW;605;150;-210.00;10.00;50;-0.42630000;0.69710000;22.60;0.018853;0.000447;-0.43789984;0.68890000;22.58;0.020930;0.006470
CCW;606;10;-350.00;-140.00;50;-0.43355004;0.68095016;22.55;0.022307;0.005215;-0.42285004;0.68735016;22.59;0.017324;0.001726
CCW;607;210;-150.00;-150.00;50;-0.43245004;0.68980010;22.55;0.016372;0.002813;-0.43090008;0.69935008;22.53;0.022239;0.004287
CCW;608;200;-160.00;-10.00;50;-0.42404992;0.68880000;22.50;0.016633;0.002053;-0.43464996;0.70430010;22.50;0.023010;0.004641
CCW;609;25;-335.00;-175.00;50;-0.42515000;0.70465016;22.50;0.022654;0.004282;-0.42329992;0.70120024;22.50;0.017075;0.002332
CCW;610;285;-75.00;-75.00;50;-0.43104992;0.69665010;22.47;0.018765;0.005891;-0.43944996;0.71025010;22.49;0.022075;0.000789
CW;611;55;55.00;130.00;50;-0.41980004;0.70500010;22.45;0.022703;0.002664;-0.42670008;0.70605000;22.50;0.017485;0.003518
CW;612;75;75.00;20.00;50;-0.42009984;0.70300010;22.44;0.022390;0.001577;-0.43329992;0.71125024;22.41;0.017935;0.004873
CCW;613;70;70.00;-5.00;50;-0.43709984;0.70955016;22.40;0.023184;0.001743;-0.42604992;0.70045020;22.39;0.017207;0.004661
CCW;614;305;-55.00;-125.00;50;-0.43715000;0.70179990;22.41;0.018857;0.006665;-0.43780000;0.70355000;22.38;0.020840;0.000559
CW;615;85;85.00;140.00;50;-0.42110016;0.70000030;22.44;0.022578;0.001084;-0.42759990;0.70590024;22.36;0.018816;0.005066
CCW;616;315;-45.00;-130.00;50;-0.43619990;0.71364990;22.33;0.019990;0.006479;-0.42440004;0.71540016;22.35;0.020249;0.000205
CW;617;105;105.00;150.00;50;-0.41670000;0.71265000;22.37;0.022134;0.000669;-0.42970016;0.70080010;22.42;0.018611;0.006040
CCW;618;60;60.00;-45.00;50;-0.43429990;0.71870010;22.38;0.023542;0.002393;-0.42044992;0.70680016;22.36;0.017393;0.004504
CW;619;225;225.00;165.00;50;-0.43540000;0.69944990;22.45;0.017327;0.003296;-0.43730004;0.70910000;22.36;0.022976;0.003420
CCW;620;130;130.00;-95.00;50;-0.42340004;0.71520020;22.40;0.020500;0.000273;-0.43995000;0.69235000;22.45;0.019634;0.006848
CW;621;250;250.00;120.00;50;-0.43000008;0.69715000;22.46;0.016255;0.005012;-0.43229996;0.70850010;22.42;0.023176;0.002109
CCW;622;90;90.00;-160.00;50;-0.42964992;0.70665030;22.37;0.022634;0.001211;-0.43329992;0.70135030;22.48;0.017732;0.005706
CW;623;135;135.00;45.00;50;-0.42049996;0.69455000;22.44;0.019648;0.000251;-0.42854996;0.70230016;22.46;0.020137;0.006619
CW;624;215;215.00;80.00;50;-0.43210008;0.70730010;22.50;0.017119;0.002712;-0.42314990;0.70799992;22.49;0.023511;0.004092
CW;625;220;220.00;5.00;50;-0.42915000;0.70255010;22.50;0.017200;0.003311;-0.41835000;0.70410024;22.50;0.023066;0.003657
CCW;626;40;40.00;-180.00;50;-0.42839996;0.70040010;22.50;0.022930;0.003684;-0.42589990;0.70955000;22.51;0.017261;0.002903
CCW;627;280;-80.00;-120.00;50;-0.41864992;0.69610008;22.50;0.018459;0.005820;-0.42964990;0.70905024;22.51;0.022192;0.000625
CW;628;290;-70.00;10.00;50;-0.43950000;0.68849990;22.50;0.017886;0.006382;-0.42989992;0.70490040;22.50;0.020769;0.000652
CCW;629;180;-180.00;-110.00;50;-0.43544990;0.68825010;22.51;0.016758;0.001599;-0.43100010;0.68375016;22.51;0.021863;0.005762
CCW;630;125;-235.00;-55.00;50;-0.42319996;0.69980024;22.54;0.021213;0.000044;-0.43604990;0.68395020;22.53;0.019529;0.006521
CCW;631;330;-390.00;-155.00;50;-0.42694990;0.68900000;22.50;0.020273;0.006626;-0.42719992;0.69235000;22.55;0.018965;0.000310
CW;632;35;-325.00;65.00;50;-0.42294992;0.69464990;22.54;0.022417;0.003977;-0.42979990;0.68625016;22.50;0.015842;0.002964
CW;633;120;-240.00;85.00;50;-0.41335008;0.70290024;22.62;0.020354;0.000203;-0.42335010;0.69200000;22.58;0.019365;0.006509
CCW;634;100;-260.00;-20.00;50;-0.43684990;0.70170032;22.53;0.021074;0.000825;-0.42580004;0.70755030;22.61;0.018093;0.006157
CW;635;115;-245.00;15.00;50;-0.42489988;0.68975000;22.57;0.021238;0.000122;-0.43885004;0.69899992;22.60;0.018809;0.006404
CCW;636;0;-360.00;-115.00;50;-0.43725010;0.68585020;22.57;0.022151;0.005627;-0.43159996;0.68000010;22.60;0.017627;0.001030
CCW;637;350;-370.00;-10.00;50;-0.44335008;0.69530020;22.56;0.021328;0.006045;-0.41904984;0.70145010;22.64;0.018286;0.000759
CW;638;5;-355.00;15.00;50;-0.43745000;0.69634990;22.61;0.022349;0.005520;-0.41779992;0.70345000;22.58;0.015344;0.001997
CCW;639;355;-365.00;-10.00;50;-0.43645010;0.69699990;22.53;0.021731;0.005754;-0.42499990;0.67495040;22.55;0.017891;0.001077
CCW;640;335;-385.00;-20.00;50;-0.42300000;0.70060016;22.53;0.020774;0.006313;-0.40905016;0.69115000;22.58;0.018462;0.000205
CW;641;45;-315.00;70.00;50;-0.42159996;0.68965010;22.53;0.023044;0.003313;-0.42804990;0.69299990;22.55;0.017439;0.003423
CW;642;160;-200.00;115.00;50;-0.43475004;0.67485020;22.54;0.018562;0.000513;-0.42879992;0.69050000;22.50;0.021021;0.006033
CCW;643;155;-205.00;-5.00;50;-0.43510000;0.68670000;22.51;0.018716;0.000566;-0.42654992;0.69780000;22.52;0.021292;0.006113
CCW;644;15;-345.00;-140.00;50;-0.44300016;0.69700016;22.57;0.022224;0.004971;-0.42905000;0.69815010;22.50;0.016829;0.001780
CCW;645;300;-60.00;-60.00;50;-0.42725016;0.68965020;22.50;0.019644;0.006462;-0.42484992;0.69584990;22.54;0.020933;0.000237
CW;646;310;-50.00;10.00;50;-0.43415000;0.68500024;22.56;0.019917;0.006504;-0.43040012;0.69950016;22.58;0.020652;0.000017
CCW;647;260;-100.00;-50.00;50;-0.42809988;0.68760000;22.52;0.018093;0.005195;-0.43420000;0.69395010;22.56;0.022805;0.001497
CW;648;50;50.00;150.00;50;-0.43379990;0.68900020;22.53;0.022029;0.003218;-0.42750000;0.69825010;22.50;0.016555;0.003691
CW;649;165;165.00;115.00;50;-0.42524990;0.70445010;22.53;0.019150;0.000417;-0.43705000;0.69369990;22.50;0.022112;0.006191
CCW;650;120;120.00;-45.00;50;-0.42654992;0.68995010;22.54;0.020354;0.000063;-0.42459992;0.69489980;22.52;0.019226;0.006582
CW;651;140;140.00;20.00;50;-0.42299996;0.70420000;22.50;0.019993;0.000117;-0.43330000;0.69795010;22.55;0.021084;0.006370
CCW;652;130;130.00;-10.00;50;-0.41520004;0.69380000;22.63;0.020386;0.000059;-0.43535004;0.68745024;22.55;0.020081;0.006362
CCW;653;95;95.00;-35.00;50;-0.43315000;0.68220020;22.54;0.022407;0.000684;-0.42660016;0.69090000;22.55;0.019038;0.005540
CW;654;175;175.00;80.00;50;-0.42484980;0.68844990;22.55;0.017275;0.000879;-0.43020000;0.69329992;22.57;0.021921;0.005830
CW;655;225;225.00;50.00;50;-0.43174992;0.68915016;22.55;0.017361;0.002952;-0.42404996;0.69634980;22.55;0.023042;0.003225
CCW;656;195;195.00;-30.00;50;-0.42744992;0.68975010;22.56;0.017197;0.001685;-0.42385010;0.68880010;22.54;0.022676;0.004854
CW;657;330;330.00;135.00;50;-0.43309990;0.68740010;22.58;0.020835;0.006482;-0.42240004;0.69835000;22.57;0.019185;0.000068
CCW;658;180;180.00;-150.00;50;-0.42309988;0.68775000;22.60;0.018062;0.000845;-0.41895000;0.70375000;22.56;0.022104;0.005535
CW;659;245;245.00;65.00;50;-0.42829990;0.68910000;22.59;0.017024;0.004231;-0.42085008;0.69220000;22.58;0.023340;0.002017
CCW;660;230;230.00;-15.00;50;-0.42299996;0.69175000;22.57;0.016155;0.003296;-0.42984992;0.69515000;22.56;0.022954;0.002783
CCW;661;90;90.00;-140.00;50;-0.43944988;0.69819990;22.55;0.021963;0.001133;-0.43514988;0.68530000;22.57;0.016919;0.005574
CW;662;185;185.00;95.00;50;-0.42165004;0.68140008;22.59;0.017642;0.001294;-0.43110020;0.68715008;22.58;0.022803;0.005403
CCW;663;20;20.00;-165.00;50;-0.42879990;0.68510010;22.61;0.022676;0.004885;-0.42255010;0.69655016;22.58;0.016140;0.001870
CCW;664;275;-85.00;-105.00;50;-0.41889996;0.69375016;22.56;0.018604;0.005776;-0.42254996;0.69155016;22.55;0.021514;0.000842
CW;665;45;45.00;130.00;50;-0.42890000;0.69915000;22.57;0.022500;0.003210;-0.42880008;0.67895020;22.58;0.016506;0.003394
CW;666;80;80.00;35.00;50;-0.42060010;0.68994990;22.61;0.022522;0.001326;-0.41949996;0.68310010;22.56;0.017512;0.004810
CCW;667;60;60.00;-20.00;50;-0.42459990;0.69650000;22.65;0.022822;0.002400;-0.43194990;0.68470020;22.63;0.017190;0.004133
CW;668;150;150.00;90.00;50;-0.42084984;0.69455010;22.72;0.019258;0.000337;-0.43229996;0.68105024;22.65;0.021489;0.006321
CCW;669;55;55.00;-95.00;50;-0.42530000;0.68910000;22.69;0.022925;0.002622;-0.42345008;0.67980010;22.64;0.017410;0.003682
CW;670;200;200.00;145.00;50;-0.41985010;0.68090020;22.65;0.016572;0.001587;-0.43475000;0.68890008;22.64;0.022820;0.004492
CCW;671;25;25.00;-175.00;50;-0.42579992;0.69695010;22.59;0.022266;0.004783;-0.42694992;0.68455020;22.62;0.015886;0.002620
CW;672;50;50.00;25.00;50;-0.42804990;0.69120010;22.63;0.023108;0.002944;-0.42120008;0.68855024;22.71;0.017522;0.003533
CW;673;160;160.00;110.00;50;-0.42380000;0.69190024;22.70;0.018645;0.000237;-0.42535010;0.68959980;22.66;0.021863;0.006069
CCW;674;85;85.00;-75.00;50;-0.43049990;0.69570000;22.65;0.022017;0.000989;-0.43134984;0.68265016;22.65;0.017141;0.004995
CCW;675;355;-5.00;-90.00;50;-0.42604992;0.68880000;22.72;0.022153;0.005771;-0.43289992;0.68894990;22.67;0.017695;0.000784
CCW;676;340;-20.00;-15.00;50;-0.43644996;0.69350000;22.71;0.020864;0.006450;-0.41835008;0.69600016;22.66;0.018733;0.000969
CW;677;135;135.00;155.00;50;-0.42795000;0.69354992;22.70;0.019990;-0.000066;-0.43505004;0.68450010;22.72;0.019683;0.006592
CW;678;170;170.00;35.00;50;-0.43310012;0.69424990;22.68;0.018252;0.000793;-0.42764984;0.69309980;22.70;0.021689;0.005647
CW;679;205;205.00;35.00;50;-0.42155000;0.68274990;22.67;0.017424;0.002317;-0.41285020;0.69395010;22.70;0.022461;0.004158
CW;680;305;305.00;100.00;50;-0.42820012;0.70210000;22.62;0.019692;0.006494;-0.42900000;0.68739990;22.61;0.021792;-0.000129
CCW;681;210;210.00;-95.00;50;-0.42144996;0.69800000;22.65;0.017280;0.002412;-0.42179992;0.69695016;22.65;0.022952;0.004092
CCW;682;110;110.00;-100.00;50;-0.42230000;0.70415000;22.56;0.020540;0.000425;-0.43154992;0.69260000;22.62;0.018428;0.005952
CCW;683;30;30.00;-80.00;50;-0.42630000;0.69620000;22.61;0.022751;0.004172;-0.42975004;0.67785020;22.61;0.017842;0.002522
CCW;684;270;-90.00;-120.00;50;-0.42449996;0.70240016;22.64;0.017390;0.005728;-0.43570012;0.69744990;22.64;0.023169;0.000889
CW;685;310;-50.00;40.00;50;-0.43224992;0.69305010;22.58;0.019221;0.006560;-0.42174996;0.68750020;22.61;0.020012;0.000417
CW;686;100;100.00;150.00;50;-0.41759996;0.68110024;22.59;0.022336;0.000474;-0.42979990;0.68355008;22.51;0.018853;0.005928
CCW;687;5;5.00;-95.00;50;-0.43004992;0.69555010;22.61;0.022537;0.005378;-0.42535008;0.69300010;22.61;0.017068;0.001257
CW;688;15;15.00;10.00;50;-0.43005004;0.70390020;22.58;0.022673;0.004961;-0.41454996;0.68250010;22.55;0.017822;0.001580
CW;689;75;75.00;60.00;50;-0.43195000;0.70190024;22.62;0.023408;0.001704;-0.43344992;0.68725010;22.57;0.017996;0.004697
CW;690;105;105.00;30.00;50;-0.42265000;0.69480016;22.58;0.021643;0.000549;-0.43599988;0.70304990;22.59;0.019277;0.005903
CW;691;155;155.00;50.00;50;-0.42450000;0.69650020;22.50;0.018794;0.000374;-0.43020008;0.70125000;22.58;0.021292;0.006331
CCW;692;345;-15.00;-170.00;50;-0.43464990;0.69855010;22.51;0.021941;0.006172;-0.43245004;0.69980030;22.51;0.018894;0.000566
CCW;693;235;-125.00;-110.00;50;-0.42410000;0.69435010;22.57;0.016401;0.004045;-0.42994990;0.70410020;22.52;0.023042;0.002891
CW;694;280;-80.00;45.00;50;-0.43645000;0.69455010;22.50;0.018445;0.006101;-0.43149992;0.70689990;22.52;0.022393;0.000562
CCW;695;255;-105.00;-25.00;50;-0.43775000;0.68989990;22.56;0.017068;0.005139;-0.42780000;0.70820000;22.54;0.022493;0.002019
CCW;696;240;-120.00;-15.00;50;-0.42514992;0.68470000;22.54;0.016519;0.004131;-0.43135004;0.70620040;22.52;0.023188;0.002405
CW;697;295;-65.00;55.00;50;-0.43559976;0.70755010;22.50;0.018989;0.006079;-0.42105008;0.70710016;22.50;0.021133;0.000322
CCW;698;125;-235.00;-170.00;50;-0.43365004;0.69284990;22.55;0.020649;-0.000020;-0.44149984;0.69640016;22.51;0.019248;0.006792
CCW;699;70;-290.00;-55.00;50;-0.43640016;0.70505030;22.53;0.022385;0.001829;-0.43690000;0.68525016;22.53;0.017136;0.004563
CCW;700;65;-295.00;-5.00;50;-0.42704990;0.69315000;22.53;0.022820;0.001943;-0.42680012;0.69585010;22.56;0.016943;0.004209
CW;701;190;-170.00;125.00;50;-0.43570008;0.69410020;22.52;0.017229;0.001199;-0.43025000;0.69980000;22.50;0.022520;0.004871
CW;702;290;-70.00;100.00;50;-0.43614984;0.69375010;22.50;0.018264;0.005974;-0.44085010;0.69655020;22.56;0.021501;0.000256
CW;703;10;10.00;80.00;50;-0.43079990;0.69630020;22.57;0.022769;0.005254;-0.42890004;0.69000008;22.54;0.018162;0.001042
CCW;704;220;-140.00;-150.00;50;-0.43080000;0.70575010;22.51;0.015962;0.003452;-0.42390000;0.70665010;22.50;0.022961;0.003477
CW;705;250;-110.00;30.00;50;-0.42144992;0.69215008;22.50;0.016858;0.004663;-0.42834990;0.70285000;22.50;0.022888;0.001729
CW;706;40;40.00;150.00;50;-0.44129990;0.71015000;22.50;0.023142;0.003721;-0.43619996;0.68814990;22.50;0.017788;0.002583
CCW;707;325;-35.00;-75.00;50;-0.43450000;0.69745030;22.50;0.020564;0.006323;-0.43049992;0.69600020;22.50;0.019585;0.000242
CCW;708;285;-75.00;-40.00;50;-0.43724990;0.68855010;22.53;0.018440;0.005791;-0.43370000;0.69239990;22.52;0.021511;0.000417
CW;709;35;35.00;110.00;50;-0.42264990;0.70195000;22.50;0.022939;0.003889;-0.42964996;0.68925020;22.53;0.016587;0.002131
CCW;710;315;-45.00;-80.00;50;-0.43235000;0.69195010;22.55;0.019995;0.006235;-0.42660008;0.69665016;22.53;0.020393;-0.000254
CW;711;350;-10.00;35.00;50;-0.43084992;0.69439980;22.52;0.021616;0.006055;-0.42679996;0.69224990;22.50;0.018809;0.000427
CCW;712;335;-25.00;-15.00;50;-0.42820008;0.70255010;22.51;0.021135;0.006245;-0.43370004;0.69895000;22.51;0.018569;0.000142
CCW;713;300;-60.00;-35.00;50;-0.42699990;0.69114990;22.50;0.019309;0.006233;-0.42909996;0.70415030;22.50;0.020869;-0.000037
CW;714;320;-40.00;20.00;50;-0.43284990;0.70090000;22.52;0.019951;0.006672;-0.43085004;0.69630000;22.54;0.020642;-0.000117
CCW;715;260;-100.00;-60.00;50;-0.43314990;0.68140024;22.50;0.016201;0.005405;-0.42429992;0.68915016;22.53;0.022493;0.002051
CCW;716;115;-245.00;-145.00;50;-0.43144990;0.69450000;22.50;0.020771;0.000366;-0.43234980;0.69069980;22.50;0.018865;0.006245
CCW;717;0;-360.00;-115.00;50;-0.44814992;0.69615000;22.49;0.022073;0.005852;-0.43114992;0.69709990;22.50;0.017231;0.000686
CCW;718;215;-145.00;-145.00;50;-0.43130004;0.68800010;22.50;0.017134;0.003193;-0.42600010;0.68595020;22.50;0.022554;0.003899
CCW;719;145;-215.00;-70.00;50;-0.41854996;0.70215000;22.48;0.019197;0.000278;-0.43769990;0.70245030;22.50;0.020408;0.006299
CW;720;265;-95.00;120.00;50;-0.43600010;0.69660000;22.50;0.016995;0.005315;-0.42905016;0.68900000;22.50;0.022231;0.001267
CCW;721;120;-240.00;-145.00;50;-0.43065000;0.69540000;22.50;0.020259;0.000305;-0.42980012;0.69910000;22.50;0.018801;0.006475
CCW;722;90;-270.00;-30.00;50;-0.43210000;0.69935008;22.46;0.022793;0.001057;-0.43895010;0.69054990;22.44;0.018042;0.005369
CCW;723;0;-360.00;-90.00;50;-0.44245000;0.69319990;22.49;0.021765;0.005559;-0.43270024;0.69540008;22.45;0.017637;0.000933
CW;724;95;-265.00;95.00;50;-0.43415000;0.70020000;22.45;0.021833;0.000857;-0.43230000;0.69334990;22.38;0.018054;0.005657
CCW;725;55;-305.00;-40.00;50;-0.44624996;0.70795008;22.38;0.022861;0.002944;-0.43859996;0.70280048;22.37;0.016831;0.003921
CCW;726;320;-400.00;-95.00;50;-0.43694996;0.70290024;22.31;0.020122;0.006726;-0.42534990;0.70960016;22.32;0.019763;0.000229
CW;727;355;-365.00;35.00;50;-0.42369992;0.70894980;22.30;0.021411;0.005681;-0.42655000;0.70640020;22.28;0.017791;0.001016
CW;728;160;-200.00;165.00;50;-0.42874992;0.71150000;22.30;0.018906;0.000234;-0.43340004;0.70460030;22.30;0.021790;0.006128
CCW;729;150;-210.00;-10.00;50;-0.41115012;0.70915000;22.24;0.018574;0.000173;-0.43270008;0.72089992;22.23;0.020010;0.006316
CCW;730;10;-350.00;-140.00;50;-0.43870000;0.71009992;22.22;0.022410;0.005159;-0.43120008;0.71229992;22.23;0.017749;0.001606
CW;731;20;-340.00;10.00;50;-0.43960016;0.70985000;22.12;0.022830;0.004700;-0.43120008;0.71624992;22.10;0.017461;0.002061
CW;732;145;-215.00;125.00;50;-0.42994984;0.72494990;22.07;0.019238;0.000354;-0.43819990;0.72289980;22.12;0.020459;0.006309
CCW;733;80;-280.00;-65.00;50;-0.42919990;0.71604990;22.11;0.021917;0.001890;-0.42674992;0.72015000;22.13;0.017310;0.004912
CCW;734;30;-330.00;-50.00;50;-0.42945004;0.71935000;22.11;0.022556;0.004307;-0.42705008;0.70230020;22.08;0.016589;0.002605
CCW;735;270;-90.00;-90.00;50;-0.42950000;0.71899984;22.05;0.018406;0.005583;-0.43720004;0.72809976;22.02;0.022808;0.001128
CW;736;300;-60.00;30.00;50;-0.42809990;0.72185016;22.04;0.018879;0.006616;-0.42580008;0.71969984;22.07;0.021763;-0.000017
CCW;737;135;-225.00;-165.00;50;-0.42189990;0.72449980;22.04;0.020032;0.000393;-0.43129992;0.72205000;22.07;0.020510;0.006628
CCW;738;315;-45.00;-45.00;50;-0.44220000;0.71940000;22.09;0.020278;0.006467;-0.42825000;0.71425000;22.14;0.020854;-0.000164
CCW;739;280;-80.00;-35.00;50;-0.43390000;0.71665000;22.11;0.017830;0.005876;-0.43884990;0.72809960;22.11;0.022598;0.001003
CW;740;45;45.00;125.00;50;-0.42635008;0.72974976;22.11;0.023303;0.003596;-0.42865000;0.71359990;22.12;0.016973;0.002971
CW;741;205;205.00;160.00;50;-0.43299996;0.71705010;22.08;0.018164;0.002090;-0.42425010;0.71405008;22.11;0.022761;0.004451
CCW;742;60;60.00;-145.00;50;-0.43429992;0.70645020;22.18;0.023293;0.002778;-0.42489992;0.70995000;22.23;0.017234;0.004292
CCW;743;260;-100.00;-160.00;50;-0.42619992;0.71250000;22.25;0.017380;0.005229;-0.42550000;0.71450000;22.19;0.022800;0.001699
CCW;744;130;-230.00;-130.00;50;-0.43420016;0.72459980;22.16;0.019783;0.000288;-0.42994990;0.71214980;22.21;0.020151;0.006592
CW;745;170;-190.00;40.00;50;-0.42914988;0.72059990;22.18;0.018130;0.000579;-0.43780000;0.71469984;22.23;0.022163;0.005945
CCW;746;5;-355.00;-165.00;50;-0.42414992;0.71789970;22.21;0.022483;0.005676;-0.42279996;0.71544976;22.20;0.017947;0.001372
CCW;747;255;-105.00;-105.00;50;-0.43439988;0.71845000;22.17;0.017346;0.004792;-0.42820000;0.72210000;22.22;0.022678;0.001768
CW;748;335;-25.00;80.00;50;-0.44434988;0.71575000;22.21;0.021885;0.006387;-0.43154988;0.71435010;22.23;0.019351;0.000313
CW;749;345;-15.00;10.00;50;-0.43944990;0.70764992;22.26;0.021367;0.006267;-0.42925004;0.72994990;22.25;0.019080;0.000420
CW;750;40;40.00;55.00;50;-0.43084992;0.72284990;22.19;0.023342;0.003552;-0.42999984;0.71430010;22.22;0.017983;0.002905
CW;751;100;100.00;60.00;50;-0.41999992;0.71695020;22.19;0.022014;0.000767;-0.41724984;0.71729980;22.19;0.018892;0.005645
CCW;752;65;65.00;-35.00;50;-0.43170004;0.72149980;22.21;0.023354;0.002168;-0.42730000;0.71095000;22.20;0.018428;0.004036
CW;753;110;110.00;45.00;50;-0.42495016;0.72254980;22.16;0.021279;0.000513;-0.42855000;0.71040010;22.24;0.019365;0.006208
CW;754;285;285.00;175.00;50;-0.43330000;0.71845000;22.23;0.019561;0.006370;-0.43245004;0.71955000;22.26;0.022454;0.000571
CCW;755;125;125.00;-160.00;50;-0.43079988;0.70985016;22.22;0.020142;0.000234;-0.42760000;0.71195000;22.30;0.020000;0.006777
CCW;756;50;50.00;-75.00;50;-0.42924990;0.71730008;22.17;0.022844;0.003230;-0.42415004;0.71649990;22.24;0.017158;0.003513
CCW;757;290;-70.00;-120.00;50;-0.43119980;0.71769992;22.23;0.018623;0.006013;-0.42594996;0.72894990;22.30;0.021978;0.000442
CW;758;325;-35.00;35.00;50;-0.42240012;0.71600010;22.22;0.020505;0.006426;-0.42020004;0.70775010;22.24;0.019265;0.000042
CCW;759;250;-110.00;-75.00;50;-0.42610000;0.70940040;22.26;0.017568;0.004539;-0.43459990;0.72114980;22.30;0.023540;0.002129
CCW;760;225;-135.00;-25.00;50;-0.42534980;0.70889990;22.25;0.017168;0.003640;-0.44194988;0.72674970;22.29;0.023284;0.003325
CCW;761;190;-170.00;-35.00;50;-0.42619980;0.72434970;22.26;0.017231;0.001582;-0.43749988;0.71530010;22.16;0.022764;0.004990
CW;762;240;-120.00;50.00;50;-0.42659992;0.70764980;22.27;0.017693;0.004390;-0.42840004;0.71174970;22.26;0.021897;0.002681
CW;763;330;-30.00;90.00;50;-0.42680000;0.71475008;22.28;0.020708;0.006726;-0.43285004;0.70724980;22.29;0.019814;0.000576
CW;764;350;-10.00;20.00;50;-0.43055000;0.71330010;22.29;0.022361;0.005964;-0.43045000;0.70894980;22.29;0.019517;0.000557
CCW;765;180;-180.00;-170.00;50;-0.43424996;0.71764976;22.23;0.018147;0.001145;-0.43020008;0.70955010;22.27;0.022593;0.005701
CCW;766;35;-325.00;-145.00;50;-0.42060008;0.72949960;22.25;0.023679;0.004209;-0.42009992;0.71914976;22.18;0.016689;0.003037
CW;767;155;-205.00;120.00;50;-0.42135008;0.72225000;22.24;0.019697;0.000422;-0.42709990;0.72469980;22.16;0.021003;0.006350
CW;768;230;-130.00;75.00;50;-0.42800008;0.71044992;22.19;0.016316;0.003901;-0.43529988;0.72969980;22.24;0.023208;0.003057
CCW;769;185;-175.00;-45.00;50;-0.43444990;0.71815010;22.22;0.017598;0.001338;-0.44035004;0.71450008;22.13;0.022324;0.005334
CCW;770;140;-220.00;-45.00;50;-0.41265000;0.72424990;22.16;0.019868;0.000310;-0.43650000;0.72354990;22.05;0.020232;0.006658
CCW;771;340;-380.00;-160.00;50;-0.43384990;0.72564970;22.01;0.021206;0.006484;-0.42015008;0.73269990;22.03;0.019060;0.000598
CCW;772;215;-145.00;-145.00;50;-0.44069992;0.71905000;22.00;0.018269;0.002708;-0.41885012;0.74024980;22.00;0.023552;0.003887
CCW;773;200;-160.00;-15.00;50;-0.42569992;0.73159976;22.00;0.017214;0.002112;-0.43120000;0.73805016;22.00;0.023176;0.004934
CCW;774;105;-255.00;-95.00;50;-0.43350004;0.73225000;22.00;0.020989;0.000945;-0.44499992;0.73000010;22.00;0.018857;0.006501
CCW;775;295;-65.00;-65.00;50;-0.43635000;0.72395016;22.00;0.019438;0.006545;-0.42359992;0.72589980;22.00;0.021877;0.000449
CCW;776;235;-125.00;-60.00;50;-0.42185010;0.72609990;22.00;0.016765;0.004014;-0.42469996;0.73070040;22.00;0.022566;0.003074
CCW;777;75;-285.00;-160.00;50;-0.42744992;0.72559960;22.00;0.022583;0.001743;-0.43055000;0.72229980;21.99;0.017219;0.004973
CCW;778;15;-345.00;-60.00;50;-0.44809992;0.73069990;22.00;0.022107;0.005110;-0.42850004;0.72504990;21.96;0.016941;0.001904
CW;779;115;-245.00;100.00;50;-0.44265010;0.73324990;22.00;0.020972;0.000464;-0.44879992;0.72499984;22.00;0.019282;0.006519
CW;780;175;-185.00;60.00;50;-0.42404992;0.72035000;21.98;0.017786;0.001052;-0.43055000;0.71649984;22.00;0.022861;0.005718
CCW;781;85;-275.00;-90.00;50;-0.42515000;0.72909984;21.97;0.023098;0.001382;-0.43270000;0.73470010;21.97;0.018223;0.005764
CW;782;165;-195.00;80.00;50;-0.43340000;0.72884960;21.96;0.018699;0.000957;-0.44050010;0.72549984;21.92;0.021423;0.006250
CW;783;305;-55.00;140.00;50;-0.43154990;0.72389980;21.91;0.020088;0.006421;-0.42150012;0.73890008;21.92;0.021553;0.000010
CCW;784;195;-165.00;-110.00;50;-0.42304996;0.73989980;21.91;0.015801;0.002117;-0.44374996;0.73839980;21.93;0.022659;0.005229
CW;785;210;-150.00;15.00;50;-0.42714996;0.72110010;21.88;0.017009;0.002905;-0.43249992;0.73049980;21.85;0.023118;0.004387
CW;786;265;-95.00;55.00;50;-0.42575004;0.72169984;21.87;0.018777;0.005608;-0.43079988;0.73850000;21.87;0.022959;0.002046
CCW;787;245;-115.00;-20.00;50;-0.43324984;0.73945030;21.92;0.017256;0.004639;-0.44185010;0.73424992;21.91;0.023630;0.002805
CCW;788;70;-290.00;-175.00;50;-0.42429990;0.74675024;21.86;0.022974;0.002310;-0.42565000;0.72975000;21.87;0.017888;0.004714
CCW;789;310;-50.00;-50.00;50;-0.42230008;0.73700010;21.83;0.020024;0.006687;-0.42379990;0.73460000;21.83;0.021018;0.000234
CCW;790;275;-85.00;-35.00;50;-0.44050000;0.71745010;21.80;0.017517;0.006079;-0.43965000;0.72854980;21.80;0.022629;0.000928
CCW;791;220;-140.00;-55.00;50;-0.43740004;0.74375020;21.80;0.016921;0.003220;-0.43504992;0.74255040;21.80;0.023525;0.003826
CW;792;25;25.00;165.00;50;-0.43825000;0.73440016;21.80;0.023428;0.004668;-0.43219990;0.73699980;21.81;0.018015;0.002258
CW;793;30;30.00;5.00;50;-0.43585000;0.74890020;21.80;0.023855;0.004377;-0.42129996;0.74914984;21.80;0.016809;0.003015
CCW;794;325;-35.00;-65.00;50;-0.42374996;0.74239976;21.80;0.020122;0.006338;-0.43055000;0.74830040;21.76;0.019800;0.000476
CCW;795;200;-160.00;-125.00;50;-0.43200008;0.73785010;21.69;0.017549;0.002344;-0.42615000;0.75620024;21.64;0.023245;0.004851
CW;796;320;-40.00;120.00;50;-0.44349984;0.74455010;21.69;0.021067;0.006685;-0.42194996;0.75175010;21.68;0.020164;0.000239
CCW;797;215;-145.00;-105.00;50;-0.41495000;0.74750008;21.62;0.017844;0.003052;-0.45669992;0.75564976;21.58;0.021821;0.004519
CW;798;290;-70.00;75.00;50;-0.44100000;0.74165020;21.51;0.019028;0.006636;-0.42649992;0.75799980;21.50;0.022429;0.000647
CW;799;15;15.00;85.00;50;-0.42324980;0.75555000;21.50;0.023523;0.005352;-0.42754996;0.74710030;21.50;0.018086;0.001631
CCW;800;310;-50.00;-65.00;50;-0.43575010;0.76039976;21.51;0.020579;0.006841;-0.43540000;0.75580024;21.50;0.021077;0.000662
CCW;801;185;-175.00;-125.00;50;-0.43804980;0.75380000;21.50;0.018176;0.001768;-0.45009976;0.75934980;21.50;0.022561;0.005718
CCW;802;40;-320.00;-145.00;50;-0.43295000;0.76225000;21.45;0.023599;0.003887;-0.43549990;0.75505010;21.44;0.018120;0.003372
CCW;803;345;-375.00;-55.00;50;-0.43179984;0.76085016;21.48;0.021802;0.006670;-0.43800016;0.76784984;21.39;0.019595;0.000947
CCW;804;275;-85.00;-85.00;50;-0.44020012;0.75914984;21.30;0.018564;0.006160;-0.44614992;0.76505010;21.31;0.022749;0.001667
CCW;805;260;-100.00;-15.00;50;-0.43555004;0.75430024;21.23;0.018086;0.005464;-0.43635004;0.77195008;21.26;0.023513;0.002090
CCW;806;240;-120.00;-20.00;50;-0.43765000;0.76040008;21.18;0.016833;0.004780;-0.43385010;0.76669976;21.21;0.024128;0.003040
CCW;807;150;-210.00;-90.00;50;-0.43395000;0.76619990;21.25;0.020159;0.000864;-0.44295000;0.75865008;21.27;0.022131;0.006716
CCW;808;10;-350.00;-140.00;50;-0.43840000;0.76175000;21.21;0.023391;0.005779;-0.43120000;0.75550010;21.14;0.018052;0.001899
CW;809;125;-235.00;115.00;50;-0.41540008;0.75660016;21.12;0.021035;0.000786;-0.43409984;0.76994980;21.22;0.020288;0.007051
CW;810;295;-65.00;170.00;50;-0.43104992;0.77114980;21.26;0.019521;0.006765;-0.42335000;0.76775000;21.30;0.022173;0.000698
CW;811;110;110.00;175.00;50;-0.43920000;0.77209984;21.24;0.022275;0.001033;-0.44295008;0.75914984;21.27;0.019885;0.006628
CCW;812;45;45.00;-65.00;50;-0.43789996;0.77919990;21.29;0.024236;0.003745;-0.43829996;0.75814990;21.25;0.017593;0.003542
CCW;813;305;-55.00;-100.00;50;-0.43820010;0.76869980;21.37;0.020071;0.006919;-0.42754992;0.77994990;21.34;0.021677;0.000713
CW;814;85;85.00;140.00;50;-0.43015000;0.76005020;21.37;0.023193;0.001802;-0.43910000;0.76109992;21.37;0.017920;0.005723
CCW;815;65;65.00;-20.00;50;-0.43195004;0.76515000;21.29;0.023274;0.002654;-0.42770000;0.76005008;21.26;0.017241;0.004612
CW;816;90;90.00;25.00;50;-0.44084990;0.76695016;21.31;0.023394;0.001565;-0.43375008;0.75535020;21.34;0.018523;0.005869
CW;817;135;135.00;45.00;50;-0.44739990;0.75450050;21.34;0.021570;0.000593;-0.43530004;0.76485010;21.34;0.020791;0.007048
CW;818;155;155.00;20.00;50;-0.42695000;0.76485000;21.35;0.019136;0.000615;-0.44215000;0.75775000;21.36;0.022131;0.006465
CW;819;180;180.00;25.00;50;-0.43424988;0.75340000;21.45;0.018826;0.001472;-0.43445000;0.75425016;21.44;0.022930;0.006177
CCW;820;50;50.00;-130.00;50;-0.44479996;0.76180016;21.46;0.022847;0.003630;-0.44669984;0.74235032;21.50;0.016758;0.003899
CCW;821;35;35.00;-15.00;50;-0.44029990;0.75785008;21.50;0.023931;0.004211;-0.43080000;0.75095010;21.50;0.017871;0.002827
CCW;822;280;-80.00;-115.00;50;-0.43265004;0.74780008;21.51;0.018833;0.006362;-0.43690000;0.75225020;21.50;0.022551;0.001104
CW;823;70;70.00;150.00;50;-0.43510004;0.75270010;21.51;0.023083;0.002654;-0.44014996;0.74125040;21.53;0.018000;0.004744
CW;824;120;120.00;50.00;50;-0.44004996;0.75429992;21.52;0.021235;0.000706;-0.44215000;0.74500000;21.50;0.020889;0.006924
CCW;825;330;-30.00;-150.00;50;-0.43229988;0.74490010;21.53;0.021409;0.006704;-0.43740004;0.74925020;21.51;0.020400;0.000684
CCW;826;265;-95.00;-65.00;50;-0.43550012;0.74335010;21.53;0.018303;0.005701;-0.44335000;0.74995010;21.57;0.023203;0.001609
CW;827;80;80.00;175.00;50;-0.43845004;0.75429992;21.52;0.023484;0.001836;-0.44029996;0.74080030;21.52;0.018271;0.005076
CW;828;220;220.00;140.00;50;-0.42239996;0.73930024;21.57;0.018245;0.003013;-0.42994984;0.75455010;21.54;0.023577;0.003960
CCW;829;105;105.00;-115.00;50;-0.43169990;0.75880000;21.57;0.022214;0.001023;-0.43404996;0.75630000;21.54;0.018965;0.006731
CW;830;250;250.00;145.00;50;-0.43699984;0.74925020;21.58;0.017781;0.005046;-0.42830000;0.76005010;21.56;0.024744;0.002080
CCW;831;225;225.00;-25.00;50;-0.43500008;0.75130000;21.58;0.017661;0.003594;-0.43055000;0.73970024;21.56;0.023767;0.003691
CW;832;25;385.00;160.00;50;-0.42234984;0.74625020;21.58;0.023630;0.004890;-0.43859992;0.74255020;21.62;0.017722;0.002014
CW;833;145;145.00;145.00;50;-0.44044996;0.74920000;21.55;0.020520;0.000923;-0.43599996;0.75364980;21.64;0.019277;0.006990
CCW;834;115;115.00;-30.00;50;-0.42989990;0.75890030;21.55;0.021274;0.001013;-0.44260008;0.74500008;21.54;0.018894;0.006826
CW;835;175;175.00;60.00;50;-0.43234990;0.74705010;21.58;0.018970;0.001265;-0.43534988;0.74690040;21.53;0.023105;0.006340
CW;836;335;335.00;160.00;50;-0.44154996;0.75760000;21.61;0.022434;0.006694;-0.42424984;0.74415010;21.52;0.020989;0.000298
CW;837;95;95.00;95.00;50;-0.44459988;0.75385010;21.58;0.022822;0.000947;-0.42519980;0.75100000;21.50;0.017954;0.006240
CW;838;140;140.00;45.00;50;-0.43780000;0.74995008;21.53;0.020703;0.000481;-0.43209990;0.75235010;21.50;0.021208;0.007053
CW;839;285;285.00;145.00;50;-0.43110000;0.75680020;21.50;0.018623;0.006580;-0.42285008;0.74660020;21.48;0.022627;0.001208
CCW;840;230;230.00;-55.00;50;-0.42765016;0.75300000;21.47;0.017146;0.003936;-0.43014984;0.75290008;21.50;0.023811;0.003645
CCW;841;160;160.00;-70.00;50;-0.42244996;0.74840010;21.48;0.018755;0.000894;-0.44554996;0.76730000;21.39;0.021118;0.006519
CW;842;165;165.00;5.00;50;-0.43500008;0.76180016;21.46;0.019163;0.000989;-0.43479990;0.75630000;21.50;0.022695;0.006411
CW;843;195;195.00;30.00;50;-0.43220000;0.74280010;21.49;0.018042;0.002087;-0.43969990;0.75285020;21.43;0.023369;0.005437
CW;844;315;315.00;120.00;50;-0.44220008;0.74345010;21.46;0.021562;0.006492;-0.42704990;0.75470008;21.47;0.021765;0.000330
CCW;845;205;205.00;-110.00;50;-0.43085000;0.75665010;21.48;0.017761;0.002627;-0.42855012;0.75520000;21.48;0.023572;0.004856
CCW;846;75;75.00;-130.00;50;-0.43279988;0.74510010;21.47;0.023740;0.002402;-0.43690004;0.75110000;21.47;0.018330;0.005183
CW;847;190;190.00;115.00;50;-0.43420000;0.74395024;21.47;0.018367;0.001831;-0.43920004;0.76295000;21.47;0.023059;0.005588
CW;848;245;245.00;55.00;50;-0.42990004;0.74580010;21.47;0.016938;0.004585;-0.43490000;0.75770000;21.50;0.024133;0.002815
CW;849;20;380.00;135.00;50;-0.42740004;0.74484990;21.50;0.023215;0.005178;-0.43084990;0.75500000;21.50;0.018623;0.001902
CCW;850;210;210.00;-170.00;50;-0.43095016;0.74825010;21.50;0.017756;0.002734;-0.43575004;0.76075030;21.50;0.023125;0.004575
CW;851;255;255.00;45.00;50;-0.43690010;0.75144990;21.50;0.018215;0.005269;-0.43359984;0.75960000;21.54;0.023689;0.002349
CW;852;5;365.00;110.00;50;-0.43584988;0.75200020;21.52;0.022246;0.005593;-0.43349988;0.74190010;21.55;0.018804;0.001421
CCW;853;340;340.00;-25.00;50;-0.44135000;0.74115024;21.52;0.021797;0.006675;-0.42924992;0.74874990;21.50;0.020278;0.000571
CW;854;130;130.00;130.00;50;-0.43250004;0.75685010;21.50;0.020930;0.000994;-0.44255000;0.74390024;21.51;0.020210;0.006978
CCW;855;355;-5.00;-135.00;50;-0.44344988;0.74585000;21.58;0.022271;0.006409;-0.44265000;0.74000000;21.51;0.018914;0.001035
CCW;856;235;-125.00;-120.00;50;-0.43805010;0.74425010;21.60;0.017258;0.004121;-0.44315010;0.75295000;21.57;0.023447;0.003193
CCW;857;100;-260.00;-135.00;50;-0.44020010;0.74790024;21.66;0.021877;0.001108;-0.43859988;0.74085024;21.68;0.018831;0.006157
CW;858;170;-190.00;70.00;50;-0.43790000;0.74155040;21.70;0.018320;0.001091;-0.44610000;0.74155024;21.69;0.022065;0.006284
CCW;859;55;-305.00;-115.00;50;-0.43524992;0.74555010;21.75;0.023665;0.002866;-0.42885016;0.74295016;21.71;0.017319;0.004087
CW;860;60;-300.00;5.00;50;-0.44100000;0.74420008;21.76;0.023337;0.002732;-0.43679996;0.74000010;21.67;0.016970;0.004316
CCW;861;270;-90.00;-90.00;50;-0.42749996;0.74100008;21.76;0.019255;0.006042;-0.44415000;0.73974990;21.71;0.022542;0.001543
CW;862;300;-60.00;30.00;50;-0.44864984;0.73950030;21.80;0.019785;0.006465;-0.43680012;0.73915020;21.80;0.022417;0.000867
CW;863;0;0.00;60.00;50;-0.45310004;0.74765000;21.80;0.021936;0.005945;-0.43875000;0.73610000;21.79;0.020234;0.001018
CCW;864;350;-10.00;-10.00;50;-0.43855004;0.74525010;21.80;0.021799;0.006038;-0.41800000;0.74270030;21.80;0.018989;0.000720
CCW;865;195;-165.00;-155.00;50;-0.43770000;0.73094990;21.80;0.017192;0.001980;-0.43039980;0.73790030;21.80;0.023496;0.004971
CCW;866;115;-245.00;-80.00;50;-0.43845012;0.72690030;21.80;0.021396;0.000315;-0.44594972;0.73405016;21.75;0.018923;0.006316
CW;867;125;-235.00;10.00;50;-0.42950004;0.74095016;21.80;0.021191;0.000579;-0.44125000;0.74009980;21.75;0.020156;0.006748
CCW;868;10;-350.00;-115.00;50;-0.42559992;0.73710000;21.80;0.023020;0.005640;-0.43580000;0.74095020;21.80;0.018215;0.001848
CW;869;155;-205.00;145.00;50;-0.42814992;0.75254992;21.80;0.018721;0.000564;-0.43039976;0.74950000;21.80;0.021941;0.006484
CCW;870;20;-340.00;-135.00;50;-0.43359990;0.74380000;21.80;0.023098;0.005018;-0.43065000;0.74200030;21.80;0.017534;0.002292
CCW;871;340;-380.00;-40.00;50;-0.42939988;0.74390008;21.78;0.021550;0.006484;-0.43100004;0.73650000;21.76;0.019380;0.000623
CCW;872;325;-395.00;-15.00;50;-0.43480008;0.74860030;21.75;0.021257;0.006743;-0.42855020;0.73560024;21.75;0.019736;0.000459
CCW;873;190;-170.00;-170.00;50;-0.42565004;0.73549984;21.75;0.018354;0.001829;-0.43895000;0.74334990;21.68;0.023196;0.005447
CW;874;235;-125.00;45.00;50;-0.43524984;0.73804990;21.65;0.017061;0.004138;-0.43209992;0.74450030;21.68;0.022808;0.003384
CCW;875;145;-215.00;-90.00;50;-0.43104992;0.74865030;21.64;0.019761;0.000645;-0.43344984;0.74779992;21.68;0.021958;0.006719
CCW;876;15;-345.00;-130.00;50;-0.44010000;0.75529980;21.66;0.023069;0.005339;-0.43435010;0.74925010;21.63;0.017913;0.002017
CW;877;110;-250.00;95.00;50;-0.42905000;0.74820030;21.59;0.021277;0.001018;-0.43064990;0.74500010;21.61;0.019106;0.006577
CCW;878;45;-315.00;-65.00;50;-0.43975000;0.74170030;21.67;0.023269;0.003623;-0.44024996;0.73830010;21.60;0.017400;0.003428
CW;879;55;-305.00;10.00;50;-0.43810010;0.74250010;21.62;0.023303;0.003171;-0.43195004;0.74355024;21.61;0.017773;0.003960
CCW;880;240;-120.00;-120.00;50;-0.42749992;0.73480000;21.65;0.017830;0.004546;-0.42419992;0.74840000;21.60;0.023577;0.002925
CW;881;300;-60.00;60.00;50;-0.42589992;0.74925010;21.65;0.019480;0.007029;-0.43234992;0.75950020;21.63;0.022734;0.000459
CCW;882;225;-135.00;-75.00;50;-0.42730004;0.73874990;21.67;0.017827;0.003638;-0.44274984;0.74090000;21.74;0.022864;0.003557
CW;883;335;-25.00;110.00;50;-0.43629990;0.74275016;21.63;0.021758;0.006541;-0.42654992;0.75100000;21.64;0.019719;0.000579
CCW;884;305;-55.00;-30.00;50;-0.42360000;0.74490030;21.56;0.019702;0.006567;-0.43560004;0.75170020;21.64;0.021755;0.000447
CW;885;90;90.00;145.00;50;-0.42770000;0.74999980;21.57;0.023516;0.001462;-0.43805004;0.73154990;21.63;0.019849;0.005293
CW;886;95;95.00;5.00;50;-0.42494992;0.73570024;21.67;0.023079;0.001353;-0.43294984;0.74075016;21.63;0.018696;0.005967
CCW;887;35;35.00;-60.00;50;-0.43530016;0.75350000;21.66;0.023364;0.004343;-0.44070008;0.73784970;21.64;0.018032;0.002771
CCW;888;220;-140.00;-175.00;50;-0.43350004;0.74040016;21.60;0.016953;0.003442;-0.42594992;0.75295016;21.62;0.023582;0.004067
CW;889;320;-40.00;100.00;50;-0.44035012;0.74655016;21.64;0.021440;0.007007;-0.42485000;0.73800016;21.63;0.020278;0.000605
CCW;890;270;-90.00;-50.00;50;-0.43165004;0.74804984;21.58;0.019824;0.005520;-0.42905010;0.75050000;21.63;0.021985;0.001272
CCW;891;230;-130.00;-40.00;50;-0.43299990;0.75060030;21.66;0.017097;0.003928;-0.43880000;0.74955000;21.64;0.023328;0.003398
CCW;892;200;-160.00;-30.00;50;-0.43615000;0.74640010;21.64;0.016909;0.002417;-0.43000004;0.74920010;21.64;0.023293;0.005193
CW;893;205;-155.00;5.00;50;-0.42155004;0.74295016;21.62;0.017522;0.002603;-0.43970000;0.73850010;21.63;0.022788;0.005015
CW;894;275;-85.00;70.00;50;-0.43660004;0.73560010;21.64;0.018589;0.006025;-0.43170000;0.75515030;21.66;0.023210;0.001240
CCW;895;175;-185.00;-100.00;50;-0.42819990;0.74575020;21.63;0.018030;0.001392;-0.42725020;0.74665020;21.69;0.022720;0.005667
CW;896;260;-100.00;85.00;50;-0.43514988;0.74205010;21.69;0.018433;0.005308;-0.42225008;0.75350000;21.69;0.023162;0.001965
CCW;897;140;-220.00;-120.00;50;-0.43560004;0.75034976;21.76;0.020244;0.000339;-0.44644988;0.75699990;21.66;0.020835;0.006919
CW;898;210;-150.00;70.00;50;-0.42599988;0.73755000;21.70;0.016265;0.002827;-0.44055010;0.74899984;21.67;0.023438;0.004556
CCW;899;40;-320.00;-170.00;50;-0.42574980;0.75085010;21.59;0.023530;0.004182;-0.43449992;0.74480010;21.66;0.017375;0.003289
CCW;900;265;-95.00;-95.00;50;-0.42829990;0.73430010;21.59;0.018037;0.005728;-0.43049992;0.75020000;21.62;0.022966;0.001868
CW;901;310;-50.00;45.00;50;-0.43365004;0.74300020;21.57;0.020186;0.006675;-0.42400000;0.74790000;21.60;0.020613;0.000933
CCW;902;255;-105.00;-55.00;50;-0.43659984;0.74360000;21.60;0.017803;0.005181;-0.43534990;0.75755008;21.60;0.023303;0.001963
CW;903;5;5.00;110.00;50;-0.44064996;0.74835020;21.58;0.022817;0.005720;-0.42570010;0.74125010;21.61;0.018535;0.001204
CW;904;100;100.00;95.00;50;-0.43960008;0.75645008;21.64;0.022666;0.001155;-0.43059990;0.75100020;21.62;0.019739;0.006194
CW;905;185;185.00;85.00;50;-0.43350010;0.74149980;21.60;0.018362;0.001516;-0.42529990;0.74990000;21.61;0.022791;0.005862
CCW;906;160;160.00;-25.00;50;-0.43244990;0.74925040;21.64;0.018733;0.000906;-0.44390000;0.75110024;21.59;0.021858;0.006667
CW;907;215;215.00;55.00;50;-0.43224988;0.74655000;21.66;0.017710;0.002815;-0.42745008;0.74095032;21.65;0.023608;0.004126
CCW;908;105;105.00;-110.00;50;-0.43149988;0.73990010;21.59;0.022078;0.001086;-0.43470000;0.74785024;21.57;0.019509;0.006357
CCW;909;25;25.00;-80.00;50;-0.43925008;0.73845010;21.65;0.022971;0.004810;-0.43975008;0.75310000;21.67;0.017856;0.002498
CW;910;150;150.00;125.00;50;-0.43235000;0.74985032;21.60;0.019932;0.000613;-0.43144992;0.75810020;21.61;0.021919;0.006877
CCW;911;80;80.00;-70.00;50;-0.44225000;0.75625020;21.58;0.022498;0.002048;-0.43770016;0.73569984;21.58;0.018352;0.005249
CCW;912;355;-5.00;-85.00;50;-0.43180000;0.75335020;21.65;0.022451;0.005906;-0.42595008;0.75315020;21.64;0.018853;0.001040
CCW;913;345;-15.00;-10.00;50;-0.44135000;0.75475010;21.59;0.021870;0.006343;-0.43560004;0.75099980;21.60;0.019512;0.001008
CCW;914;290;-70.00;-55.00;50;-0.44244992;0.74235020;21.63;0.019058;0.006265;-0.44100000;0.74550020;21.60;0.022285;0.000950
CW;915;75;75.00;145.00;50;-0.43624990;0.74875020;21.55;0.023726;0.002048;-0.43274990;0.74575008;21.62;0.018508;0.004949
CCW;916;0;0.00;-75.00;50;-0.43260000;0.75750024;21.61;0.022144;0.006023;-0.43900004;0.75205032;21.56;0.018989;0.001016
CW;917;120;120.00;120.00;50;-0.43469990;0.74825024;21.55;0.022146;0.000400;-0.42935000;0.74215024;21.63;0.019998;0.006956
CW;918;250;250.00;130.00;50;-0.42054990;0.75120010;21.54;0.018865;0.004473;-0.44474976;0.75045010;21.58;0.025317;0.002410
CW;919;285;285.00;35.00;50;-0.43690000;0.74065024;21.56;0.019355;0.006316;-0.43134988;0.75254992;21.58;0.023245;0.000938
CW;920;65;65.00;65.00;50;-0.43284988;0.74275010;21.55;0.022683;0.002949;-0.43345004;0.73810010;21.63;0.017063;0.004983
CW;921;180;180.00;115.00;50;-0.42420004;0.75219992;21.61;0.018618;0.001619;-0.43325008;0.74375020;21.57;0.023677;0.005735
CW;922;350;350.00;170.00;50;-0.44179996;0.74835010;21.64;0.022607;0.006233;-0.43205004;0.74255020;21.61;0.019248;0.000564
CCW;923;295;295.00;-55.00;50;-0.43625010;0.75514984;21.56;0.019480;0.006392;-0.43115000;0.75430008;21.54;0.022197;0.001177
CW;924;50;50.00;50.00;50;-0.43870016;0.74620010;21.59;0.023242;0.003582;-0.43465000;0.75225016;21.63;0.018081;0.003584
CW;925;130;130.00;80.00;50;-0.43780004;0.74885010;21.61;0.020608;0.000713;-0.44430012;0.75459990;21.61;0.019463;0.006970
CW;926;280;280.00;150.00;50;-0.43154992;0.74070024;21.59;0.019465;0.005994;-0.44015000;0.73945016;21.54;0.023193;0.001121
CCW;927;245;245.00;-35.00;50;-0.44139996;0.73725010;21.68;0.015483;0.004697;-0.44349980;0.75054984;21.66;0.024211;0.002998
CW;928;330;330.00;85.00;50;-0.44230000;0.75415020;21.61;0.021096;0.006804;-0.43175008;0.75280000;21.69;0.020242;0.000474
CW;929;60;60.00;60.00;50;-0.42854996;0.76245010;21.68;0.023289;0.003147;-0.43219988;0.73905020;21.74;0.017288;0.004075
CW;930;85;85.00;25.00;50;-0.42280004;0.75550000;21.67;0.022849;0.001919;-0.43660000;0.74935030;21.76;0.018931;0.005713
CCW;931;70;70.00;-15.00;50;-0.43174988;0.74900010;21.69;0.023440;0.002458;-0.43525010;0.75300000;21.69;0.018757;0.004929
CW;932;170;170.00;100.00;50;-0.42050016;0.74475020;21.66;0.018589;0.000876;-0.44235012;0.74775000;21.66;0.022520;0.006270
CCW;933;165;165.00;-5.00;50;-0.43435000;0.74730024;21.65;0.019231;0.000820;-0.43990000;0.74790020;21.74;0.022393;0.006289
CCW;934;30;30.00;-135.00;50;-0.44230010;0.74520030;21.72;0.023386;0.004541;-0.44544984;0.74755020;21.61;0.017725;0.002383
CW;935;135;135.00;105.00;50;-0.43470000;0.75575010;21.59;0.020562;0.000627;-0.44100000;0.74770020;21.63;0.021396;0.006738
CCW;936;315;-45.00;-180.00;50;-0.43740010;0.74065024;21.56;0.020737;0.006873;-0.42729992;0.74835000;21.60;0.021448;0.000505
CCW;937;215;-145.00;-100.00;50;-0.43240004;0.74645020;21.56;0.017327;0.003069;-0.43399988;0.74950000;21.54;0.023188;0.004243
CW;938;0;0.00;145.00;50;-0.43980000;0.76060016;21.52;0.022334;0.005823;-0.44364984;0.74295016;21.53;0.019077;0.001304
CW;939;135;135.00;135.00;50;-0.43470000;0.74715024;21.50;0.020876;0.000483;-0.44235004;0.75155030;21.50;0.021604;0.006653
CCW;940;90;90.00;-45.00;50;-0.43395000;0.74520010;21.52;0.023330;0.001411;-0.43884996;0.75355008;21.51;0.018926;0.005730
CCW;941;30;30.00;-60.00;50;-0.43325000;0.76235016;21.50;0.023950;0.004570;-0.43834996;0.74425008;21.50;0.017554;0.002646
CCW;942;210;-150.00;-180.00;50;-0.42399992;0.75025010;21.50;0.016677;0.002837;-0.44004996;0.76555010;21.50;0.023364;0.004697
CCW;943;140;-220.00;-70.00;50;-0.43069992;0.74789984;21.54;0.020283;0.000579;-0.44430010;0.75205016;21.52;0.020852;0.006631
CCW;944;35;-325.00;-105.00;50;-0.43634996;0.75120000;21.50;0.023713;0.004426;-0.42554992;0.75205010;21.51;0.018022;0.002803
CW;945;40;-320.00;5.00;50;-0.42985000;0.74470024;21.50;0.023862;0.003850;-0.43425008;0.75840000;21.50;0.017898;0.003474
CCW;946;320;-400.00;-80.00;50;-0.44335000;0.75660016;21.51;0.020405;0.006597;-0.43180000;0.75535020;21.50;0.020317;0.000625
CCW;947;265;-95.00;-95.00;50;-0.43184990;0.75025000;21.52;0.019021;0.005603;-0.43000008;0.76955000;21.59;0.023625;0.002051
CCW;948;115;-245.00;-150.00;50;-0.43549988;0.75470008;21.50;0.021443;0.000769;-0.44285008;0.76009990;21.50;0.019746;0.006470
CCW;949;95;-265.00;-20.00;50;-0.44109988;0.75840016;21.50;0.022351;0.001394;-0.43334990;0.75000020;21.52;0.018333;0.005818
CCW;950;310;-50.00;-50.00;50;-0.43464990;0.74515016;21.53;0.020476;0.006580;-0.43515000;0.76889970;21.50;0.021321;0.000322
CW;951;10;10.00;60.00;50;-0.43494976;0.76125000;21.50;0.022822;0.005383;-0.43889996;0.74965008;21.53;0.018442;0.001294
CCW;952;260;-100.00;-110.00;50;-0.44249988;0.75055000;21.50;0.017085;0.005527;-0.43794990;0.75780000;21.50;0.023293;0.001936
CW;953;275;-85.00;15.00;50;-0.43770004;0.74795040;21.50;0.018787;0.006150;-0.44495000;0.75135020;21.50;0.022896;0.001294
CW;954;80;80.00;165.00;50;-0.44609996;0.75939990;21.48;0.022949;0.002134;-0.43674996;0.75705016;21.46;0.017971;0.005474
CW;955;205;205.00;125.00;50;-0.43125008;0.75894980;21.50;0.018962;0.002161;-0.43205000;0.75585016;21.50;0.023752;0.004744
CCW;956;65;65.00;-140.00;50;-0.44739992;0.76919970;21.50;0.023623;0.002876;-0.42805004;0.74435020;21.52;0.018538;0.004634
CCW;957;55;55.00;-10.00;50;-0.43264996;0.75805016;21.50;0.023472;0.003254;-0.44200010;0.76220000;21.50;0.017808;0.004043
CW;958;105;105.00;50.00;50;-0.42969990;0.75660000;21.50;0.022727;0.001240;-0.44140016;0.74855040;21.50;0.019199;0.006455
CW;959;160;160.00;55.00;50;-0.43995000;0.73930016;21.50;0.019583;0.000994;-0.43805000;0.75320024;21.50;0.022612;0.006340
CW;960;325;325.00;165.00;50;-0.43294992;0.74525010;21.57;0.022131;0.006960;-0.42465000;0.75170000;21.55;0.021094;0.000535
CCW;961;185;185.00;-140.00;50;-0.43275000;0.75360000;21.54;0.018594;0.001426;-0.43870000;0.75065010;21.52;0.022161;0.006069
CW;962;240;240.00;55.00;50;-0.42929996;0.74790008;21.50;0.017563;0.004585;-0.43264990;0.75849990;21.55;0.023613;0.003074
CW;963;20;380.00;140.00;50;-0.43434984;0.75325008;21.50;0.023579;0.005083;-0.44399990;0.74865010;21.50;0.019207;0.001370
CCW;964;285;285.00;-95.00;50;-0.44104996;0.75159990;21.54;0.018540;0.006311;-0.42629992;0.76075000;21.50;0.023037;0.001033
CCW;965;175;175.00;-110.00;50;-0.42834990;0.74745020;21.58;0.018481;0.001238;-0.43654990;0.75130000;21.60;0.022661;0.006116
CCW;966;120;120.00;-55.00;50;-0.42984992;0.74955020;21.56;0.022039;0.000813;-0.43650000;0.75330010;21.56;0.020408;0.006665
CCW;967;330;-30.00;-150.00;50;-0.44014988;0.74525010;21.64;0.020967;0.007029;-0.41880000;0.75385020;21.56;0.019873;0.000496
CW;968;15;15.00;45.00;50;-0.43434990;0.74735016;21.61;0.023276;0.005381;-0.41755000;0.74670000;21.62;0.018623;0.002004
CCW;969;235;-125.00;-140.00;50;-0.42734988;0.75514990;21.64;0.017195;0.004336;-0.42970000;0.75725010;21.62;0.023604;0.003286
CW;970;300;-60.00;65.00;50;-0.43280000;0.76290000;21.60;0.019878;0.006753;-0.43169992;0.74795016;21.67;0.022271;0.000493
CCW;971;295;-65.00;-5.00;50;-0.43165004;0.75889984;21.65;0.018750;0.006790;-0.43580000;0.74114990;21.60;0.021069;0.000813
CCW;972;280;-80.00;-15.00;50;-0.43475000;0.74465010;21.56;0.018525;0.006160;-0.43444996;0.76005040;21.56;0.023125;0.001133
CW;973;315;-45.00;35.00;50;-0.45934988;0.74294990;21.53;0.020662;0.006648;-0.42329990;0.76034980;21.54;0.021396;0.000461
CCW;974;165;-195.00;-150.00;50;-0.43330000;0.75579970;21.52;0.018757;0.001184;-0.43159996;0.74440024;21.57;0.022454;0.006633
CCW;975;125;-235.00;-40.00;50;-0.43194996;0.75070030;21.51;0.021077;0.000632;-0.43714988;0.75445016;21.50;0.020117;0.006846
CW;976;195;-165.00;70.00;50;-0.42819996;0.74680020;21.50;0.017837;0.002041;-0.43600010;0.75160030;21.55;0.023181;0.005264
CW;977;255;-105.00;60.00;50;-0.43185000;0.74750020;21.52;0.017756;0.004995;-0.43935004;0.74770000;21.60;0.023618;0.002234
CW;978;5;5.00;110.00;50;-0.43055000;0.75445020;21.57;0.022529;0.005928;-0.42245010;0.75200020;21.58;0.019172;0.001296
CW;979;170;170.00;165.00;50;-0.41424992;0.74580024;21.60;0.019761;0.000874;-0.43385000;0.73920030;21.68;0.023340;0.006260
CCW;980;50;50.00;-120.00;50;-0.42264996;0.75134990;21.60;0.023347;0.003264;-0.42615000;0.74335010;21.63;0.017925;0.003516
CCW;981;245;-115.00;-165.00;50;-0.43504990;0.73915000;21.66;0.017314;0.004651;-0.42280010;0.73745010;21.65;0.024380;0.002412
CCW;982;145;-215.00;-100.00;50;-0.43185016;0.74319992;21.68;0.020007;0.000583;-0.42920000;0.74175040;21.66;0.021399;0.006809
CCW;983;130;-230.00;-15.00;50;-0.44450000;0.74650024;21.57;0.020935;0.000337;-0.43895000;0.73910010;21.65;0.020498;0.006648
CCW;984;350;-370.00;-140.00;50;-0.44594984;0.74090000;21.73;0.021870;0.006545;-0.44269996;0.74495020;21.75;0.018398;0.000671
CCW;985;340;-380.00;-10.00;50;-0.44210010;0.74680000;21.75;0.021826;0.006294;-0.42805004;0.74324990;21.72;0.019536;0.000693
CCW;986;250;-110.00;-110.00;50;-0.42985000;0.73494992;21.65;0.018267;0.004587;-0.43544990;0.73910010;21.72;0.023958;0.002366
CCW;987;225;-135.00;-25.00;50;-0.42809980;0.74460000;21.75;0.017722;0.003315;-0.44005010;0.74864990;21.77;0.023586;0.003591
CW;988;355;-5.00;130.00;50;-0.43854996;0.73409984;21.67;0.022568;0.006121;-0.43084990;0.73325016;21.71;0.018999;0.000916
CCW;989;305;-55.00;-50.00;50;-0.44154996;0.74350000;21.69;0.020032;0.006604;-0.43075004;0.74435020;21.70;0.021689;0.000637
CW;990;75;75.00;130.00;50;-0.44009990;0.74480000;21.67;0.023628;0.002007;-0.43795004;0.73940000;21.73;0.018569;0.004949
CCW;991;335;-25.00;-100.00;50;-0.44255008;0.75034990;21.72;0.021267;0.006443;-0.43974990;0.74415016;21.73;0.019619;0.000796
CW;992;100;100.00;125.00;50;-0.43145000;0.74614990;21.73;0.022551;0.001213;-0.42960016;0.73844980;21.67;0.019287;0.006340
CCW;993;290;-70.00;-170.00;50;-0.43500012;0.73685020;21.67;0.018860;0.006550;-0.43979988;0.75035008;21.66;0.021917;0.000754
CCW;994;190;-170.00;-100.00;50;-0.44539980;0.73905016;21.68;0.017451;0.001868;-0.43954990;0.75650000;21.66;0.023381;0.005544
CCW;995;45;-315.00;-145.00;50;-0.43885000;0.74840000;21.63;0.024478;0.003892;-0.43579984;0.74949990;21.63;0.018025;0.003826
CCW;996;345;-375.00;-60.00;50;-0.44430008;0.74430010;21.60;0.021665;0.006672;-0.42974992;0.74450000;21.69;0.018718;0.000828
CW;997;155;-205.00;170.00;50;-0.43919980;0.74920000;21.66;0.019915;0.000515;-0.44234988;0.74800010;21.62;0.021299;0.006775
CCW;998;25;-335.00;-130.00;50;-0.44220008;0.77189992;21.58;0.023123;0.005264;-0.43290008;0.74605020;21.60;0.016965;0.002920
CW;999;110;-250.00;85.00;50;-0.44334988;0.75050010;21.65;0.021760;0.000872;-0.42970000;0.74255020;21.64;0.018889;0.006653
CCW;1000;70;-290.00;-40.00;50;-0.43880004;0.75470008;21.62;0.023213;0.002495;-0.43945004;0.73980032;21.63;0.018328;0.005020
CW;1001;230;-130.00;160.00;50;-0.43795004;0.74410010;21.55;0.017190;0.004036;-0.42524996;0.75115016;21.53;0.023210;0.003313
CCW;1002;85;-275.00;-145.00;50;-0.45029984;0.74970000;21.60;0.022571;0.001885;-0.42280004;0.75269990;21.55;0.017854;0.005632
CW;1003;220;-140.00;135.00;50;-0.42885000;0.74450030;21.56;0.017251;0.003218;-0.43634990;0.74395020;21.51;0.023511;0.004033
CCW;1004;60;-300.00;-160.00;50;-0.44070000;0.75700016;21.50;0.023218;0.003115;-0.43650000;0.75115000;21.50;0.017192;0.004272
CW;1005;200;-160.00;140.00;50;-0.44304988;0.75270000;21.50;0.016428;0.002490;-0.44305012;0.76845000;21.50;0.021870;0.005171
CW;1006;270;-90.00;70.00;50;-0.43685000;0.75235000;21.48;0.017903;0.005696;-0.43755000;0.76769990;21.45;0.023223;0.001792
CCW;1007;150;-210.00;-120.00;50;-0.43265000;0.75480024;21.42;0.019985;0.001067;-0.44329984;0.76584970;21.40;0.021433;0.006917
CW;1008;180;-180.00;30.00;50;-0.44225000;0.75010000;21.35;0.017834;0.001543;-0.45464996;0.75270020;21.32;0.023450;0.005991
CCW;1009;165;-195.00;-15.00;50;-0.43905000;0.75784992;21.21;0.018735;0.001040;-0.44140008;0.75964976;21.26;0.022395;0.006584
CW;1010;235;-125.00;70.00;50;-0.44314984;0.74290040;21.31;0.017500;0.004385;-0.42759992;0.76310000;21.27;0.023770;0.003337
CCW;1011;115;-245.00;-120.00;50;-0.43170000;0.76025010;21.35;0.021575;0.000796;-0.44124992;0.77044980;21.33;0.018337;0.006692
CW;1012;275;-85.00;160.00;50;-0.43615000;0.76124984;21.38;0.018530;0.005603;-0.44269992;0.75664984;21.41;0.023435;0.001228
CCW;1013;160;-200.00;-115.00;50;-0.42204990;0.76549984;21.45;0.019719;0.000981;-0.44299984;0.75224990;21.41;0.023096;0.006421
CCW;1014;70;-290.00;-90.00;50;-0.43774996;0.75750020;21.38;0.023264;0.002441;-0.43894992;0.76044990;21.45;0.018364;0.005188
CCW;1015;305;-55.00;-55.00;50;-0.44114976;0.75945000;21.49;0.020139;0.006606;-0.43145000;0.76810024;21.47;0.021643;0.000642
CW;1016;15;15.00;70.00;50;-0.43370000;0.77205010;21.46;0.023201;0.005273;-0.42824992;0.76849990;21.48;0.018108;0.001697
CW;1017;85;85.00;70.00;50;-0.43125000;0.76614990;21.45;0.022876;0.001621;-0.43805004;0.76099990;21.45;0.019270;0.005544
CCW;1018;285;-75.00;-160.00;50;-0.43839990;0.75930030;21.44;0.018677;0.006553;-0.43980010;0.75554990;21.46;0.022375;0.001074
CW;1019;295;-65.00;10.00;50;-0.43224990;0.76934980;21.49;0.019321;0.006519;-0.42780000;0.76994976;21.47;0.021921;0.000596
CCW;1020;220;-140.00;-75.00;50;-0.44264992;0.75835010;21.50;0.016892;0.003228;-0.43509990;0.75500000;21.47;0.023364;0.003926
CCW;1021;125;-235.00;-95.00;50;-0.43650010;0.74610040;21.49;0.021858;0.000349;-0.43760000;0.75180024;21.50;0.020471;0.006565
CW;1022;170;-190.00;45.00;50;-0.43115000;0.75280000;21.50;0.019333;0.001013;-0.43599990;0.75055010;21.50;0.022942;0.006306
CCW;1023;40;-320.00;-130.00;50;-0.43929992;0.76030016;21.50;0.023291;0.004048;-0.44020010;0.75255010;21.48;0.017393;0.003176
CCW;1024;345;-375.00;-55.00;50;-0.43439990;0.76000016;21.46;0.022087;0.006565;-0.43480000;0.74860020;21.46;0.018730;0.001006
CCW;1025;225;-135.00;-135.00;50;-0.43534996;0.74755020;21.50;0.016824;0.003638;-0.43864990;0.75620010;21.49;0.024099;0.003945
CCW;1026;135;-225.00;-90.00;50;-0.43334988;0.76194984;21.50;0.021152;0.000730;-0.44954984;0.75185008;21.51;0.021050;0.006694
CW;1027;290;-70.00;155.00;50;-0.43930000;0.75720008;21.53;0.019575;0.006528;-0.43995000;0.75260020;21.52;0.022327;0.001121
CW;1028;50;50.00;120.00;50;-0.42964992;0.75290024;21.52;0.024258;0.003564;-0.41989990;0.76465000;21.51;0.016797;0.004297
CCW;1029;30;30.00;-20.00;50;-0.43415010;0.75805000;21.51;0.022993;0.004673;-0.43564980;0.74900020;21.50;0.017283;0.002815
CCW;1030;320;-40.00;-70.00;50;-0.43920000;0.75230000;21.50;0.020432;0.006729;-0.43045004;0.74745010;21.50;0.020454;0.000579
CW;1031;325;-35.00;5.00;50;-0.43905008;0.76025016;21.50;0.020549;0.006714;-0.42885000;0.75710020;21.50;0.020703;0.000403
CCW;1032;210;-150.00;-115.00;50;-0.43240000;0.76770000;21.50;0.018208;0.003108;-0.42269996;0.76635000;21.50;0.023525;0.004880
CW;1033;230;-130.00;20.00;50;-0.43160000;0.75975020;21.50;0.018159;0.003718;-0.42499996;0.76065016;21.50;0.022915;0.003516
CCW;1034;205;-155.00;-25.00;50;-0.42765000;0.75245000;21.49;0.017368;0.002480;-0.43525000;0.75475016;21.50;0.023394;0.004709
CW;1035;315;-45.00;110.00;50;-0.43640016;0.75695010;21.46;0.020679;0.006621;-0.42149992;0.77274980;21.48;0.021274;0.000520
CCW;1036;195;-165.00;-120.00;50;-0.42360020;0.74585020;21.44;0.017935;0.002217;-0.43424996;0.76254976;21.44;0.023313;0.005435
CCW;1037;120;-240.00;-75.00;50;-0.43045000;0.76085016;21.45;0.020972;0.000828;-0.42970000;0.75300010;21.50;0.019541;0.006704
CCW;1038;335;-385.00;-145.00;50;-0.43450000;0.75930000;21.45;0.021250;0.006777;-0.42750004;0.75710000;21.44;0.019561;0.000522
CW;1039;340;-380.00;5.00;50;-0.43805004;0.75565010;21.42;0.021472;0.006736;-0.43385000;0.76874984;21.45;0.019492;0.000859
CW;1040;10;-350.00;30.00;50;-0.44279988;0.75800000;21.46;0.022749;0.005647;-0.43270000;0.74975016;21.35;0.017905;0.001870
CW;1041;100;-260.00;90.00;50;-0.43644992;0.75784990;21.44;0.022720;0.001128;-0.43260000;0.76459984;21.36;0.019006;0.006301
CCW;1042;350;-370.00;-110.00;50;-0.45419980;0.74945000;21.38;0.022498;0.005693;-0.43134992;0.75809990;21.33;0.017446;0.001301
CW;1043;0;-360.00;10.00;50;-0.42595016;0.76205010;21.32;0.022029;0.006023;-0.42675010;0.75810000;21.31;0.018267;0.001392
CCW;1044;265;-95.00;-95.00;50;-0.42854990;0.75515030;21.42;0.018433;0.005864;-0.43769988;0.76054984;21.45;0.023296;0.001826
CW;1045;65;65.00;160.00;50;-0.43280004;0.76619970;21.40;0.024070;0.002476;-0.44070008;0.76619992;21.36;0.018403;0.004658
CW;1046;130;130.00;65.00;50;-0.43435000;0.76864980;21.44;0.021736;0.000642;-0.43880000;0.76410000;21.50;0.021868;0.006848
CCW;1047;20;20.00;-110.00;50;-0.43784996;0.76735016;21.50;0.023555;0.005352;-0.44294996;0.76515000;21.50;0.018333;0.002168
CW;1048;140;140.00;120.00;50;-0.43944984;0.76174984;21.44;0.021243;0.000386;-0.44125000;0.75555010;21.48;0.022302;0.006653
CW;1049;300;300.00;160.00;50;-0.42835004;0.75740000;21.48;0.020562;0.006870;-0.42579996;0.75800030;21.50;0.022441;0.000947
CCW;1050;270;270.00;-30.00;50;-0.42650000;0.75304990;21.43;0.018022;0.005950;-0.42520004;0.75944990;21.44;0.022847;0.001707
CCW;1051;95;95.00;-175.00;50;-0.43795000;0.76189990;21.38;0.022974;0.001709;-0.42905008;0.76144980;21.48;0.018848;0.005994
CW;1052;200;200.00;105.00;50;-0.42970004;0.75680020;21.45;0.018579;0.002175;-0.42964996;0.76055010;21.49;0.023521;0.005105
CW;1053;5;365.00;165.00;50;-0.44135000;0.76344984;21.45;0.022971;0.005754;-0.43510000;0.76474990;21.44;0.019773;0.001306
CCW;1054;250;250.00;-115.00;50;-0.43199990;0.76039992;21.45;0.018345;0.004783;-0.43450000;0.77134984;21.48;0.024497;0.002266
CW;1055;355;355.00;105.00;50;-0.43510000;0.75425000;21.43;0.022493;0.006030;-0.42705000;0.75375020;21.44;0.019741;0.001028
CW;1056;145;145.00;145.00;50;-0.42185004;0.76829990;21.49;0.021387;0.000615;-0.43390004;0.77290000;21.46;0.021001;0.006606
CW;1057;180;180.00;35.00;50;-0.42415004;0.76035000;21.40;0.018696;0.001548;-0.43164990;0.75975000;21.43;0.022612;0.005999
CCW;1058;35;35.00;-145.00;50;-0.44259996;0.76344980;21.49;0.022903;0.004316;-0.44504988;0.75060000;21.46;0.018679;0.003125
CCW;1059;330;-30.00;-65.00;50;-0.43315000;0.75104992;21.50;0.020554;0.006821;-0.43594992;0.76265016;21.50;0.019929;0.000483
CCW;1060;260;-100.00;-70.00;50;-0.43825004;0.76399976;21.49;0.016279;0.005522;-0.43310004;0.76749990;21.46;0.022373;0.001560
CCW;1061;255;-105.00;-5.00;50;-0.43325000;0.75515000;21.49;0.018511;0.005374;-0.43839984;0.77244984;21.45;0.023564;0.002048
CW;1062;55;55.00;160.00;50;-0.42714990;0.76334990;21.47;0.023711;0.003440;-0.43359990;0.76324990;21.48;0.018655;0.004131
CCW;1063;245;-115.00;-170.00;50;-0.43740000;0.75505020;21.49;0.017908;0.004917;-0.42775000;0.77184970;21.44;0.023835;0.002605
CCW;1064;80;-280.00;-165.00;50;-0.43170000;0.76529976;21.39;0.023279;0.001689;-0.42809980;0.75540008;21.44;0.018447;0.005718
CW;1065;175;-185.00;95.00;50;-0.43119984;0.76060000;21.45;0.018479;0.001284;-0.43305008;0.76410000;21.46;0.023562;0.006067
CW;1066;185;-175.00;10.00;50;-0.43764984;0.75940000;21.49;0.017737;0.002173;-0.44319996;0.76125010;21.48;0.023069;0.005735
CW;1067;240;-120.00;55.00;50;-0.43495004;0.75610020;21.37;0.017910;0.004478;-0.43835008;0.76950000;21.31;0.024780;0.002820
CCW;1068;150;-210.00;-90.00;50;-0.43195000;0.76180000;21.31;0.019729;0.000498;-0.42224996;0.75764990;21.38;0.022642;0.006533
CCW;1069;90;-270.00;-60.00;50;-0.43805010;0.77199984;21.36;0.022854;0.001309;-0.43264996;0.75915024;21.25;0.018955;0.006025
CCW;1070;45;-315.00;-45.00;50;-0.42760000;0.76499990;21.14;0.023760;0.003584;-0.44140008;0.76755000;21.24;0.017485;0.003916
CW;1071;155;-205.00;110.00;50;-0.42515004;0.76915000;21.35;0.019490;0.000740;-0.43985000;0.75575010;21.27;0.023000;0.006897
CW;1072;190;-170.00;35.00;50;-0.43054992;0.76634960;21.21;0.017993;0.002205;-0.43835008;0.78304976;21.27;0.023516;0.005251
CW;1073;280;-80.00;90.00;50;-0.43904996;0.76564984;21.09;0.019329;0.006394;-0.43410004;0.77564950;21.06;0.023508;0.001091
CW;1074;75;75.00;155.00;50;-0.43405010;0.78255000;21.08;0.023643;0.002275;-0.43460004;0.77460000;21.11;0.018923;0.005486
CCW;1075;310;-50.00;-125.00;50;-0.43845000;0.76745010;21.08;0.020808;0.006846;-0.43110000;0.77724980;21.07;0.021423;0.000566
CW;1076;105;105.00;155.00;50;-0.43684996;0.77729970;21.10;0.022759;0.000989;-0.44080000;0.77145000;21.06;0.020059;0.006475
CCW;1077;60;60.00;-45.00;50;-0.42889990;0.77059960;21.02;0.023960;0.002869;-0.43780016;0.77390000;21.05;0.018584;0.004502
CCW;1078;25;25.00;-35.00;50;-0.42760000;0.77434976;21.03;0.023740;0.004924;-0.43430008;0.77120010;21.09;0.017830;0.002842
CW;1079;110;110.00;85.00;50;-0.42934988;0.78239968;21.02;0.022441;0.001313;-0.43369990;0.77615010;21.00;0.020608;0.006414
CW;1080;215;215.00;105.00;50;-0.44275000;0.77224992;21.00;0.019336;0.003784;-0.42985008;0.78654976;21.00;0.023767;0.004565
CCW;1081;180;180.00;-35.00;50;-0.43185000;0.76865010;21.00;0.019021;0.001687;-0.42675008;0.76985000;21.00;0.022856;0.005952
CW;1082;325;325.00;145.00;50;-0.44760000;0.78394980;21.00;0.021047;0.006985;-0.43340000;0.78024970;21.00;0.021162;0.000505
CW;1083;45;45.00;45.00;50;-0.44714996;0.77959984;21.00;0.024150;0.003572;-0.43564996;0.77504990;21.00;0.018181;0.004229
CW;1084;90;90.00;45.00;50;-0.44064988;0.77729990;21.00;0.023242;0.001604;-0.44434992;0.77349968;21.00;0.019006;0.006184
CW;1085;125;125.00;35.00;50;-0.42664996;0.78065000;21.00;0.021970;0.000635;-0.43089990;0.79539952;21.00;0.021199;0.006938
CCW;1086;40;40.00;-85.00;50;-0.43420000;0.78624992;21.00;0.023765;0.004375;-0.43975008;0.77444992;21.00;0.017834;0.003743
CW;1087;170;170.00;130.00;50;-0.44464996;0.78189984;21.08;0.018806;0.001199;-0.43185000;0.77809968;21.00;0.022976;0.006316
CW;1088;240;240.00;70.00;50;-0.43634996;0.79560000;21.00;0.020442;0.004448;-0.42445004;0.78040016;21.02;0.026550;0.003188
CCW;1089;165;165.00;-75.00;50;-0.42689990;0.77895000;21.00;0.019377;0.001187;-0.43514996;0.77404980;21.07;0.022607;0.006531
CW;1090;235;235.00;70.00;50;-0.44215010;0.77065000;21.09;0.018491;0.004470;-0.42954988;0.77374992;21.16;0.024170;0.003337
CCW;1091;220;220.00;-15.00;50;-0.43694990;0.77769960;21.05;0.019055;0.003506;-0.42980000;0.78299990;21.01;0.023909;0.003892
CW;1092;0;360.00;140.00;50;-0.42970004;0.78555020;21.00;0.022661;0.006091;-0.43469984;0.77380010;21.00;0.019790;0.001189
CCW;1093;315;315.00;-45.00;50;-0.43815000;0.77734992;21.04;0.021250;0.006724;-0.43205004;0.78140000;21.02;0.021804;0.000627
CCW;1094;275;275.00;-40.00;50;-0.43735004;0.77440000;21.00;0.018645;0.005984;-0.43230004;0.76980020;21.00;0.022759;0.001404
CW;1095;65;65.00;65.00;50;-0.42629990;0.78029990;21.00;0.023738;0.002925;-0.43250000;0.77249970;21.00;0.018154;0.004924
CW;1096;175;175.00;110.00;50;-0.42684996;0.77969984;21.00;0.019761;0.001399;-0.43724988;0.77504990;21.03;0.023464;0.006323
CCW;1097;80;80.00;-95.00;50;-0.44100008;0.77139990;21.02;0.024182;0.002036;-0.42464984;0.77114990;21.01;0.018608;0.005874
CCW;1098;355;-5.00;-85.00;50;-0.42884990;0.76375016;21.12;0.022773;0.006201;-0.43320008;0.78044976;21.05;0.020200;0.001426
CCW;1099;335;-25.00;-20.00;50;-0.43185000;0.75365030;21.00;0.021921;0.007119;-0.42115012;0.77385000;21.02;0.019854;0.000979
CW;1100;115;115.00;140.00;50;-0.43260000;0.77084992;21.11;0.021609;0.001067;-0.43705010;0.76400010;21.04;0.021125;0.006628
CW;1101;160;160.00;45.00;50;-0.42819996;0.77209984;21.07;0.019700;0.001282;-0.43825012;0.76844960;21.04;0.022190;0.006941
CW;1102;250;250.00;90.00;50;-0.42795008;0.77444970;21.04;0.018130;0.005249;-0.43234992;0.76979990;21.01;0.024021;0.002585
CW;1103;5;365.00;115.00;50;-0.44055010;0.78844990;21.03;0.022930;0.005630;-0.44315000;0.77259992;21.03;0.019275;0.001536
CW;1104;15;375.00;10.00;50;-0.44034988;0.76929984;21.00;0.022964;0.005625;-0.42919990;0.77534984;21.00;0.019028;0.001646
CW;1105;50;50.00;50.00;50;-0.42259996;0.77494980;21.00;0.024194;0.003669;-0.44414988;0.76729984;20.97;0.017241;0.004102
CCW;1106;265;-95.00;-145.00;50;-0.42894990;0.77564970;20.97;0.018450;0.005605;-0.42274992;0.78454980;20.99;0.023271;0.001682
CCW;1107;200;-160.00;-65.00;50;-0.43689996;0.76590020;21.00;0.017781;0.002593;-0.42665016;0.77724976;20.96;0.023457;0.005234
CCW;1108;35;-325.00;-165.00;50;-0.44140000;0.78299960;21.00;0.024119;0.004307;-0.44024996;0.76469990;21.00;0.017061;0.003545
CW;1109;155;-205.00;120.00;50;-0.42850000;0.77669968;21.00;0.019783;0.000652;-0.43020008;0.78169990;21.02;0.022344;0.006594
CW;1110;260;-100.00;105.00;50;-0.43689988;0.76910000;20.99;0.018198;0.005735;-0.44374984;0.77599968;21.00;0.023589;0.002212
CCW;1111;210;-150.00;-50.00;50;-0.43860010;0.77174984;20.99;0.016721;0.003013;-0.43585004;0.79059980;21.00;0.024583;0.004507
CCW;1112;205;-155.00;-5.00;50;-0.42354996;0.77369990;20.99;0.017788;0.002742;-0.43395000;0.78199960;21.00;0.023643;0.005034
CW;1113;295;-65.00;90.00;50;-0.43180004;0.77119992;21.00;0.019678;0.006562;-0.42839992;0.78339980;21.01;0.022712;0.000596
CCW;1114;120;-240.00;-175.00;50;-0.43650000;0.78439980;21.02;0.021628;0.001082;-0.43260004;0.79435000;21.06;0.019512;0.006792
CCW;1115;305;-55.00;-55.00;50;-0.44729996;0.77424976;21.07;0.020359;0.006943;-0.43449990;0.78039960;21.02;0.021714;0.000884
CCW;1116;280;-80.00;-25.00;50;-0.43894996;0.76270000;21.01;0.019641;0.006213;-0.43404990;0.77964990;21.00;0.023188;0.001238
CCW;1117;105;-255.00;-175.00;50;-0.43445008;0.78064980;21.00;0.022339;0.001052;-0.44344992;0.77064984;21.00;0.018899;0.006643
CW;1118;150;-210.00;45.00;50;-0.43039992;0.78059984;20.99;0.019067;0.000898;-0.42815000;0.77314984;21.00;0.021965;0.006624
CCW;1119;130;-230.00;-20.00;50;-0.43834980;0.77554952;21.01;0.020874;0.000688;-0.43745000;0.78219980;21.00;0.021172;0.006755
CCW;1120;110;-250.00;-20.00;50;-0.42905000;0.77219990;21.05;0.021909;0.000916;-0.44014984;0.77579992;21.04;0.019775;0.006655
CCW;1121;290;-70.00;-70.00;50;-0.44689984;0.77774980;21.00;0.019917;0.006931;-0.43610000;0.78714990;21.00;0.021877;0.001196
CW;1122;350;-10.00;60.00;50;-0.45470000;0.77149990;21.01;0.022646;0.006279;-0.42814988;0.77775000;20.99;0.020281;0.000911
CW;1123;25;25.00;35.00;50;-0.42425016;0.78320030;20.96;0.022783;0.005181;-0.44019988;0.77639984;20.96;0.016118;0.002285
CCW;1124;255;-105.00;-130.00;50;-0.44530000;0.78094980;20.86;0.018374;0.005334;-0.44000000;0.78774992;20.82;0.023503;0.002285
CW;1125;30;30.00;135.00;50;-0.43385000;0.78669968;20.85;0.023796;0.004778;-0.43869996;0.78924970;20.93;0.017729;0.002896
CW;1126;185;185.00;155.00;50;-0.44594996;0.78759976;20.84;0.020203;0.001731;-0.43409996;0.78954976;20.91;0.024736;0.005869
CCW;1127;85;85.00;-100.00;50;-0.44975008;0.79424980;20.78;0.023308;0.001711;-0.42659984;0.78929960;20.78;0.018933;0.005913
CCW;1128;340;-20.00;-105.00;50;-0.43240000;0.79384976;20.81;0.022573;0.006509;-0.43040000;0.79269960;20.74;0.020066;0.000869
CW;1129;20;20.00;40.00;50;-0.44185000;0.79389984;20.73;0.023384;0.005020;-0.44300008;0.78224976;20.75;0.017717;0.002480
CCW;1130;215;-145.00;-165.00;50;-0.43045004;0.77484980;20.75;0.017429;0.003340;-0.43375000;0.78734990;20.72;0.023401;0.004316
CCW;1131;60;-300.00;-155.00;50;-0.44255000;0.78945000;20.78;0.023430;0.002791;-0.44075000;0.78159992;20.74;0.017917;0.004775
CW;1132;230;-130.00;170.00;50;-0.44944990;0.77729992;20.77;0.019163;0.004187;-0.42799990;0.79339990;20.76;0.023916;0.003105
CW;1133;285;-75.00;55.00;50;-0.43829980;0.78379980;20.81;0.019722;0.006548;-0.43685000;0.79534970;20.74;0.022549;0.001252
CW;1134;320;-40.00;35.00;50;-0.42664992;0.78574960;20.74;0.021982;0.006758;-0.43765008;0.79224970;20.71;0.021431;0.000798
CCW;1135;195;-165.00;-125.00;50;-0.42970000;0.79495010;20.70;0.018245;0.002432;-0.44064990;0.80205000;20.70;0.023640;0.005378
CW;1136;245;-115.00;50.00;50;-0.44374988;0.78785000;20.70;0.017126;0.005305;-0.43890000;0.79569990;20.74;0.023989;0.002881
CW;1137;10;10.00;125.00;50;-0.43949996;0.78714970;20.78;0.023738;0.005745;-0.44235000;0.78624950;20.81;0.018611;0.001672
CW;1138;140;140.00;130.00;50;-0.43400000;0.79349990;20.72;0.021279;0.000566;-0.44214996;0.79050016;20.78;0.022126;0.006807
CCW;1139;55;55.00;-85.00;50;-0.43430000;0.79399960;20.73;0.023977;0.003135;-0.43249992;0.80024990;20.78;0.018323;0.004695
CW;1140;75;75.00;20.00;50;-0.44154996;0.79400000;20.73;0.023315;0.002432;-0.43685004;0.77889990;20.74;0.018682;0.005315
CCW;1141;330;-30.00;-105.00;50;-0.43660016;0.78714970;20.70;0.020913;0.006978;-0.43289984;0.79689984;20.74;0.020125;0.001042
CCW;1142;190;-170.00;-140.00;50;-0.44550000;0.78060010;20.77;0.018022;0.002148;-0.43005000;0.80034990;20.71;0.024019;0.005574
CCW;1143;70;-290.00;-120.00;50;-0.43410004;0.79644968;20.70;0.023738;0.002278;-0.43670000;0.79034970;20.70;0.017825;0.005642
CCW;1144;270;-90.00;-90.00;50;-0.44295010;0.79239976;20.73;0.018694;0.006165;-0.43104980;0.78535000;20.70;0.023430;0.001763
CCW;1145;135;-225.00;-135.00;50;-0.43784980;0.78569990;20.71;0.020891;0.000691;-0.43589996;0.79884980;20.71;0.021238;0.007036
CW;1146;225;-135.00;90.00;50;-0.43705000;0.78764960;20.70;0.017747;0.004084;-0.43625012;0.78774950;20.71;0.023997;0.003694
CW;1147;310;-50.00;85.00;50;-0.43100000;0.79645000;20.70;0.020574;0.006985;-0.44494996;0.79519990;20.70;0.024038;0.000630
CW;1148;95;95.00;145.00;50;-0.43305000;0.78844976;20.70;0.023477;0.001101;-0.44204996;0.78269990;20.68;0.020056;0.005977
CCW;1149;345;-15.00;-110.00;50;-0.44164996;0.79444990;20.70;0.022576;0.006704;-0.43250000;0.78624976;20.70;0.020100;0.001260
CCW;1150;300;-60.00;-45.00;50;-0.43520000;0.78445008;20.70;0.020288;0.007175;-0.43245004;0.78800000;20.70;0.022063;0.000837
CCW;1151;145;-215.00;-155.00;50;-0.42879992;0.78374976;20.65;0.019490;0.001204;-0.44100000;0.80689984;20.69;0.021262;0.007007
CCW;1152;100;-260.00;-45.00;50;-0.43180004;0.79270008;20.70;0.022295;0.001301;-0.43655000;0.79239980;20.70;0.019197;0.006616
CW;1153;125;-235.00;25.00;50;-0.44630008;0.79324984;20.70;0.021455;0.000693;-0.44764996;0.79919976;20.70;0.020659;0.007419
CCW;1154;15;-345.00;-110.00;50;-0.44645008;0.79414990;20.67;0.023809;0.005293;-0.43724990;0.79749960;20.67;0.017688;0.002432
CCW;1155;320;-400.00;-55.00;50;-0.45849976;0.80069984;20.65;0.020828;0.007085;-0.44010012;0.79904976;20.62;0.020630;0.000955
CW;1156;340;-380.00;20.00;50;-0.43315004;0.78999960;20.70;0.021741;0.006753;-0.43774968;0.79139990;20.70;0.019941;0.000989
CW;1157;65;-295.00;85.00;50;-0.43900000;0.79874990;20.63;0.023364;0.002539;-0.43805004;0.79239980;20.70;0.017126;0.004895
CCW;1158;305;-55.00;-55.00;50;-0.44089988;0.80705000;20.69;0.020403;0.007141;-0.43715012;0.79450010;20.70;0.022339;0.000547
CCW;1159;160;-200.00;-145.00;50;-0.44284992;0.80284970;20.70;0.019817;0.001270;-0.43345000;0.79134976;20.70;0.022788;0.006616
CCW;1160;90;-270.00;-70.00;50;-0.44100000;0.79374990;20.68;0.023655;0.001257;-0.43709996;0.79039960;20.72;0.018926;0.006301
CW;1161;245;-115.00;155.00;50;-0.44259984;0.79690000;20.70;0.018008;0.005029;-0.44314992;0.79614970;20.70;0.024587;0.002695
CW;1162;285;-75.00;40.00;50;-0.43330000;0.77905008;20.70;0.018726;0.006470;-0.44365008;0.79884992;20.76;0.023040;0.000623
CW;1163;95;95.00;170.00;50;-0.42575016;0.79264984;20.77;0.023403;0.001528;-0.42325000;0.79049980;20.75;0.020615;0.006191
CW;1164;235;235.00;140.00;50;-0.44205000;0.78224980;20.70;0.017437;0.004404;-0.43910004;0.78040000;20.70;0.024031;0.002954
CW;1165;325;325.00;90.00;50;-0.43980000;0.79105016;20.71;0.022163;0.006809;-0.43854988;0.78959990;20.72;0.021548;0.000574
CCW;1166;180;180.00;-145.00;50;-0.42619992;0.79524992;20.75;0.018350;0.001726;-0.43749996;0.79659984;20.70;0.022971;0.006118
CCW;1167;5;5.00;-175.00;50;-0.44065008;0.79054992;20.72;0.023184;0.005889;-0.43364992;0.78940016;20.70;0.019150;0.001418
CW;1168;70;70.00;65.00;50;-0.42949990;0.79404976;20.79;0.023887;0.002412;-0.43819996;0.78110010;20.78;0.018347;0.004971
CCW;1169;50;50.00;-20.00;50;-0.43025000;0.78599990;20.78;0.023582;0.003328;-0.42605000;0.77854970;20.77;0.018257;0.003923
CW;1170;205;205.00;155.00;50;-0.43774990;0.78420000;20.76;0.018757;0.002827;-0.43465020;0.78115010;20.71;0.023765;0.004753
CW;1171;240;240.00;35.00;50;-0.43709990;0.76904990;20.76;0.018743;0.004514;-0.43570000;0.78445008;20.77;0.024756;0.002749
CCW;1172;145;145.00;-95.00;50;-0.43099992;0.78764990;20.76;0.020618;0.000649;-0.43335012;0.78789984;20.78;0.021677;0.006887
CCW;1173;115;115.00;-30.00;50;-0.43650010;0.78484990;20.81;0.021887;0.001023;-0.44325012;0.78034976;20.80;0.019988;0.006777
CW;1174;250;250.00;135.00;50;-0.44769996;0.79629980;20.83;0.017966;0.005334;-0.43264988;0.78049990;20.87;0.024436;0.002405
CCW;1175;190;190.00;-60.00;50;-0.43020000;0.77990016;20.84;0.017761;0.002124;-0.43404996;0.78029990;20.86;0.023643;0.005671
CW;1176;330;330.00;140.00;50;-0.43979988;0.77394984;20.90;0.022673;0.006812;-0.43709996;0.78444976;20.83;0.021553;0.000684
CW;1177;45;45.00;45.00;50;-0.43839996;0.78014980;20.94;0.024036;0.003401;-0.43330000;0.79324984;20.92;0.017908;0.003662
CW;1178;200;200.00;155.00;50;-0.43795012;0.77654980;20.94;0.017991;0.002476;-0.44025000;0.78339992;20.94;0.023411;0.004915
CW;1179;215;215.00;15.00;50;-0.43134988;0.78164976;20.95;0.018071;0.003293;-0.42450000;0.77614976;20.92;0.024016;0.004177
CW;1180;10;370.00;155.00;50;-0.43910010;0.77844970;20.95;0.023079;0.005259;-0.43060000;0.78184990;20.93;0.018799;0.001680
CW;1181;25;385.00;15.00;50;-0.43260016;0.77594970;20.93;0.024309;0.004822;-0.43740000;0.78249990;20.96;0.018137;0.002456
CW;1182;140;140.00;140.00;50;-0.43410004;0.77804980;20.95;0.020215;0.000757;-0.44154996;0.78769976;20.95;0.021887;0.007319
CW;1183;210;210.00;70.00;50;-0.43820000;0.78544980;20.95;0.017910;0.003210;-0.42709990;0.79254968;20.97;0.023604;0.004607
CW;1184;350;350.00;140.00;50;-0.43315000;0.78474970;20.92;0.022932;0.006521;-0.44340010;0.78639950;20.96;0.019524;0.001055
CW;1185;150;150.00;150.00;50;-0.43924996;0.78269960;20.94;0.019680;0.001011;-0.43969996;0.78059980;20.95;0.022385;0.006663
CW;1186;230;230.00;80.00;50;-0.43630010;0.78224976;20.98;0.017444;0.004331;-0.44514996;0.78809976;20.92;0.023860;0.003176
CCW;1187;105;105.00;-125.00;50;-0.43665010;0.76809970;20.95;0.022673;0.001179;-0.44029988;0.78314970;20.92;0.019136;0.006870
CCW;1188;315;-45.00;-150.00;50;-0.43365004;0.78019990;20.99;0.020222;0.006982;-0.42800004;0.77519992;20.97;0.020503;0.000977
CCW;1189;185;-175.00;-130.00;50;-0.42605004;0.77194980;20.93;0.017795;0.002341;-0.43795000;0.78059980;20.88;0.023730;0.005820
CW;1190;270;-90.00;85.00;50;-0.42670004;0.78209980;20.96;0.017805;0.006292;-0.44275000;0.77339990;20.86;0.023159;0.001504
CW;1191;30;30.00;120.00;50;-0.42820000;0.78504980;21.00;0.023418;0.004241;-0.42719992;0.78004976;20.97;0.019475;0.002749
CW;1192;170;170.00;140.00;50;-0.43614984;0.77539980;20.92;0.019766;0.001365;-0.43274980;0.78624990;20.88;0.022891;0.006208
CCW;1193;100;100.00;-70.00;50;-0.43740000;0.79409950;20.93;0.022317;0.001321;-0.42709992;0.79109984;20.84;0.020020;0.006230
CCW;1194;85;85.00;-15.00;50;-0.43749996;0.78844992;20.86;0.023447;0.001702;-0.43065004;0.78594992;20.77;0.018962;0.005947
CW;1195;120;120.00;35.00;50;-0.44405000;0.78674968;20.81;0.022009;0.000488;-0.44024984;0.78584980;20.75;0.021001;0.007046
CCW;1196;345;-15.00;-135.00;50;-0.43920004;0.78169990;20.72;0.022522;0.006392;-0.42984992;0.80099980;20.72;0.019900;0.001089
CW;1197;55;55.00;70.00;50;-0.43915000;0.79769984;20.70;0.024299;0.003284;-0.43075012;0.79289990;20.70;0.018340;0.004153
CW;1198;165;165.00;110.00;50;-0.43305000;0.79874970;20.70;0.020139;0.001006;-0.43975000;0.79244970;20.70;0.023162;0.006426
CCW;1199;75;75.00;-90.00;50;-0.44300000;0.79629990;20.70;0.024028;0.002349;-0.43244988;0.79630000;20.67;0.018965;0.005264
CW;1200;225;225.00;150.00;50;-0.43444996;0.80090000;20.64;0.018081;0.003967;-0.44605000;0.80770000;20.70;0.023557;0.003845
CCW;1201;220;220.00;-5.00;50;-0.43184990;0.79649980;20.62;0.017319;0.003582;-0.44064996;0.80229980;20.56;0.024314;0.003611
CW;1202;265;265.00;45.00;50;-0.44105000;0.80450000;20.61;0.018774;0.005823;-0.43650000;0.80265000;20.68;0.024136;0.001782
CCW;1203;255;255.00;-10.00;50;-0.43730004;0.80114990;20.64;0.018601;0.005161;-0.43495000;0.79779990;20.64;0.024556;0.002107
CCW;1204;130;130.00;-125.00;50;-0.44190000;0.80294984;20.60;0.021243;0.000457;-0.43484984;0.79049960;20.56;0.020078;0.006995
CW;1205;195;195.00;65.00;50;-0.43420000;0.79549976;20.52;0.018523;0.002336;-0.44449992;0.80274992;20.57;0.023528;0.005388
CW;1206;335;335.00;140.00;50;-0.43890000;0.79564976;20.52;0.022207;0.006572;-0.43625004;0.79989980;20.52;0.020002;0.000732
CCW;1207;275;275.00;-60.00;50;-0.44055004;0.80009980;20.52;0.019358;0.006177;-0.42714990;0.79940000;20.54;0.023557;0.001411
CW;1208;280;280.00;5.00;50;-0.43179992;0.80660010;20.50;0.019519;0.006387;-0.43465004;0.79669980;20.54;0.023271;0.000950
CCW;1209;135;135.00;-145.00;50;-0.44195000;0.79960008;20.54;0.022063;0.000627;-0.43884990;0.78789980;20.56;0.022131;0.006780
CW;1210;300;300.00;165.00;50;-0.43470000;0.79449980;20.61;0.020908;0.006687;-0.43315004;0.80064990;20.57;0.021987;0.000610
CCW;1211;290;290.00;-10.00;50;-0.43419990;0.79199960;20.63;0.019570;0.006777;-0.43070004;0.79674970;20.61;0.022683;0.000828
CW;1212;0;360.00;70.00;50;-0.42759988;0.78864976;20.63;0.023459;0.005874;-0.44169990;0.80064980;20.58;0.019502;0.001030
CW;1213;110;110.00;110.00;50;-0.43189984;0.79104980;20.56;0.021973;0.000903;-0.44574996;0.79799976;20.57;0.019700;0.006619
CCW;1214;60;60.00;-50.00;50;-0.43809996;0.78794990;20.58;0.024368;0.002747;-0.43454990;0.79695000;20.60;0.018896;0.004695
CCW;1215;295;-65.00;-125.00;50;-0.44035010;0.78659990;20.61;0.019858;0.007102;-0.43204992;0.80250000;20.62;0.021580;0.000925
CW;1216;35;35.00;100.00;50;-0.43679996;0.80220030;20.65;0.024070;0.004458;-0.44214988;0.80055010;20.56;0.018020;0.003496
CW;1217;80;80.00;45.00;50;-0.43504990;0.79674992;20.59;0.023645;0.001907;-0.45099984;0.79414970;20.57;0.019194;0.005703
CCW;1218;40;40.00;-40.00;50;-0.43780010;0.79769976;20.61;0.023792;0.004004;-0.44225010;0.78845008;20.61;0.018372;0.003730
CCW;1219;260;-100.00;-140.00;50;-0.43694996;0.78984976;20.52;0.018540;0.005750;-0.43334990;0.80534992;20.52;0.023511;0.001992
CCW;1220;175;-185.00;-85.00;50;-0.42714990;0.79545000;20.55;0.018623;0.001536;-0.44384992;0.79204960;20.52;0.023289;0.006138
CCW;1221;155;-205.00;-20.00;50;-0.42885000;0.79514976;20.54;0.019229;0.001321;-0.44789992;0.78894970;20.55;0.022222;0.006772
CW;1222;310;-50.00;155.00;50;-0.44864984;0.79149976;20.56;0.021528;0.006663;-0.43494990;0.79754970;20.56;0.022009;0.000618
CW;1223;355;-5.00;45.00;50;-0.44449996;0.80325000;20.59;0.023342;0.006089;-0.44564996;0.80009980;20.57;0.019712;0.001333
CW;1224;20;20.00;25.00;50;-0.44294980;0.80769990;20.55;0.023906;0.004861;-0.43149992;0.79559990;20.53;0.018657;0.002207
CCW;1225;330;-30.00;-50.00;50;-0.44069992;0.79769980;20.52;0.021860;0.006741;-0.43599996;0.80620000;20.53;0.020996;0.001018
CW;1226;40;40.00;70.00;50;-0.44209996;0.80240000;20.50;0.024038;0.004092;-0.43704996;0.79969984;20.52;0.018364;0.003772
CCW;1227;255;-105.00;-145.00;50;-0.44010008;0.79139980;20.50;0.018650;0.005664;-0.44220000;0.81165000;20.50;0.022793;0.002490
CW;1228;15;15.00;120.00;50;-0.43200000;0.79504990;20.50;0.023267;0.005215;-0.42720016;0.80104992;20.50;0.018584;0.002036
CCW;1229;285;-75.00;-90.00;50;-0.43380004;0.79905010;20.53;0.020420;0.006450;-0.44314984;0.80164990;20.51;0.022695;0.001172
CW;1230;25;25.00;100.00;50;-0.44704992;0.81095000;20.50;0.023599;0.004929;-0.43624990;0.80070008;20.49;0.018865;0.002847
CCW;1231;310;-50.00;-75.00;50;-0.43075008;0.79545000;20.50;0.020789;0.007148;-0.44165010;0.79609970;20.50;0.021680;0.000640
CW;1232;5;5.00;55.00;50;-0.43305012;0.79879980;20.50;0.022607;0.006072;-0.42700016;0.79749990;20.56;0.020139;0.001340
CCW;1233;335;-25.00;-30.00;50;-0.43475004;0.80130000;20.51;0.021814;0.006667;-0.43860004;0.79569990;20.50;0.020103;0.000981
CW;1234;65;65.00;90.00;50;-0.42864990;0.79564970;20.52;0.023296;0.002695;-0.43525000;0.80165000;20.51;0.018391;0.005027
CW;1235;205;205.00;140.00;50;-0.43500000;0.79390000;20.51;0.018801;0.002634;-0.42615000;0.79359980;20.50;0.023975;0.004924
CW;1236;295;295.00;90.00;50;-0.42975004;0.80075000;20.52;0.019954;0.006729;-0.43465000;0.79725000;20.55;0.022542;0.000708
CW;1237;50;50.00;50.00;50;-0.43789996;0.80175024;20.62;0.023462;0.003357;-0.42920008;0.78899960;20.56;0.021028;0.004272
CCW;1238;280;-80.00;-130.00;50;-0.43325004;0.79340000;20.62;0.019277;0.006482;-0.43179992;0.79984990;20.58;0.022847;0.001267
CCW;1239;170;-190.00;-110.00;50;-0.42940004;0.79724970;20.56;0.019038;0.001157;-0.43945010;0.79674984;20.53;0.023328;0.006199
CW;1240;235;-125.00;65.00;50;-0.42360008;0.78639952;20.50;0.018005;0.004692;-0.43425024;0.78885000;20.50;0.024470;0.003372
CW;1241;290;-70.00;55.00;50;-0.44864990;0.80024990;20.50;0.019070;0.006965;-0.43570000;0.79484992;20.50;0.022786;0.001108
CW;1242;300;-60.00;10.00;50;-0.43295000;0.79575016;20.50;0.019478;0.007104;-0.42675004;0.79974976;20.50;0.021924;0.000959
CW;1243;315;-45.00;15.00;50;-0.44155010;0.79694960;20.50;0.020579;0.007007;-0.43529988;0.79580000;20.50;0.020933;0.000728
CW;1244;35;35.00;80.00;50;-0.43595004;0.80485000;20.50;0.024038;0.004363;-0.43770010;0.79739990;20.48;0.018301;0.003267
CW;1245;80;80.00;45.00;50;-0.44384996;0.80295020;20.50;0.023643;0.001738;-0.44020000;0.80660000;20.50;0.018918;0.005916
CW;1246;185;185.00;105.00;50;-0.43505000;0.79884990;20.52;0.018298;0.001934;-0.42720000;0.81190010;20.54;0.024375;0.005867
CCW;1247;110;110.00;-75.00;50;-0.43070000;0.80989980;20.50;0.022251;0.001335;-0.44349996;0.80184990;20.50;0.019888;0.006609
CW;1248;250;250.00;140.00;50;-0.43700000;0.79650010;20.50;0.019741;0.005332;-0.43720016;0.79395000;20.50;0.022913;0.002815
CW;1249;60;60.00;60.00;50;-0.44295000;0.80344980;20.50;0.024185;0.003108;-0.42944992;0.78914940;20.50;0.018657;0.004678
CW;1250;210;210.00;150.00;50;-0.44244992;0.78764976;20.50;0.019067;0.002849;-0.43405004;0.79765000;20.54;0.024312;0.004360
CW;1251;10;370.00;160.00;50;-0.43254984;0.81204984;20.57;0.023616;0.005625;-0.43910004;0.79890000;20.53;0.019653;0.001553
CCW;1252;340;340.00;-30.00;50;-0.43955000;0.80134980;20.61;0.022231;0.006514;-0.44040000;0.79289984;20.64;0.020464;0.000552
CCW;1253;165;165.00;-175.00;50;-0.44124992;0.79380000;20.58;0.018411;0.001140;-0.43345012;0.78704968;20.61;0.022869;0.006523
CCW;1254;145;145.00;-20.00;50;-0.43210004;0.79314960;20.70;0.020972;0.000830;-0.43990004;0.79214990;20.65;0.021301;0.007065
CCW;1255;30;30.00;-115.00;50;-0.44284992;0.79714984;20.63;0.023804;0.004668;-0.41480004;0.79504970;20.66;0.018257;0.003035
CCW;1256;230;-130.00;-160.00;50;-0.43044984;0.79079984;20.68;0.016865;0.004353;-0.43439988;0.78559980;20.70;0.023452;0.003625
CCW;1257;55;-305.00;-175.00;50;-0.43680010;0.80224990;20.65;0.023770;0.003267;-0.43074992;0.79329984;20.67;0.017507;0.004529
CW;1258;180;-180.00;125.00;50;-0.43385000;0.78424990;20.70;0.018142;0.001792;-0.43730000;0.78884990;20.68;0.023330;0.006042
CW;1259;225;-135.00;45.00;50;-0.43849996;0.79759980;20.70;0.017935;0.004041;-0.43505004;0.79089976;20.69;0.023777;0.003875
CCW;1260;190;-170.00;-35.00;50;-0.42730000;0.80090000;20.70;0.018000;0.002075;-0.43770016;0.80194984;20.65;0.024407;0.005774
CW;1261;265;-95.00;75.00;50;-0.44514980;0.78514970;20.69;0.019355;0.005876;-0.44339996;0.79579980;20.71;0.023872;0.001582
CW;1262;305;-55.00;40.00;50;-0.43269984;0.79179970;20.70;0.020542;0.006838;-0.42924988;0.79659960;20.69;0.022029;0.000798
CW;1263;105;105.00;160.00;50;-0.42535010;0.78879980;20.70;0.022751;0.001511;-0.43695004;0.79245000;20.70;0.019670;0.006301
CW;1264;115;115.00;10.00;50;-0.42904984;0.78979980;20.70;0.022139;0.001042;-0.43830000;0.79294976;20.70;0.021064;0.006753
CCW;1265;355;-5.00;-120.00;50;-0.43844996;0.78409960;20.70;0.023669;0.006160;-0.43764988;0.79829968;20.70;0.019512;0.001211
CW;1266;120;120.00;125.00;50;-0.44484988;0.79969980;20.70;0.021338;0.000796;-0.43904996;0.79230000;20.71;0.020796;0.006824
CCW;1267;85;85.00;-35.00;50;-0.43775004;0.79865000;20.70;0.023340;0.001680;-0.43045000;0.79284980;20.70;0.019412;0.005974
CCW;1268;275;-85.00;-170.00;50;-0.43394990;0.78579984;20.67;0.018635;0.005962;-0.44054980;0.79269990;20.69;0.023157;0.001653
CCW;1269;100;-260.00;-175.00;50;-0.42830004;0.79154984;20.70;0.022141;0.001309;-0.42935024;0.79454992;20.70;0.020286;0.006367
CW;1270;135;-225.00;35.00;50;-0.43950004;0.79419970;20.70;0.020679;0.000955;-0.44359984;0.79949970;20.69;0.021323;0.006782
CCW;1271;130;-230.00;-5.00;50;-0.43655010;0.80639980;20.70;0.021045;0.000664;-0.44814992;0.79770000;20.65;0.020503;0.007163
CW;1272;270;-90.00;140.00;50;-0.43309992;0.79044984;20.69;0.019258;0.006152;-0.42899988;0.80270000;20.70;0.022861;0.001338
CCW;1273;245;-115.00;-25.00;50;-0.43985016;0.79144970;20.70;0.017693;0.004785;-0.43255004;0.80994992;20.70;0.024126;0.002571
CW;1274;0;0.00;115.00;50;-0.44155010;0.79845020;20.69;0.022798;0.005845;-0.42604992;0.79434970;20.69;0.018870;0.001533
CCW;1275;240;-120.00;-120.00;50;-0.43340004;0.80139992;20.68;0.017789;0.004797;-0.44430010;0.80830000;20.68;0.024165;0.002605
CCW;1276;95;-265.00;-145.00;50;-0.43860000;0.79649980;20.70;0.022798;0.001370;-0.43840000;0.79644970;20.67;0.018645;0.006296
CCW;1277;70;-290.00;-25.00;50;-0.43969990;0.79724984;20.67;0.023574;0.002432;-0.43710000;0.80314992;20.70;0.018350;0.005154
CW;1278;220;-140.00;150.00;50;-0.43589996;0.79685000;20.61;0.017671;0.003833;-0.43614996;0.80234970;20.70;0.024341;0.003804
CW;1279;320;-40.00;100.00;50;-0.44534988;0.80595000;20.68;0.021477;0.007195;-0.43324984;0.79904960;20.70;0.020952;0.000847
CW;1280;350;-10.00;30.00;50;-0.44054996;0.79550000;20.65;0.024009;0.006182;-0.43000008;0.79354990;20.64;0.018911;0.001318
CCW;1281;345;-15.00;-5.00;50;-0.43034992;0.80560000;20.64;0.022297;0.006704;-0.42690000;0.79649984;20.60;0.019338;0.001184
CCW;1282;195;-165.00;-150.00;50;-0.44414996;0.79634976;20.65;0.017703;0.002449;-0.43614996;0.80610000;20.61;0.023323;0.005391
CCW;1283;160;-200.00;-35.00;50;-0.42754990;0.80110000;20.57;0.018770;0.001079;-0.43740004;0.80240000;20.63;0.022703;0.006528
CW;1284;325;-35.00;165.00;50;-0.44334980;0.78900010;20.70;0.021592;0.006902;-0.43999996;0.79865020;20.66;0.019338;0.000557
CW;1285;125;125.00;160.00;50;-0.43539990;0.80410000;20.57;0.021904;0.000757;-0.43979990;0.79949976;20.62;0.021211;0.006870
CCW;1286;90;90.00;-35.00;50;-0.43445012;0.79895000;20.62;0.022861;0.001582;-0.43900004;0.79684990;20.62;0.019963;0.006104
CW;1287;155;155.00;65.00;50;-0.43794990;0.78074970;20.61;0.020366;0.001169;-0.42890000;0.78179990;20.66;0.023955;0.006541
CCW;1288;45;45.00;-110.00;50;-0.43510000;0.80264984;20.69;0.024446;0.003748;-0.42519990;0.80035000;20.70;0.018142;0.004080
CW;1289;215;215.00;170.00;50;-0.43995008;0.79634976;20.70;0.018518;0.003350;-0.44320010;0.79584970;20.70;0.024338;0.004119
CW;1290;260;260.00;45.00;50;-0.44195000;0.79660000;20.70;0.019644;0.005608;-0.43855008;0.78824976;20.70;0.023875;0.002214
CCW;1291;200;200.00;-60.00;50;-0.43385004;0.80194984;20.68;0.018291;0.002544;-0.43799990;0.80534980;20.70;0.023901;0.004880
CCW;1292;20;20.00;-180.00;50;-0.43370000;0.80070000;20.70;0.023882;0.005010;-0.43275000;0.78979950;20.70;0.019014;0.002805
CW;1293;150;150.00;130.00;50;-0.43900000;0.79435000;20.70;0.020312;0.000833;-0.44554996;0.80215000;20.75;0.023450;0.006821
CW;1294;175;175.00;25.00;50;-0.43154992;0.80085010;20.70;0.019797;0.001489;-0.43874990;0.79174990;20.70;0.024053;0.006211
CCW;1295;75;75.00;-100.00;50;-0.43099992;0.79980000;20.70;0.023594;0.002275;-0.43464990;0.78674970;20.70;0.019346;0.005366
CW;1296;140;140.00;65.00;50;-0.43635000;0.79979984;20.70;0.020347;0.001123;-0.43875012;0.78504970;20.71;0.021956;0.007104
CCW;1297;105;105.00;-35.00;50;-0.42249996;0.80144990;20.70;0.023086;0.001096;-0.43525000;0.78689984;20.70;0.019583;0.006599
CCW;1298;60;60.00;-45.00;50;-0.44584988;0.79304992;20.70;0.024270;0.003145;-0.43499996;0.79719984;20.72;0.019001;0.005046
CW;1299;175;175.00;115.00;50;-0.44179996;0.78464980;20.70;0.018958;0.001694;-0.44334992;0.78549990;20.70;0.023455;0.006230
CCW;1300;80;80.00;-95.00;50;-0.44449988;0.78949960;20.70;0.023872;0.002280;-0.43649990;0.79640024;20.70;0.018013;0.005830
CW;1301;110;110.00;30.00;50;-0.43134992;0.79374976;20.70;0.022490;0.001091;-0.43615000;0.79285000;20.70;0.021040;0.006790
CW;1302;275;275.00;165.00;50;-0.43735000;0.79699990;20.70;0.020205;0.006260;-0.43895012;0.79440010;20.70;0.023384;0.001580
CW;1303;5;365.00;90.00;50;-0.44095000;0.79499960;20.70;0.022615;0.005735;-0.44524984;0.78624992;20.70;0.018630;0.001411
CW;1304;115;115.00;115.00;50;-0.43540000;0.79584976;20.70;0.022085;0.000874;-0.43169984;0.79909976;20.70;0.020635;0.006899
CCW;1305;30;30.00;-85.00;50;-0.43395000;0.79459970;20.70;0.024231;0.004553;-0.42540004;0.79744980;20.76;0.018364;0.003037
CCW;1306;310;-50.00;-80.00;50;-0.43975000;0.79094960;20.70;0.020747;0.007246;-0.43755004;0.78799960;20.76;0.021992;0.001057
CW;1307;340;-20.00;30.00;50;-0.44719996;0.78879960;20.82;0.022715;0.006606;-0.43659990;0.79304970;20.84;0.019897;0.000952
CW;1308;140;140.00;160.00;50;-0.43799980;0.79444984;20.75;0.020928;0.000793;-0.43680004;0.78559992;20.70;0.022178;0.006941
CCW;1309;55;55.00;-85.00;50;-0.44509992;0.79064970;20.76;0.024243;0.003164;-0.43799996;0.78064980;20.76;0.017671;0.004502
CW;1310;165;165.00;110.00;50;-0.42885000;0.78285000;20.77;0.019214;0.001274;-0.43280000;0.79690000;20.76;0.023206;0.006677
CCW;1311;350;-10.00;-175.00;50;-0.43665000;0.79529960;20.76;0.022708;0.006125;-0.43155004;0.78589992;20.75;0.019470;0.001223
CCW;1312;215;-145.00;-135.00;50;-0.43789984;0.79184984;20.72;0.017415;0.003801;-0.43545004;0.78964980;20.74;0.024153;0.004255
CCW;1313;155;-205.00;-60.00;50;-0.43009992;0.79639990;20.77;0.019175;0.001064;-0.44305004;0.79219976;20.74;0.022085;0.006611
CCW;1314;0;-360.00;-155.00;50;-0.43934996;0.79674968;20.70;0.023794;0.006047;-0.44534992;0.78624970;20.72;0.018872;0.001785
CW;1315;160;-200.00;160.00;50;-0.42935000;0.79864990;20.70;0.019736;0.001157;-0.43150000;0.79344976;20.70;0.022710;0.006575
CCW;1316;90;-270.00;-70.00;50;-0.43095004;0.79335000;20.70;0.022820;0.001548;-0.42920016;0.76539990;20.76;0.020679;0.006406
CCW;1317;70;-290.00;-20.00;50;-0.44429996;0.78255000;20.72;0.022917;0.002476;-0.43960016;0.78479950;20.73;0.017764;0.005334
CW;1318;235;-125.00;165.00;50;-0.44449988;0.78040000;20.72;0.017856;0.004714;-0.43240004;0.79104980;20.70;0.024402;0.003042
CCW;1319;145;-215.00;-90.00;50;-0.44150010;0.78869990;20.72;0.020237;0.000784;-0.44724984;0.79004976;20.75;0.021851;0.006804
CW;1320;190;-170.00;45.00;50;-0.43625000;0.79079976;20.75;0.018279;0.002437;-0.43780010;0.79449976;20.75;0.023564;0.005471
CW;1321;335;-25.00;145.00;50;-0.44415000;0.78549976;20.70;0.022310;0.006450;-0.43689990;0.78525000;20.74;0.020901;0.000295
CCW;1322;245;-115.00;-90.00;50;-0.44269992;0.79999984;20.70;0.017898;0.005278;-0.42940004;0.79395000;20.76;0.023896;0.002510
CCW;1323;240;-120.00;-5.00;50;-0.43280004;0.77904960;20.76;0.017979;0.004858;-0.44175008;0.79259984;20.77;0.024180;0.002727
CCW;1324;180;-180.00;-60.00;50;-0.43764980;0.78629980;20.75;0.018506;0.001741;-0.45245004;0.78874976;20.73;0.023767;0.005867
CCW;1325;15;-345.00;-165.00;50;-0.43844990;0.79054992;20.80;0.023296;0.005105;-0.44575000;0.78449992;20.73;0.018076;0.002241
CW;1326;95;-265.00;80.00;50;-0.43660010;0.79314970;20.70;0.022256;0.001526;-0.44360000;0.78649984;20.75;0.019407;0.006221
CCW;1327;35;-325.00;-60.00;50;-0.44280000;0.78104990;20.73;0.023784;0.004033;-0.44519992;0.78274970;20.76;0.018347;0.003662
CW;1328;195;-165.00;160.00;50;-0.44700000;0.78329980;20.70;0.018369;0.002517;-0.42514996;0.78629960;20.70;0.023699;0.005129
CW;1329;250;-110.00;55.00;50;-0.42724988;0.78460016;20.70;0.018433;0.005608;-0.44519984;0.77729992;20.76;0.024341;0.002410
CCW;1330;210;-150.00;-40.00;50;-0.44509992;0.79074980;20.70;0.017837;0.003442;-0.44059984;0.79434970;20.71;0.024143;0.004570
CW;1331;260;-100.00;50.00;50;-0.43495010;0.78179984;20.72;0.019067;0.005750;-0.44069996;0.78699980;20.75;0.024055;0.001973
CCW;1332;230;-130.00;-30.00;50;-0.44035004;0.78409960;20.71;0.017937;0.004556;-0.43150000;0.79569952;20.74;0.024060;0.003411
CCW;1333;125;-235.00;-105.00;50;-0.43525000;0.79944990;20.71;0.020850;0.000845;-0.44020010;0.79439984;20.70;0.020823;0.007029
CW;1334;255;-105.00;130.00;50;-0.44159992;0.78959984;20.68;0.017886;0.005740;-0.44604996;0.79735000;20.69;0.023503;0.002258
CCW;1335;135;-225.00;-120.00;50;-0.43055004;0.78999960;20.70;0.020676;0.000657;-0.44019996;0.79935020;20.70;0.020720;0.007178
CCW;1336;325;-395.00;-170.00;50;-0.45089990;0.79039980;20.70;0.021536;0.007095;-0.43620010;0.79639970;20.70;0.020417;0.001035
CW;1337;150;150.00;150.00;50;-0.44154996;0.79559980;20.70;0.019583;0.000952;-0.44130004;0.78584950;20.70;0.023157;0.006938
CW;1338;200;200.00;50.00;50;-0.43500000;0.78884970;20.67;0.017395;0.002688;-0.44314996;0.80204980;20.70;0.023870;0.005122
CW;1339;320;320.00;120.00;50;-0.43409996;0.79464990;20.70;0.022542;0.006819;-0.43370016;0.79104980;20.70;0.021460;0.000664
CW;1340;355;355.00;35.00;50;-0.44110004;0.79335000;20.70;0.023547;0.006218;-0.44024990;0.79424990;20.71;0.019482;0.001211
CCW;1341;280;280.00;-75.00;50;-0.44694988;0.79744970;20.70;0.019595;0.006150;-0.43480008;0.80084990;20.70;0.023403;0.000913
CCW;1342;225;225.00;-55.00;50;-0.43350000;0.78949980;20.67;0.017217;0.004016;-0.44544996;0.79154990;20.70;0.024229;0.003623
CW;1343;285;285.00;60.00;50;-0.45079990;0.78884980;20.71;0.020457;0.006865;-0.43970000;0.80139980;20.70;0.023533;0.000911
CW;1344;50;50.00;50.00;50;-0.43650012;0.79510000;20.70;0.024102;0.003540;-0.43449984;0.78959968;20.70;0.018477;0.004126
CCW;1345;25;25.00;-25.00;50;-0.43565000;0.77939980;20.70;0.023726;0.004988;-0.43820004;0.79949980;20.70;0.017710;0.002793
CW;1346;100;100.00;75.00;50;-0.43795004;0.80300000;20.70;0.022925;0.001208;-0.43089992;0.78215000;20.69;0.019502;0.006448
CCW;1347;330;-30.00;-130.00;50;-0.44849970;0.79369980;20.70;0.022964;0.006428;-0.43074984;0.78434990;20.70;0.020688;0.000493
CW;1348;130;130.00;160.00;50;-0.43725010;0.78814990;20.70;0.021262;0.000620;-0.44635000;0.80139980;20.67;0.021914;0.006692
CCW;1349;20;20.00;-110.00;50;-0.44530000;0.79904984;20.70;0.023899;0.004878;-0.42680004;0.80744980;20.69;0.018428;0.002705
CW;1350;85;85.00;65.00;50;-0.44149980;0.79924980;20.70;0.023501;0.001689;-0.44910000;0.79089976;20.70;0.019441;0.005886
CCW;1351;75;75.00;-10.00;50;-0.44864992;0.78979980;20.70;0.022979;0.002222;-0.44649992;0.78444976;20.71;0.017856;0.005710
CW;1352;170;170.00;95.00;50;-0.44269996;0.77684990;20.70;0.019309;0.001365;-0.43499996;0.78889952;20.70;0.023911;0.006526
CCW;1353;120;120.00;-50.00;50;-0.44129996;0.79069990;20.70;0.021409;0.000813;-0.44719996;0.79209980;20.70;0.020408;0.007061
CW;1354;290;290.00;170.00;50;-0.43904980;0.79315000;20.70;0.019321;0.006616;-0.43224990;0.79630000;20.70;0.023091;0.001069
CCW;1355;185;185.00;-105.00;50;-0.43190000;0.79984970;20.69;0.018215;0.001975;-0.44069988;0.79879980;20.70;0.023955;0.005771
CCW;1356;65;65.00;-120.00;50;-0.43584996;0.79189984;20.70;0.023364;0.002781;-0.44829984;0.79099968;20.70;0.017676;0.004998
CCW;1357;40;40.00;-25.00;50;-0.43430000;0.77959968;20.70;0.023989;0.003994;-0.44574992;0.78189980;20.70;0.017771;0.003667
CCW;1358;220;-140.00;-180.00;50;-0.44194996;0.78279990;20.70;0.017007;0.003843;-0.44000010;0.79810008;20.71;0.024077;0.003975
CW;1359;295;-65.00;75.00;50;-0.43480000;0.79719984;20.70;0.019871;0.006804;-0.43145004;0.79069952;20.70;0.021929;0.000439
CW;1360;10;10.00;75.00;50;-0.42970000;0.80394990;20.67;0.023320;0.005625;-0.43855010;0.79634992;20.71;0.018870;0.002263
CCW;1361;265;-95.00;-105.00;50;-0.43869988;0.78600000;20.70;0.018672;0.006008;-0.43455010;0.79985000;20.70;0.023430;0.001658
CW;1362;305;-55.00;40.00;50;-0.44744984;0.79629960;20.70;0.019780;0.006931;-0.43535008;0.77879984;20.70;0.021687;0.000356
CW;1363;45;45.00;100.00;50;-0.44070000;0.79299984;20.70;0.023962;0.003582;-0.43895004;0.79589976;20.70;0.017598;0.003999
CCW;1364;315;-45.00;-90.00;50;-0.44689984;0.78679980;20.70;0.020334;0.007078;-0.44484992;0.79424970;20.70;0.021211;0.000737
CW;1365;345;-15.00;30.00;50;-0.45274990;0.78355000;20.70;0.023674;0.006367;-0.42904990;0.78364976;20.70;0.018721;0.001274
CCW;1366;205;-155.00;-140.00;50;-0.43445012;0.78979990;20.70;0.016963;0.003447;-0.44305004;0.80024990;20.69;0.024041;0.004963
CW;1367;270;-90.00;65.00;50;-0.43889990;0.78774960;20.70;0.019231;0.006479;-0.43285000;0.80249984;20.70;0.023416;0.001499
CW;1368;300;-60.00;30.00;50;-0.44289996;0.78655000;20.70;0.020020;0.007214;-0.43620000;0.80080010;20.70;0.021577;0.001138
CW;1369;95;95.00;155.00;50;-0.43104992;0.79034990;20.70;0.023186;0.001433;-0.43969996;0.78524952;20.68;0.019451;0.006179
CW;1370;230;230.00;135.00;50;-0.43949992;0.78489984;20.70;0.017654;0.004333;-0.43140000;0.78925000;20.70;0.023733;0.003245
CCW;1371;150;150.00;-80.00;50;-0.43645004;0.79509984;20.70;0.020703;0.000854;-0.43665016;0.78864980;20.70;0.023535;0.006396
CW;1372;265;265.00;115.00;50;-0.43614980;0.78979984;20.70;0.020349;0.006047;-0.43795000;0.79079950;20.70;0.024231;0.001729
CCW;1373;195;195.00;-70.00;50;-0.43034992;0.78039980;20.77;0.017922;0.002217;-0.42294996;0.79229984;20.77;0.024260;0.005420
CCW;1374;45;45.00;-150.00;50;-0.43234980;0.78139960;20.76;0.024412;0.003804;-0.44335000;0.77410008;20.70;0.017686;0.004021
CCW;1375;40;40.00;-5.00;50;-0.44100000;0.78709990;20.70;0.024062;0.003740;-0.43270008;0.77804970;20.73;0.018528;0.003376
CW;1376;80;80.00;40.00;50;-0.43725000;0.79414992;20.73;0.025520;0.001406;-0.42300000;0.78745020;20.73;0.018037;0.005674
CCW;1377;55;55.00;-25.00;50;-0.42665004;0.78295000;20.72;0.023760;0.003003;-0.43834988;0.77799990;20.70;0.017004;0.004653
CW;1378;210;210.00;155.00;50;-0.43670000;0.76784980;20.74;0.018315;0.003298;-0.43834988;0.79379976;20.77;0.024385;0.004302
CW;1379;0;360.00;150.00;50;-0.43144984;0.78490000;20.70;0.023174;0.005862;-0.44025004;0.79164990;20.74;0.019839;0.001174
CW;1380;70;70.00;70.00;50;-0.44434996;0.78789980;20.76;0.022959;0.002332;-0.43144992;0.77489990;20.82;0.018596;0.005313
CW;1381;190;190.00;120.00;50;-0.44539988;0.77734992;20.82;0.015984;0.002102;-0.42785000;0.79209990;20.74;0.023950;0.005205
CW;1382;295;295.00;105.00;50;-0.44085008;0.78599990;20.86;0.020088;0.006711;-0.43380010;0.79249990;20.88;0.022212;0.000627
CW;1383;85;85.00;85.00;50;-0.43469992;0.77474980;20.89;0.023318;0.001616;-0.43895000;0.77769980;20.84;0.019727;0.005942
CCW;1384;335;-25.00;-110.00;50;-0.44659992;0.78749984;20.87;0.022090;0.006685;-0.43669996;0.77664984;20.87;0.020024;0.000950
CW;1385;100;100.00;125.00;50;-0.43900000;0.77879984;20.83;0.023398;0.001025;-0.43944996;0.78605010;20.84;0.022937;0.005918
CCW;1386;30;30.00;-70.00;50;-0.44554980;0.78374970;20.87;0.023840;0.004609;-0.43165008;0.78554950;20.84;0.018020;0.003093
CW;1387;130;130.00;100.00;50;-0.43239990;0.78780010;20.83;0.021245;0.000562;-0.42420008;0.78444992;20.82;0.022332;0.006902
CW;1388;260;260.00;130.00;50;-0.44250000;0.78289970;20.83;0.019260;0.005454;-0.43770010;0.79659976;20.75;0.024338;0.001746
CCW;1389;135;135.00;-125.00;50;-0.43530016;0.78615000;20.77;0.020884;0.000662;-0.44275000;0.79025030;20.81;0.022085;0.006907
CCW;1390;340;-20.00;-155.00;50;-0.44410000;0.79039990;20.76;0.021895;0.006726;-0.44199996;0.79199980;20.76;0.019258;0.000950
CW;1391;355;-5.00;15.00;50;-0.44424996;0.77784990;20.75;0.022588;0.006184;-0.43195004;0.78884990;20.81;0.019946;0.001382
CCW;1392;255;-105.00;-100.00;50;-0.43750000;0.77110000;20.75;0.018291;0.005525;-0.42635010;0.78744960;20.80;0.023811;0.001760
CCW;1393;180;-180.00;-75.00;50;-0.44125016;0.78355010;20.72;0.018225;0.001904;-0.44064984;0.79259980;20.74;0.023391;0.006072
CW;1394;280;-80.00;100.00;50;-0.43845012;0.78509980;20.74;0.018960;0.006670;-0.43895000;0.78444980;20.71;0.022654;0.001011
CCW;1395;215;-145.00;-65.00;50;-0.43339990;0.79329960;20.74;0.018792;0.003110;-0.44025000;0.78290000;20.77;0.023774;0.003889
CCW;1396;105;-255.00;-110.00;50;-0.43580004;0.78374992;20.79;0.022307;0.000769;-0.43825000;0.78179960;20.86;0.018745;0.006924
CCW;1397;310;-50.00;-50.00;50;-0.44574984;0.78585020;20.87;0.020737;0.006965;-0.43339992;0.78199980;20.78;0.021272;0.000850
CCW;1398;165;-195.00;-145.00;50;-0.43620000;0.78880000;20.77;0.019067;0.001216;-0.44750010;0.78359970;20.83;0.022678;0.006360
CW;1399;170;-190.00;5.00;50;-0.44360010;0.79139980;20.81;0.018152;0.001340;-0.44509984;0.79049984;20.87;0.023523;0.006169
CW;1400;245;-115.00;75.00;50;-0.42960012;0.77449970;20.75;0.018098;0.005156;-0.43955000;0.78944990;20.77;0.024399;0.002334
CCW;1401;160;-200.00;-85.00;50;-0.44125004;0.78285000;20.78;0.019216;0.001125;-0.44814992;0.79199976;20.79;0.022937;0.006636
CW;1402;220;-140.00;60.00;50;-0.44309996;0.78175000;20.80;0.017717;0.003794;-0.42400000;0.78410010;20.75;0.024104;0.003867
CCW;1403;185;-175.00;-35.00;50;-0.43545000;0.78719960;20.83;0.018020;0.001882;-0.44319996;0.77625000;20.85;0.023064;0.005696
CW;1404;325;-35.00;140.00;50;-0.44414980;0.77744952;20.85;0.022725;0.006824;-0.42849992;0.78175000;20.85;0.020342;0.000845
CW;1405;25;25.00;60.00;50;-0.44759984;0.78514980;20.86;0.023823;0.004692;-0.43344992;0.77949976;20.75;0.018079;0.002476
CCW;1406;10;10.00;-15.00;50;-0.44744992;0.78774970;20.80;0.023921;0.005342;-0.43649996;0.79134976;20.81;0.018989;0.002002
CCW;1407;270;-90.00;-100.00;50;-0.44200010;0.78154976;20.88;0.018875;0.006240;-0.43730000;0.79725000;20.86;0.023250;0.001255
CCW;1408;145;-215.00;-125.00;50;-0.43489984;0.78479960;20.87;0.019973;0.000498;-0.43895004;0.76954984;20.86;0.021880;0.006719
CCW;1409;60;-300.00;-85.00;50;-0.43590004;0.77800010;20.85;0.023259;0.002966;-0.43915012;0.77804976;20.88;0.018806;0.004636
CCW;1410;35;-325.00;-25.00;50;-0.43125004;0.76804984;20.86;0.023606;0.004065;-0.44425000;0.77364970;20.85;0.017837;0.003579
CCW;1411;315;-45.00;-45.00;50;-0.44134972;0.77775000;20.90;0.020955;0.007151;-0.43415000;0.78129990;20.96;0.021157;0.000378
CW;1412;65;65.00;110.00;50;-0.43850004;0.78295000;20.92;0.024136;0.002329;-0.43239990;0.77974970;20.88;0.019019;0.004885
CCW;1413;250;-110.00;-175.00;50;-0.43565000;0.78000000;20.95;0.017378;0.005264;-0.44930008;0.78054970;20.93;0.023777;0.002129
CW;1414;15;15.00;125.00;50;-0.44084996;0.79384992;20.92;0.023621;0.005161;-0.43570012;0.77654976;20.88;0.018955;0.002068
CCW;1415;205;-155.00;-170.00;50;-0.43715016;0.77304980;20.94;0.018057;0.003159;-0.44069996;0.78624976;20.94;0.023765;0.004524
CCW;1416;50;-310.00;-155.00;50;-0.43340000;0.78284980;20.87;0.024067;0.003276;-0.43380000;0.77709960;20.96;0.017625;0.004094
CCW;1417;305;-55.00;-55.00;50;-0.44374996;0.79524976;20.96;0.020933;0.006541;-0.43659972;0.78539984;20.99;0.021711;0.000359
CCW;1418;285;-75.00;-20.00;50;-0.43775000;0.77899990;20.96;0.019360;0.006582;-0.43665000;0.78879960;20.96;0.022771;0.000964
CCW;1419;155;-205.00;-130.00;50;-0.43145000;0.77219990;20.95;0.019417;0.000708;-0.43530000;0.77629990;21.00;0.022446;0.006350
CCW;1420;120;-240.00;-35.00;50;-0.44039992;0.78355000;20.98;0.020779;0.000544;-0.44064990;0.78074990;21.00;0.019714;0.006743
CCW;1421;320;-400.00;-160.00;50;-0.44125004;0.76944960;20.98;0.020464;0.006904;-0.43430008;0.77774968;20.95;0.021118;0.000505
CCW;1422;300;-60.00;-60.00;50;-0.44010000;0.77834980;20.97;0.020437;0.006880;-0.43380000;0.77569990;21.00;0.021672;0.000442
CCW;1423;140;-220.00;-160.00;50;-0.43175004;0.77925000;21.00;0.019761;0.000540;-0.43464996;0.77369990;21.01;0.021851;0.006724
CCW;1424;20;-340.00;-120.00;50;-0.43945024;0.78394990;21.00;0.023542;0.004954;-0.43389996;0.78954992;21.00;0.017375;0.002463
CCW;1425;275;-85.00;-85.00;50;-0.43369996;0.77684976;21.00;0.018992;0.006399;-0.43005004;0.78439976;21.01;0.022144;0.001003
CW;1426;350;-10.00;75.00;50;-0.43919996;0.78509990;20.99;0.023181;0.006030;-0.43675004;0.78184990;21.00;0.019565;0.000872
CW;1427;110;110.00;120.00;50;-0.43124992;0.78164980;21.00;0.022048;0.000889;-0.43370000;0.78239990;21.00;0.019719;0.006675
CCW;1428;290;-70.00;-180.00;50;-0.43140000;0.77060016;21.00;0.019658;0.006768;-0.42985000;0.77399980;20.94;0.022432;0.000383
CCW;1429;235;-125.00;-55.00;50;-0.43874996;0.77349970;20.97;0.017817;0.004431;-0.44015008;0.77784990;20.99;0.023877;0.002759
CW;1430;345;-15.00;110.00;50;-0.44170008;0.78304970;21.00;0.022749;0.006282;-0.43325000;0.78149984;20.98;0.018696;0.000701
CCW;1431;175;-185.00;-170.00;50;-0.43264990;0.77329980;20.99;0.018518;0.001367;-0.44250000;0.77454984;21.00;0.023154;0.005962
CCW;1432;90;-270.00;-85.00;50;-0.43100000;0.77999990;20.96;0.023333;0.001113;-0.43865010;0.77215000;20.97;0.018340;0.006084
CW;1433;115;-245.00;25.00;50;-0.43220000;0.77629990;20.95;0.021494;0.000461;-0.43025016;0.77994970;21.00;0.020674;0.007026
CCW;1434;75;-285.00;-40.00;50;-0.43790004;0.77835000;21.00;0.023372;0.001797;-0.43184992;0.77889968;20.98;0.018047;0.005469
CW;1435;200;-160.00;125.00;50;-0.43859992;0.77049992;20.96;0.018267;0.002568;-0.42574996;0.78244990;20.99;0.024375;0.004968
CW;1436;225;-135.00;25.00;50;-0.42895008;0.77889984;20.93;0.017476;0.003806;-0.43484990;0.77784990;20.96;0.024014;0.003511
CW;1437;330;-30.00;105.00;50;-0.43185000;0.77524984;20.99;0.022334;0.006536;-0.43985004;0.77534976;21.00;0.020964;0.000427
CW;1438;125;125.00;155.00;50;-0.42585008;0.78125020;21.00;0.021826;0.000386;-0.43340000;0.77474980;21.00;0.021514;0.006799
CCW;1439;5;5.00;-120.00;50;-0.43574992;0.77159990;21.00;0.023281;0.005635;-0.43695016;0.77235000;20.98;0.018643;0.001887
CCW;1440;240;-120.00;-125.00;50;-0.42489990;0.77604980;20.95;0.017283;0.004941;-0.43255004;0.78379976;20.98;0.023784;0.002593
