smer;cyklus;cilovy_azimut;skutecne_natoceni;jump_deg;trim;xA;yA;tA;axA;ayA;xC;yC;tC;axC;ayC
CCW;1;330;-30.00;-30.00;50;-0.51450010;0.70115000;23.87;0.037737;0.032507;-0.47735012;0.69655016;23.91;0.038794;-0.022434
CCW;2;300;-60.00;-30.00;50;-0.48000008;0.65744996;23.96;0.025813;0.029146;-0.47205012;0.64829980;24.00;0.052075;-0.019138
CW;3;30;30.00;90.00;50;-0.47214988;0.64004990;24.02;0.062969;0.018591;-0.46064988;0.62040000;24.04;0.015215;-0.008423
CCW;4;210;-150.00;-180.00;50;-0.46054990;0.61114990;24.00;0.014775;-0.008596;-0.45079992;0.60835000;24.07;0.062385;0.018364
CW;5;280;-80.00;70.00;50;-0.44740000;0.60334984;24.08;0.017861;0.023718;-0.43619990;0.60460000;24.10;0.059583;-0.012861
CCW;6;220;-140.00;-60.00;50;-0.43679996;0.60130030;24.12;0.010979;-0.004255;-0.44249996;0.59384990;24.11;0.065486;0.013633
CCW;7;200;-160.00;-20.00;50;-0.44549988;0.58340016;24.17;0.018877;-0.012234;-0.42929996;0.59590000;24.15;0.057473;0.023088
CW;8;250;-110.00;50.00;50;-0.44054992;0.58540000;24.22;0.010510;0.010491;-0.42854992;0.57540008;24.29;0.065908;-0.000649
CCW;9;100;-260.00;-150.00;50;-0.42320004;0.58295000;24.30;0.058118;-0.012944;-0.43260000;0.57750000;24.24;0.015662;0.022925
CW;10;210;-150.00;110.00;50;-0.42644990;0.57470020;24.25;0.014319;-0.008792;-0.42559992;0.57809996;24.29;0.062549;0.018328
CW;11;250;-110.00;40.00;50;-0.43484990;0.56995016;24.26;0.011655;0.010095;-0.43574984;0.59834970;24.23;0.064878;-0.000603
CW;12;40;40.00;150.00;50;-0.43505000;0.58249990;24.23;0.063496;0.013420;-0.42444992;0.58715004;24.26;0.012373;-0.004299
CCW;13;240;-120.00;-160.00;50;-0.43229996;0.57560016;24.30;0.009453;0.005361;-0.42749992;0.58320020;24.30;0.064990;0.004089
CW;14;20;20.00;140.00;50;-0.42874992;0.58070010;24.30;0.059792;0.021804;-0.42109992;0.59119964;24.30;0.017698;-0.012476
CCW;15;290;-70.00;-90.00;50;-0.42899992;0.56825000;24.30;0.020574;0.026572;-0.42019980;0.58234996;24.30;0.055598;-0.016628
CW;16;320;-40.00;30.00;50;-0.41959984;0.58185000;24.30;0.033325;0.031748;-0.42545004;0.58250010;24.34;0.044214;-0.022305
CCW;17;150;-210.00;-170.00;50;-0.42205004;0.58320000;24.30;0.036990;-0.022637;-0.42410000;0.57755010;24.30;0.039177;0.032148
CCW;18;20;-340.00;-130.00;50;-0.42440016;0.58985008;24.30;0.059448;0.022197;-0.43215000;0.57114992;24.30;0.015916;-0.012441
CCW;19;220;-140.00;-140.00;50;-0.41770000;0.57905010;24.37;0.011150;-0.003674;-0.42349996;0.58764992;24.38;0.064226;0.013022
CCW;20;130;-230.00;-90.00;50;-0.41999992;0.58974976;24.42;0.046301;-0.021006;-0.43110008;0.58305010;24.41;0.030364;0.030457
CW;21;130;-230.00;0.00;50;-0.43050008;0.58544992;24.48;0.046196;-0.021587;-0.42689992;0.58060020;24.45;0.029343;0.030420
CW;22;200;-160.00;70.00;50;-0.41275008;0.59250000;24.51;0.015928;-0.012458;-0.41835000;0.59444990;24.46;0.057856;0.021470
CW;23;210;-150.00;10.00;50;-0.41155012;0.58240010;24.50;0.013384;-0.008552;-0.43404990;0.58809996;24.46;0.061782;0.018108
CW;24;290;-70.00;80.00;50;-0.42755000;0.58155010;24.55;0.020552;0.025996;-0.43540000;0.59155000;24.56;0.055969;-0.016851
CCW;25;180;-180.00;-110.00;50;-0.42080008;0.57680010;24.60;0.022637;-0.018167;-0.43744984;0.59164980;24.60;0.051187;0.028118
CCW;26;120;-240.00;-60.00;50;-0.42059996;0.59614984;24.52;0.050554;-0.018716;-0.43015004;0.59134996;24.60;0.023633;0.028970
CW;27;230;-130.00;110.00;50;-0.42729996;0.57355004;24.60;0.011648;0.000457;-0.42699996;0.58704996;24.60;0.064426;0.008896
CCW;28;200;-160.00;-30.00;50;-0.42450004;0.57745004;24.60;0.016106;-0.012866;-0.43199990;0.58700016;24.60;0.058721;0.022061
CW;29;250;-110.00;50.00;50;-0.43704996;0.58400008;24.60;0.011255;0.010278;-0.42140000;0.58854984;24.60;0.065393;-0.001270
CCW;30;110;-250.00;-140.00;50;-0.41415000;0.59334992;24.62;0.054114;-0.016226;-0.42980008;0.57250000;24.67;0.019553;0.026111
CW;31;170;-190.00;60.00;50;-0.41364996;0.57580010;24.71;0.028499;-0.021089;-0.43760010;0.59725000;24.72;0.047632;0.030337
CCW;32;90;-270.00;-80.00;50;-0.41719980;0.57780000;24.75;0.059089;-0.009563;-0.43190000;0.57200000;24.71;0.014531;0.018469
CCW;33;350;-370.00;-100.00;50;-0.43290000;0.59120008;24.75;0.047939;0.029731;-0.42675000;0.59005000;24.68;0.028123;-0.020447
CW;34;60;-300.00;70.00;50;-0.42965004;0.57620000;24.71;0.065090;0.003826;-0.42705008;0.57355004;24.70;0.010281;0.004963
CCW;35;250;-110.00;-110.00;50;-0.43770004;0.57610020;24.74;0.011174;0.009675;-0.42635004;0.58255000;24.79;0.064348;-0.001326
CCW;36;200;-160.00;-50.00;50;-0.42914990;0.56495004;24.80;0.014990;-0.012266;-0.40655016;0.57170004;24.80;0.058679;0.021260
CCW;37;60;-300.00;-140.00;50;-0.43810004;0.58909980;24.81;0.064224;0.003870;-0.42279992;0.56560000;24.80;0.009692;0.004797
CW;38;230;-130.00;170.00;50;-0.42114980;0.55910032;24.80;0.011714;-0.000459;-0.43255000;0.58664996;24.80;0.064177;0.008643
CW;39;350;-10.00;120.00;50;-0.42650000;0.58245010;24.82;0.047324;0.029824;-0.42264996;0.56984996;24.82;0.028625;-0.021265
CW;40;150;150.00;160.00;50;-0.42529990;0.57750004;24.85;0.036003;-0.023010;-0.43229984;0.56264996;24.85;0.039421;0.031570
CW;41;300;300.00;150.00;50;-0.43169992;0.55660000;24.92;0.025105;0.028137;-0.42950008;0.57770016;24.91;0.052959;-0.020393
CCW;42;240;240.00;-60.00;50;-0.42264984;0.57070004;24.96;0.011167;0.004832;-0.42364992;0.58619992;25.00;0.064329;0.004150
CCW;43;90;90.00;-150.00;50;-0.42840012;0.58095000;24.97;0.058220;-0.010557;-0.43440010;0.56310020;24.97;0.014805;0.018723
CCW;44;30;30.00;-60.00;50;-0.42989990;0.56795020;25.03;0.060740;0.017546;-0.41929990;0.57170030;25.10;0.014353;-0.008555
CW;45;110;110.00;80.00;50;-0.41889992;0.57109992;25.01;0.053435;-0.017300;-0.42510010;0.56790000;25.06;0.017439;0.026162
CCW;46;60;60.00;-50.00;50;-0.42194984;0.57410016;25.09;0.064949;0.003665;-0.43404990;0.55689996;25.09;0.010298;0.004060
CCW;47;40;40.00;-20.00;50;-0.42085004;0.56229990;25.10;0.062639;0.012974;-0.42850000;0.56470008;25.10;0.012107;-0.004492
CCW;48;250;-110.00;-150.00;50;-0.42729990;0.56169990;25.10;0.009995;0.009500;-0.41995000;0.56845020;25.11;0.064172;-0.001318
CW;49;40;40.00;150.00;50;-0.43184992;0.56245008;25.10;0.062200;0.012920;-0.42240008;0.56140010;25.10;0.010925;-0.004631
CCW;50;260;-100.00;-140.00;50;-0.42614972;0.56744984;25.13;0.011145;0.013982;-0.42335000;0.57265000;25.14;0.062537;-0.005930
CW;51;290;-70.00;30.00;50;-0.43569988;0.57470000;25.16;0.021116;0.025303;-0.42844988;0.56525010;25.10;0.054165;-0.017888
CW;52;300;-60.00;10.00;50;-0.43195000;0.55439990;25.11;0.023494;0.028677;-0.43644996;0.56190010;25.13;0.050322;-0.019858
CW;53;80;80.00;140.00;50;-0.41035000;0.56675004;25.14;0.062634;-0.005793;-0.42910000;0.55374990;25.16;0.012725;0.013784
CCW;54;310;-50.00;-130.00;50;-0.42834990;0.56555000;25.16;0.028931;0.029895;-0.41630008;0.56370010;25.15;0.046489;-0.022405
CW;55;30;30.00;80.00;50;-0.43520012;0.56325008;25.14;0.060518;0.017456;-0.42579996;0.56020010;25.15;0.014365;-0.009500
CCW;56;230;-130.00;-160.00;50;-0.42520004;0.56520000;25.10;0.010327;0.000203;-0.42354996;0.56360010;25.12;0.063291;0.008254
CW;57;340;-20.00;110.00;50;-0.43404996;0.56530020;25.20;0.041958;0.031108;-0.42734988;0.55759990;25.17;0.032393;-0.023169
CW;58;70;70.00;90.00;50;-0.41810000;0.57259992;25.21;0.061360;-0.001609;-0.41949992;0.54955000;25.13;0.013113;0.008533
CW;59;220;220.00;150.00;50;-0.42625010;0.54740000;25.21;0.011292;-0.005168;-0.42149996;0.57035008;25.20;0.063171;0.013704
CW;60;250;250.00;30.00;50;-0.43524990;0.55375010;25.22;0.011250;0.009739;-0.42230000;0.56140008;25.24;0.064387;-0.000132
CCW;61;210;210.00;-40.00;50;-0.43414984;0.56075008;25.25;0.013591;-0.008550;-0.42739992;0.56550000;25.22;0.062256;0.017456
CCW;62;170;170.00;-40.00;50;-0.42510008;0.54920024;25.26;0.027339;-0.021138;-0.43155000;0.55260010;25.28;0.047544;0.029426
CW;63;270;270.00;100.00;50;-0.42604996;0.55115010;25.25;0.013240;0.018755;-0.42350004;0.56009996;25.28;0.061812;-0.010432
CW;64;300;300.00;30.00;50;-0.43514996;0.54749996;25.29;0.025349;0.028081;-0.42405004;0.56144992;25.29;0.051785;-0.020708
CW;65;340;340.00;40.00;50;-0.43580000;0.55895008;25.30;0.041628;0.030862;-0.42304984;0.56430008;25.30;0.034470;-0.023008
CCW;66;230;230.00;-110.00;50;-0.43409990;0.53860010;25.30;0.010330;0.000671;-0.42039992;0.55525000;25.30;0.064878;0.007605
CCW;67;60;60.00;-170.00;50;-0.43840000;0.54900000;25.30;0.064529;0.003474;-0.41350008;0.55054984;25.30;0.009395;0.005188
CW;68;160;160.00;100.00;50;-0.43909970;0.54790016;25.30;0.031565;-0.022920;-0.43485000;0.55179990;25.30;0.042717;0.031206
CCW;69;10;10.00;-150.00;50;-0.43135000;0.54430010;25.30;0.054822;0.024111;-0.41949996;0.54955010;25.30;0.018225;-0.016189
CW;70;20;20.00;10.00;50;-0.43564996;0.54120010;25.30;0.058865;0.021123;-0.41605000;0.54240020;25.31;0.016567;-0.012642
CW;71;180;180.00;160.00;50;-0.42864990;0.54940016;25.30;0.022437;-0.019500;-0.43420000;0.54690000;25.32;0.051428;0.027205
CCW;72;40;40.00;-140.00;50;-0.43824996;0.55085016;25.31;0.063179;0.012295;-0.43244990;0.55220016;25.36;0.010986;-0.004648
CW;73;190;190.00;150.00;50;-0.42719996;0.54465016;25.37;0.018640;-0.016179;-0.43669996;0.53545010;25.33;0.056143;0.025042
CCW;74;100;100.00;-90.00;50;-0.42830000;0.54795000;25.34;0.056436;-0.014399;-0.43414990;0.53615016;25.38;0.017107;0.022097
CW;75;200;200.00;100.00;50;-0.42110010;0.54245012;25.38;0.016541;-0.012729;-0.44095000;0.54345024;25.36;0.059033;0.021455
CCW;76;190;190.00;-10.00;50;-0.42324992;0.53415008;25.32;0.017351;-0.016689;-0.44275000;0.52210000;25.38;0.054646;0.024819
CCW;77;130;130.00;-60.00;50;-0.43940008;0.54340004;25.36;0.045686;-0.022239;-0.43550008;0.53870016;25.41;0.028857;0.030459
CW;78;170;170.00;40.00;50;-0.41719990;0.54040000;25.40;0.026516;-0.021145;-0.42744990;0.55735000;25.40;0.048738;0.029873
CCW;79;50;50.00;-120.00;50;-0.42454996;0.54800010;25.40;0.063164;0.007629;-0.41679992;0.54305030;25.45;0.010327;0.000144
CW;80;180;180.00;130.00;50;-0.42910016;0.54100024;25.46;0.022383;-0.018972;-0.44129984;0.53630010;25.43;0.052778;0.026934
CCW;81;50;50.00;-130.00;50;-0.43799996;0.54420020;25.37;0.063447;0.007930;-0.41825004;0.53405004;25.45;0.009563;-0.000288
CW;82;220;220.00;170.00;50;-0.42379996;0.54590020;25.45;0.010728;-0.004734;-0.42954992;0.54445010;25.45;0.064187;0.012019
CCW;83;150;150.00;-70.00;50;-0.43509984;0.54230000;25.46;0.035371;-0.022432;-0.42985000;0.54150004;25.48;0.038706;0.031311
CW;84;230;230.00;80.00;50;-0.43370000;0.53330010;25.49;0.009553;0.000789;-0.43305004;0.53775010;25.46;0.063904;0.007761
CCW;85;50;50.00;-180.00;50;-0.43280004;0.54899990;25.43;0.063796;0.007920;-0.43424990;0.54035016;25.44;0.009954;0.000439
CCW;86;280;-80.00;-130.00;50;-0.42509992;0.54140016;25.49;0.015544;0.022476;-0.43434992;0.53990020;25.47;0.056323;-0.014275
CCW;87;230;-130.00;-50.00;50;-0.43465004;0.54355020;25.52;0.009099;0.000635;-0.43610004;0.54700000;25.48;0.062749;0.007942
CCW;88;150;-210.00;-80.00;50;-0.42915004;0.53390010;25.47;0.034614;-0.023123;-0.44639988;0.55200010;25.45;0.035962;0.032180
CCW;89;70;-290.00;-80.00;50;-0.43474990;0.54830024;25.48;0.063057;-0.001465;-0.43415004;0.53770024;25.47;0.009729;0.009875
CCW;90;320;-400.00;-110.00;50;-0.43500004;0.53310008;25.47;0.032131;0.031201;-0.43974988;0.54625000;25.48;0.040156;-0.023115
CW;91;60;-300.00;100.00;50;-0.43375004;0.54865000;25.37;0.063835;0.003223;-0.41945000;0.53119992;25.37;0.009590;0.004756
CCW;92;30;-330.00;-30.00;50;-0.44019992;0.54430010;25.42;0.060879;0.016672;-0.42775000;0.53640000;25.38;0.011401;-0.008523
CCW;93;340;-380.00;-50.00;50;-0.43219992;0.53785016;25.49;0.042642;0.030862;-0.42895012;0.54964990;25.39;0.031150;-0.022478
CCW;94;330;-390.00;-10.00;50;-0.43150004;0.53930000;25.43;0.037100;0.031863;-0.43264988;0.53005004;25.45;0.036013;-0.023740
CW;95;10;-350.00;40.00;50;-0.43085008;0.53555000;25.46;0.054685;0.024246;-0.44005000;0.54480016;25.46;0.019265;-0.016140
CW;96;10;-350.00;0.00;50;-0.43685010;0.54780010;25.45;0.054038;0.024470;-0.42690010;0.54070016;25.46;0.018003;-0.016169
CW;97;130;-230.00;120.00;50;-0.44369992;0.55480000;25.41;0.045105;-0.022253;-0.43070000;0.54150010;25.43;0.026833;0.030969
CW;98;210;-150.00;80.00;50;-0.44199980;0.54590010;25.37;0.012490;-0.008257;-0.44270004;0.54525024;25.41;0.061101;0.016111
CW;99;350;-10.00;140.00;50;-0.43430000;0.53475016;25.41;0.046731;0.029290;-0.44020010;0.53940020;25.45;0.027571;-0.022629
CCW;100;230;-130.00;-120.00;50;-0.43800010;0.54235020;25.44;0.008838;0.000327;-0.44179992;0.55074996;25.49;0.063301;0.007651
CW;101;10;10.00;140.00;50;-0.43890000;0.55630004;25.57;0.054148;0.024114;-0.42749996;0.53740020;25.49;0.018972;-0.016284
CW;102;120;120.00;110.00;50;-0.43054990;0.54925008;25.48;0.048069;-0.020615;-0.43129990;0.52555000;25.50;0.023853;0.027581
CCW;103;80;80.00;-40.00;50;-0.43384992;0.54235020;25.52;0.059788;-0.006208;-0.42794990;0.52405000;25.56;0.011794;0.014060
CW;104;250;250.00;170.00;50;-0.43685000;0.53380010;25.58;0.011077;0.009902;-0.43060000;0.53660010;25.59;0.065684;-0.001714
CCW;105;160;160.00;-90.00;50;-0.41829990;0.54085004;25.60;0.031006;-0.022432;-0.44124996;0.53815020;25.60;0.043723;0.031045
CW;106;230;230.00;70.00;50;-0.44175016;0.53435010;25.60;0.009902;0.000112;-0.43630000;0.54030016;25.58;0.064192;0.008208
CW;107;290;290.00;60.00;50;-0.43739996;0.53085008;25.56;0.020750;0.025786;-0.43345000;0.52735008;25.55;0.054937;-0.017300
CCW;108;220;220.00;-70.00;50;-0.44129990;0.54555010;25.57;0.012834;-0.004055;-0.43905000;0.54005000;25.58;0.062871;0.012649
CCW;109;100;100.00;-120.00;50;-0.43670000;0.54095008;25.60;0.056289;-0.014414;-0.44414992;0.53615020;25.60;0.016113;0.022737
CW;110;170;170.00;70.00;50;-0.42615000;0.54015030;25.60;0.026831;-0.021277;-0.43360000;0.53355016;25.59;0.047656;0.029604
CCW;111;60;60.00;-110.00;50;-0.42534992;0.55610010;25.60;0.064163;0.002957;-0.43804996;0.53070000;25.58;0.010032;0.005193
CCW;112;340;-20.00;-80.00;50;-0.43470000;0.54270020;25.57;0.041931;0.030894;-0.42995020;0.53850012;25.59;0.031155;-0.022356
CCW;113;210;-150.00;-130.00;50;-0.43479990;0.53039984;25.60;0.011775;-0.008462;-0.43835000;0.54080030;25.60;0.059861;0.016611
CW;114;330;-30.00;120.00;50;-0.44150000;0.54105024;25.57;0.036633;0.031807;-0.41654992;0.54970000;25.58;0.035476;-0.023188
CW;115;100;100.00;130.00;50;-0.43210000;0.54895000;25.54;0.057756;-0.014656;-0.43510016;0.53815030;25.59;0.017139;0.022349
CCW;116;340;-20.00;-120.00;50;-0.43360000;0.54705000;25.58;0.041775;0.031055;-0.42760010;0.55325010;25.58;0.030918;-0.022651
CCW;117;170;-190.00;-170.00;50;-0.42835004;0.53380008;25.57;0.024783;-0.021340;-0.43870000;0.52159990;25.55;0.046873;0.029707
CW;118;240;-120.00;70.00;50;-0.43655010;0.53985010;25.58;0.009087;0.005071;-0.42769992;0.53340008;25.58;0.062422;0.002866
CW;119;340;-20.00;100.00;50;-0.44239984;0.52469990;25.55;0.042236;0.031084;-0.43104990;0.53015008;25.57;0.031238;-0.022473
CW;120;90;90.00;110.00;50;-0.42439990;0.53600010;25.52;0.059580;-0.010095;-0.43385000;0.52980008;25.46;0.014502;0.018777
CW;121;140;140.00;50.00;50;-0.43239988;0.53615010;25.53;0.039688;-0.022810;-0.43664990;0.52914992;25.54;0.032634;0.030933
CCW;122;330;-30.00;-170.00;50;-0.43760000;0.53820016;25.56;0.037024;0.031763;-0.43920012;0.54010016;25.60;0.036531;-0.023848
CW;123;120;120.00;150.00;50;-0.43709980;0.53640016;25.58;0.049126;-0.020071;-0.44285008;0.52990016;25.51;0.024648;0.028315
CCW;124;80;80.00;-40.00;50;-0.42674984;0.54415020;25.53;0.060601;-0.006055;-0.43434990;0.52785010;25.49;0.012151;0.013130
CW;125;90;90.00;10.00;50;-0.43239992;0.53515020;25.60;0.059900;-0.010410;-0.44644996;0.53800010;25.60;0.013926;0.017974
CCW;126;270;-90.00;-180.00;50;-0.42449980;0.53560010;25.60;0.012258;0.018225;-0.43230004;0.54300016;25.60;0.058960;-0.010522
CW;127;310;-50.00;40.00;50;-0.44494996;0.52699996;25.60;0.027803;0.030059;-0.43360004;0.52305000;25.59;0.044531;-0.021619
CCW;128;250;-110.00;-60.00;50;-0.42729992;0.52975000;25.60;0.009653;0.009744;-0.42975008;0.54255024;25.60;0.063320;-0.002158
CW;129;320;-40.00;70.00;50;-0.43190000;0.53440010;25.60;0.032319;0.031157;-0.43234992;0.53234992;25.60;0.038792;-0.023237
CCW;130;290;-70.00;-30.00;50;-0.43465008;0.52594996;25.60;0.018521;0.025979;-0.43604988;0.53135016;25.60;0.053394;-0.018315
CW;131;30;30.00;100.00;50;-0.44335000;0.53635020;25.60;0.060581;0.016785;-0.43575004;0.52865004;25.62;0.013010;-0.009023
CCW;132;210;-150.00;-180.00;50;-0.43594992;0.53455010;25.60;0.011980;-0.008193;-0.44155000;0.54085016;25.60;0.059653;0.016494
CW;133;270;-90.00;60.00;50;-0.44790000;0.53720000;25.60;0.013655;0.019480;-0.43390004;0.52545008;25.60;0.060081;-0.010613
CW;134;280;-80.00;10.00;50;-0.43894996;0.53380010;25.61;0.015710;0.022739;-0.42510004;0.53130008;25.60;0.057126;-0.014709
CW;135;330;-30.00;50.00;50;-0.43810000;0.54010010;25.61;0.038279;0.032253;-0.44140008;0.52699996;25.60;0.035283;-0.023579
CW;136;0;0.00;30.00;50;-0.43915016;0.52459990;25.69;0.051882;0.026768;-0.42949990;0.52915008;25.71;0.021201;-0.018757
CW;137;20;20.00;20.00;50;-0.43905000;0.52869992;25.68;0.058748;0.020417;-0.43509990;0.52995010;25.66;0.015645;-0.012180
CCW;138;260;-100.00;-120.00;50;-0.44140008;0.52429984;25.63;0.009387;0.014905;-0.43960008;0.51974980;25.60;0.061970;-0.006719
CCW;139;190;-170.00;-70.00;50;-0.43530000;0.53535000;25.72;0.017014;-0.015581;-0.43800000;0.53164992;25.65;0.054729;0.024055
CW;140;260;-100.00;70.00;50;-0.43384990;0.53074990;25.64;0.010420;0.014805;-0.43990000;0.53630020;25.72;0.060942;-0.006770
CCW;141;200;-160.00;-60.00;50;-0.44435000;0.52559990;25.64;0.015112;-0.012776;-0.44095000;0.52664996;25.64;0.058115;0.020608
CW;142;330;-30.00;130.00;50;-0.44609984;0.51904990;25.60;0.038289;0.031658;-0.42190008;0.52525000;25.67;0.037043;-0.023503
CW;143;120;120.00;150.00;50;-0.44904992;0.52655010;25.66;0.049871;-0.020098;-0.43920000;0.53500010;25.65;0.023938;0.028420
CCW;144;340;-20.00;-140.00;50;-0.44744984;0.52299992;25.64;0.040796;0.031128;-0.43654996;0.51789980;25.65;0.030715;-0.022822
CCW;145;300;-60.00;-40.00;50;-0.44659992;0.52334990;25.62;0.022693;0.028679;-0.45039990;0.53020010;25.62;0.049709;-0.020557
CCW;146;240;-120.00;-60.00;50;-0.44349996;0.52580000;25.67;0.005679;0.006338;-0.43190000;0.53450008;25.69;0.063569;0.002083
CW;147;300;-60.00;60.00;50;-0.43159990;0.52645000;25.62;0.023586;0.028289;-0.43875004;0.53210016;25.68;0.049382;-0.020615
CCW;148;120;-240.00;-180.00;50;-0.44300000;0.53960016;25.66;0.047996;-0.020066;-0.43420000;0.52955016;25.62;0.021860;0.028076
CCW;149;330;-390.00;-150.00;50;-0.43405000;0.53520010;25.67;0.035801;0.031433;-0.43030000;0.52225000;25.66;0.034812;-0.023228
CCW;150;310;-50.00;-50.00;50;-0.44139996;0.53305030;25.72;0.027888;0.029600;-0.44559992;0.52600010;25.71;0.045811;-0.022107
CCW;151;290;-70.00;-20.00;50;-0.44665000;0.50779984;25.62;0.020830;0.026243;-0.44029990;0.52019980;25.65;0.052766;-0.017808
CCW;152;260;-100.00;-30.00;50;-0.44174992;0.51719990;25.67;0.009792;0.015042;-0.43705004;0.52924990;25.68;0.061121;-0.007168
CCW;153;190;-170.00;-70.00;50;-0.43564990;0.52649990;25.73;0.017759;-0.015518;-0.44419996;0.51710000;25.75;0.054658;0.024341
CCW;154;80;-280.00;-110.00;50;-0.43144990;0.52654990;25.68;0.060947;-0.006299;-0.43505004;0.52184980;25.76;0.011260;0.014788
CCW;155;20;-340.00;-60.00;50;-0.44665000;0.51534984;25.78;0.058892;0.020371;-0.43745000;0.52810010;25.79;0.014910;-0.012671
CCW;156;210;-150.00;-150.00;50;-0.43450012;0.51299990;25.80;0.012358;-0.008662;-0.44450008;0.51549970;25.80;0.062141;0.015957
CCW;157;60;-300.00;-150.00;50;-0.43914996;0.52119980;25.78;0.062969;0.002627;-0.44239996;0.51534984;25.80;0.008845;0.005203
CW;158;110;-250.00;50.00;50;-0.44074996;0.50629990;25.80;0.053774;-0.018311;-0.43939996;0.51689990;25.80;0.018687;0.025469
CW;159;190;-170.00;80.00;50;-0.43579996;0.51934980;25.79;0.017085;-0.015698;-0.44225000;0.53045004;25.80;0.053752;0.024265
CCW;160;90;-270.00;-100.00;50;-0.43745010;0.51054990;25.80;0.060007;-0.011326;-0.44789984;0.51990010;25.77;0.012334;0.019321
CCW;161;10;-350.00;-80.00;50;-0.44020010;0.52474992;25.80;0.055515;0.023901;-0.43520016;0.51154984;25.80;0.018384;-0.016265
CCW;162;240;-120.00;-120.00;50;-0.42815000;0.52094984;25.80;0.008433;0.005747;-0.44284984;0.51860000;25.77;0.063386;0.002666
CCW;163;130;-230.00;-110.00;50;-0.44045010;0.52990010;25.77;0.043528;-0.022405;-0.43354996;0.51314990;25.78;0.027610;0.030496
CW;164;270;-90.00;140.00;50;-0.42834988;0.51559984;25.79;0.012595;0.018574;-0.43580016;0.52064980;25.78;0.059897;-0.011030
CCW;165;180;-180.00;-90.00;50;-0.44150000;0.52605004;25.80;0.020317;-0.018628;-0.45314980;0.51604980;25.75;0.050525;0.026230
CCW;166;150;-210.00;-30.00;50;-0.44579984;0.51784980;25.78;0.034236;-0.023472;-0.44354988;0.51769970;25.76;0.037625;0.031160
CCW;167;350;-370.00;-160.00;50;-0.44470000;0.53055020;25.78;0.046348;0.029141;-0.43790000;0.52289984;25.68;0.026433;-0.021704
CW;168;160;-200.00;170.00;50;-0.44599996;0.51769984;25.80;0.029985;-0.023152;-0.44909996;0.51669980;25.74;0.041335;0.030737
CW;169;170;-190.00;10.00;50;-0.44929990;0.52599996;25.79;0.024329;-0.021365;-0.44144988;0.51049980;25.80;0.047412;0.029204
CW;170;330;-30.00;160.00;50;-0.44139996;0.51624980;25.78;0.037861;0.031313;-0.44005000;0.51834990;25.74;0.034788;-0.023645
CW;171;120;120.00;150.00;50;-0.44970008;0.51989984;25.78;0.049131;-0.021348;-0.44185000;0.51560000;25.77;0.025801;0.029155
CW;172;250;250.00;130.00;50;-0.44874992;0.52619992;25.76;0.009004;0.009863;-0.45519992;0.52254984;25.80;0.062400;-0.002466
CCW;173;220;220.00;-30.00;50;-0.43650000;0.51189990;25.79;0.011440;-0.003594;-0.44994984;0.51269980;25.80;0.063215;0.011653
CW;174;220;220.00;0.00;50;-0.43590000;0.51545008;25.80;0.010122;-0.003901;-0.44479992;0.51979990;25.80;0.063718;0.011658
CW;175;30;390.00;170.00;50;-0.44144996;0.51180000;25.80;0.063818;0.014680;-0.44419996;0.50369990;25.80;0.014587;-0.008645
CCW;176;20;380.00;-10.00;50;-0.44185000;0.51939980;25.80;0.058496;0.019492;-0.43484992;0.50784976;25.82;0.014429;-0.013801
CCW;177;270;270.00;-110.00;50;-0.44019992;0.51479990;25.80;0.012505;0.019038;-0.43795000;0.51704990;25.80;0.058735;-0.010896
CCW;178;90;90.00;-180.00;50;-0.43165000;0.50849990;25.80;0.058550;-0.011321;-0.44709996;0.50939984;25.80;0.013945;0.018484
CW;179;150;150.00;60.00;50;-0.44604992;0.50789976;25.80;0.035190;-0.023596;-0.44280000;0.51064980;25.80;0.037766;0.030977
CCW;180;120;120.00;-30.00;50;-0.43729996;0.51504976;25.87;0.047417;-0.020388;-0.44300000;0.50715000;25.93;0.023655;0.028582
CW;181;130;130.00;10.00;50;-0.43814996;0.50794976;25.91;0.043601;-0.022432;-0.43904990;0.49685000;25.89;0.029863;0.030166
CCW;182;340;-20.00;-150.00;50;-0.44214988;0.49385000;25.87;0.041858;0.030232;-0.43124992;0.50245004;25.84;0.030681;-0.022903
CW;183;90;90.00;110.00;50;-0.42930000;0.51749984;25.92;0.057578;-0.011147;-0.44089996;0.49814988;25.95;0.012373;0.018855
CCW;184;320;-40.00;-130.00;50;-0.44599984;0.49875000;25.94;0.031570;0.031548;-0.43084990;0.51739984;25.95;0.037983;-0.023379
CCW;185;200;-160.00;-120.00;50;-0.44789980;0.50804990;25.88;0.013594;-0.012307;-0.44929970;0.51679980;25.89;0.056936;0.020291
CCW;186;170;-190.00;-30.00;50;-0.43670000;0.50794968;25.84;0.024883;-0.020615;-0.43995010;0.50060004;25.86;0.046069;0.029351
CW;187;260;-100.00;90.00;50;-0.44120008;0.50989990;25.83;0.009146;0.014392;-0.43504992;0.51159980;25.85;0.060603;-0.006697
CCW;188;120;-240.00;-140.00;50;-0.43244988;0.50909990;25.86;0.048257;-0.021038;-0.44680004;0.50399990;25.83;0.023713;0.028240
CW;189;160;-200.00;40.00;50;-0.42519996;0.50055004;25.80;0.029016;-0.023318;-0.43640008;0.53315010;25.84;0.039929;0.030896
CCW;190;60;-300.00;-100.00;50;-0.44499996;0.51039990;25.82;0.062815;0.002114;-0.43490000;0.51134990;25.80;0.007566;0.005498
CW;191;210;-150.00;150.00;50;-0.43230000;0.50450004;25.83;0.010217;-0.008230;-0.43909996;0.50904996;25.81;0.059397;0.016587
CCW;192;100;-260.00;-110.00;50;-0.44380000;0.51519990;25.84;0.055679;-0.014805;-0.43924984;0.49960000;25.91;0.015608;0.022925
CW;193;270;-90.00;170.00;50;-0.43314992;0.51719990;25.87;0.013501;0.018577;-0.44215004;0.50334984;25.88;0.058560;-0.011938
CCW;194;180;-180.00;-90.00;50;-0.44305000;0.49949976;25.91;0.019705;-0.018948;-0.43770010;0.50475016;25.87;0.049546;0.026550
CW;195;270;-90.00;90.00;50;-0.43355000;0.50849976;25.86;0.011921;0.018989;-0.44340000;0.50884984;25.88;0.059050;-0.011172
CW;196;10;10.00;100.00;50;-0.44145010;0.51294976;25.93;0.054766;0.023936;-0.42544992;0.50849976;25.86;0.018218;-0.016655
CW;197;150;150.00;140.00;50;-0.42864990;0.51549990;25.92;0.033403;-0.022888;-0.44720000;0.50499992;25.95;0.038943;0.030801
CCW;198;30;30.00;-120.00;50;-0.43840000;0.50694990;25.94;0.059075;0.016514;-0.43584990;0.50150000;25.85;0.011650;-0.008767
CCW;199;260;-100.00;-130.00;50;-0.44155000;0.50139990;26.01;0.010977;0.014753;-0.43289984;0.50884990;25.90;0.060264;-0.007417
CW;200;330;-30.00;70.00;50;-0.44475000;0.50794990;25.93;0.037788;0.031262;-0.42595008;0.50259990;25.92;0.034736;-0.023555
CCW;201;280;-80.00;-50.00;50;-0.44749992;0.50514990;25.89;0.015234;0.022961;-0.42945004;0.50945010;25.89;0.055896;-0.014797
CCW;202;240;-120.00;-40.00;50;-0.43565000;0.50055010;25.91;0.007498;0.005464;-0.44524992;0.50724980;25.90;0.063213;0.002693
CCW;203;140;-220.00;-100.00;50;-0.44134984;0.50539990;25.84;0.038198;-0.023291;-0.44299996;0.50044990;25.93;0.032266;0.030771
CW;204;250;-110.00;110.00;50;-0.44465004;0.49285020;25.88;0.008672;0.010261;-0.44879990;0.49839990;25.96;0.061382;-0.002146
CW;205;280;-80.00;30.00;50;-0.43740012;0.49604988;25.91;0.015503;0.022432;-0.44489992;0.50439984;25.93;0.056069;-0.014934
CW;206;320;-40.00;40.00;50;-0.44310010;0.49930000;25.96;0.032583;0.030571;-0.44365000;0.50255000;25.97;0.038850;-0.023132
CW;207;90;90.00;130.00;50;-0.44054992;0.49819988;25.92;0.058828;-0.010857;-0.43330000;0.49959990;26.00;0.011741;0.017886
CCW;208;40;40.00;-50.00;50;-0.44599996;0.51089996;25.99;0.061738;0.011584;-0.43685004;0.50090016;25.98;0.010339;-0.004495
CCW;209;280;-80.00;-120.00;50;-0.43275000;0.50729996;26.01;0.015417;0.022554;-0.42655004;0.51114980;25.97;0.055747;-0.014644
CCW;210;190;-170.00;-90.00;50;-0.43670000;0.50889984;26.02;0.016455;-0.015977;-0.44025000;0.50349990;26.04;0.053459;0.024285
CW;211;220;-140.00;30.00;50;-0.43634990;0.50604990;26.03;0.007690;-0.004294;-0.44459988;0.50340000;26.02;0.061252;0.012168
CCW;212;180;-180.00;-40.00;50;-0.43510000;0.49630010;26.07;0.019922;-0.018914;-0.44764984;0.49775004;26.04;0.049963;0.027036
CCW;213;30;-330.00;-150.00;50;-0.44290008;0.51674980;26.10;0.058462;0.016919;-0.42769984;0.50250008;26.09;0.010935;-0.008684
CW;214;130;-230.00;100.00;50;-0.44289988;0.50269990;26.05;0.043083;-0.022273;-0.45099980;0.51024990;26.10;0.027942;0.030229
CW;215;180;-180.00;50.00;50;-0.44450012;0.50274990;26.10;0.020620;-0.019021;-0.44494988;0.49334992;26.02;0.050166;0.026858
CCW;216;110;-250.00;-70.00;50;-0.44579984;0.49829996;26.05;0.051716;-0.017217;-0.44110004;0.49575000;26.07;0.019968;0.025725
CW;217;280;-80.00;170.00;50;-0.43840016;0.50015010;26.07;0.015679;0.022905;-0.43950004;0.51184990;26.05;0.056067;-0.014595
CCW;218;130;-230.00;-150.00;50;-0.43115004;0.49209990;25.98;0.042961;-0.022524;-0.43920000;0.49760004;25.97;0.026946;0.030330
CCW;219;100;-260.00;-30.00;50;-0.44105000;0.50385004;26.05;0.055908;-0.014255;-0.42795000;0.50759996;26.03;0.015537;0.022158
CCW;220;330;-390.00;-130.00;50;-0.44265010;0.50065000;25.94;0.035994;0.031108;-0.43689996;0.51180000;25.96;0.034368;-0.023401
CCW;221;290;-70.00;-70.00;50;-0.44309984;0.48660010;25.95;0.018433;0.025508;-0.43380024;0.50749990;25.92;0.053601;-0.017424
CCW;222;110;-250.00;-180.00;50;-0.42954992;0.51469980;25.92;0.052715;-0.017585;-0.43324990;0.49925000;25.98;0.018530;0.025942
CW;223;110;-250.00;0.00;50;-0.44249992;0.50549980;25.95;0.053054;-0.017922;-0.44394992;0.50209992;25.92;0.018911;0.025701
CCW;224;310;-50.00;-50.00;50;-0.44084980;0.49729988;25.95;0.028049;0.029749;-0.43180000;0.51119970;25.91;0.045596;-0.022290
CW;225;30;30.00;80.00;50;-0.44035010;0.50479990;25.92;0.058965;0.016709;-0.43325004;0.49445004;25.92;0.012324;-0.009011
CCW;226;230;-130.00;-160.00;50;-0.43615000;0.49405004;26.01;0.008091;0.000664;-0.43744990;0.50884984;26.04;0.062048;0.007815
CW;227;340;-20.00;110.00;50;-0.44460020;0.50245000;25.98;0.041577;0.030872;-0.43490000;0.51159990;26.00;0.030779;-0.023169
CCW;228;160;-200.00;-180.00;50;-0.44324996;0.50419980;26.04;0.029500;-0.022666;-0.44520008;0.50849976;26.08;0.042065;0.030647
CCW;229;100;-260.00;-60.00;50;-0.43320004;0.50325000;26.06;0.056074;-0.015093;-0.43930004;0.49780004;26.02;0.015051;0.022039
CW;230;200;-160.00;100.00;50;-0.43215000;0.50310000;26.07;0.014326;-0.012991;-0.44654984;0.49200008;26.03;0.057686;0.020671
CCW;231;120;-240.00;-80.00;50;-0.43095000;0.50154984;26.04;0.046973;-0.020288;-0.44854984;0.49255008;26.10;0.021982;0.027913
CCW;232;310;-50.00;-50.00;50;-0.44095004;0.48974990;26.06;0.027429;0.030366;-0.43814990;0.50789976;26.07;0.044548;-0.022346
CW;233;50;50.00;100.00;50;-0.44564980;0.49865004;26.10;0.061934;0.007144;-0.43850004;0.48950008;26.10;0.009822;-0.000906
CCW;234;250;-110.00;-160.00;50;-0.44619992;0.49869988;26.08;0.008438;0.009893;-0.43515000;0.51509990;26.10;0.062251;-0.002131
CW;235;350;-10.00;100.00;50;-0.44149996;0.49764996;26.10;0.047244;0.028748;-0.43755000;0.49769992;26.05;0.026057;-0.021399
CW;236;80;80.00;90.00;50;-0.44280000;0.49434992;26.06;0.059141;-0.007344;-0.43190004;0.48764996;26.09;0.011765;0.013215
CW;237;190;190.00;110.00;50;-0.44470000;0.49875000;25.99;0.017656;-0.017219;-0.44724996;0.50105000;26.03;0.053184;0.023713
CCW;238;50;50.00;-140.00;50;-0.42935000;0.49949990;26.09;0.061646;0.007253;-0.43710010;0.50040008;26.01;0.009602;-0.000354
CCW;239;0;0.00;-50.00;50;-0.44165000;0.49264992;26.08;0.049968;0.026897;-0.43859996;0.49714988;26.03;0.021624;-0.019487
CCW;240;310;-50.00;-50.00;50;-0.43989984;0.49430004;25.96;0.027244;0.030251;-0.44615000;0.48839996;26.01;0.044988;-0.022305
CCW;241;240;-120.00;-70.00;50;-0.43020008;0.48970008;26.01;0.008679;0.005022;-0.44459996;0.51429976;26.01;0.062021;0.002153
CW;242;50;50.00;170.00;50;-0.43455000;0.50725000;26.00;0.062097;0.007852;-0.43734992;0.49835000;26.03;0.008848;-0.000647
CW;243;140;140.00;90.00;50;-0.44150000;0.50220008;25.99;0.039688;-0.023198;-0.44479992;0.49925000;26.07;0.033330;0.030637
CCW;244;80;80.00;-60.00;50;-0.44209996;0.50414984;26.03;0.061162;-0.006638;-0.43480012;0.49220000;26.04;0.011145;0.013303
CW;245;100;100.00;20.00;50;-0.44420000;0.50790000;25.95;0.055410;-0.014858;-0.44265008;0.51139976;25.91;0.015730;0.021895
CW;246;210;210.00;110.00;50;-0.43515000;0.49400016;26.01;0.012671;-0.008911;-0.45589980;0.49869996;26.01;0.060886;0.016228
CCW;247;90;90.00;-120.00;50;-0.44414992;0.50545000;26.04;0.058831;-0.010522;-0.44499988;0.49255000;25.99;0.014070;0.018638
CW;248;120;120.00;30.00;50;-0.43975000;0.50299996;25.99;0.048943;-0.019551;-0.44065010;0.50179980;25.94;0.023752;0.028413
CCW;249;70;70.00;-50.00;50;-0.43740000;0.51069980;25.98;0.062087;-0.001572;-0.45219984;0.49429992;25.95;0.010393;0.010288
CCW;250;350;-10.00;-80.00;50;-0.44654992;0.51074980;26.00;0.045547;0.029399;-0.44265000;0.50100000;25.96;0.025530;-0.022075
CW;251;150;150.00;160.00;50;-0.43490004;0.50479990;25.97;0.035012;-0.023208;-0.44884984;0.50549980;25.96;0.036763;0.031785
CW;252;280;280.00;130.00;50;-0.44790000;0.49219992;25.99;0.015986;0.022891;-0.43540000;0.50244980;25.92;0.056934;-0.013726
CCW;253;230;230.00;-50.00;50;-0.44134996;0.48765020;26.08;0.009849;0.000535;-0.45230000;0.50564984;26.03;0.062202;0.007825
CCW;254;160;160.00;-70.00;50;-0.44150008;0.50390000;25.99;0.029844;-0.022639;-0.43314972;0.49915000;26.04;0.041934;0.030764
CW;255;250;250.00;90.00;50;-0.43775000;0.48645008;26.10;0.009944;0.010244;-0.43680000;0.48799980;26.10;0.064438;-0.002283
CCW;256;70;70.00;-180.00;50;-0.44205000;0.48990000;26.10;0.062026;-0.001870;-0.44115000;0.49380000;26.10;0.010281;0.009551
CW;257;100;100.00;30.00;50;-0.44295000;0.49395000;26.10;0.056626;-0.015012;-0.43764990;0.48245012;26.10;0.016213;0.022183
CW;258;200;200.00;100.00;50;-0.44379996;0.48370000;26.10;0.013899;-0.013081;-0.45299992;0.49849988;26.10;0.060500;0.020432
CCW;259;100;100.00;-100.00;50;-0.44459984;0.49095004;26.10;0.055374;-0.014546;-0.44089992;0.47894996;26.10;0.015947;0.022356
CCW;260;350;-10.00;-110.00;50;-0.44100010;0.48544992;26.10;0.046226;0.029099;-0.42539996;0.47585000;26.10;0.025735;-0.021636
CCW;261;210;-150.00;-140.00;50;-0.43454992;0.48595000;26.10;0.011169;-0.008169;-0.43690000;0.48614990;26.11;0.060144;0.016689
CW;262;340;-20.00;130.00;50;-0.44404996;0.49049990;26.15;0.041765;0.030664;-0.42994992;0.49605008;26.15;0.028799;-0.022529
CCW;263;320;-40.00;-20.00;50;-0.44484996;0.49780000;26.14;0.031528;0.031243;-0.43550000;0.49589984;26.13;0.038079;-0.023459
CCW;264;270;-90.00;-50.00;50;-0.43125004;0.49025000;26.13;0.012441;0.018828;-0.42774990;0.49845012;26.13;0.058669;-0.011538
CCW;265;220;-140.00;-50.00;50;-0.43844984;0.49190008;26.10;0.009238;-0.003889;-0.42495008;0.49144990;26.10;0.061121;0.011667
CCW;266;60;-300.00;-160.00;50;-0.44344984;0.49229990;26.10;0.062114;0.002993;-0.43464996;0.48580004;26.12;0.008091;0.005432
CW;267;180;-180.00;120.00;50;-0.42454996;0.48394990;26.11;0.020474;-0.019314;-0.44114984;0.49894996;26.14;0.049343;0.026125
CW;268;330;-30.00;150.00;50;-0.45325010;0.49415000;26.10;0.036145;0.030901;-0.43965010;0.47654980;26.14;0.034824;-0.024067
CCW;269;180;-180.00;-150.00;50;-0.44119988;0.47124996;26.16;0.020391;-0.019102;-0.44470000;0.48880000;26.18;0.050190;0.027109
CCW;270;170;-190.00;-10.00;50;-0.42569996;0.49735016;26.19;0.024661;-0.021348;-0.44140000;0.48100010;26.17;0.046960;0.028564
CCW;271;50;-310.00;-120.00;50;-0.43280000;0.49425012;26.12;0.061545;0.007783;-0.42364990;0.48610004;26.15;0.008071;0.000620
CCW;272;20;-340.00;-30.00;50;-0.43505000;0.49085000;26.20;0.057759;0.020007;-0.44984984;0.47735010;26.19;0.013887;-0.013149
CCW;273;240;-120.00;-120.00;50;-0.43560000;0.48870004;26.18;0.007319;0.004788;-0.42830000;0.48730004;26.22;0.062424;0.002336
CW;274;350;-10.00;110.00;50;-0.43959996;0.48559992;26.29;0.045295;0.028750;-0.42815000;0.49240004;26.27;0.024954;-0.021475
CW;275;30;30.00;40.00;50;-0.43900000;0.48900004;26.22;0.059905;0.016108;-0.43329992;0.48155000;26.15;0.011758;-0.009036
CCW;276;20;20.00;-10.00;50;-0.44709984;0.49064980;26.20;0.059551;0.020168;-0.42335008;0.48239992;26.22;0.014363;-0.013101
CW;277;170;170.00;150.00;50;-0.42545004;0.48864992;26.25;0.025251;-0.022683;-0.44094984;0.48524988;26.23;0.046558;0.029141
CW;278;280;280.00;110.00;50;-0.43570004;0.46349990;26.23;0.015220;0.022332;-0.43195000;0.49460020;26.23;0.057349;-0.014812
CCW;279;130;130.00;-150.00;50;-0.44025000;0.47549984;26.26;0.045078;-0.023052;-0.43430004;0.49420010;26.30;0.025623;0.030139
CW;280;160;160.00;30.00;50;-0.42799990;0.47729988;26.28;0.029092;-0.022891;-0.44554984;0.49195000;26.24;0.042051;0.029985
CCW;281;340;-20.00;-180.00;50;-0.44265008;0.46984984;26.25;0.041829;0.030415;-0.43220024;0.48215008;26.27;0.029680;-0.022932
CW;282;140;140.00;160.00;50;-0.43410004;0.48444992;26.23;0.038965;-0.023035;-0.43615000;0.48209996;26.29;0.033584;0.030896
CCW;283;120;120.00;-20.00;50;-0.43215004;0.47880008;26.15;0.047883;-0.020171;-0.44295000;0.47629980;26.22;0.023506;0.028267
CW;284;180;180.00;60.00;50;-0.43674984;0.48000000;26.30;0.020879;-0.018867;-0.44144996;0.47344990;26.30;0.051438;0.026858
CCW;285;70;70.00;-110.00;50;-0.43005000;0.48815008;26.30;0.061023;-0.002017;-0.43260000;0.46980000;26.28;0.009631;0.010132
CCW;286;30;30.00;-40.00;50;-0.43329984;0.47724992;26.30;0.059175;0.016353;-0.43234990;0.47099996;26.30;0.010876;-0.008289
CW;287;120;120.00;90.00;50;-0.43455004;0.48785000;26.30;0.048437;-0.020540;-0.43510004;0.48309996;26.30;0.024077;0.027405
CW;288;160;160.00;40.00;50;-0.43034996;0.48260008;26.30;0.029636;-0.023188;-0.44310000;0.48275010;26.30;0.040740;0.031167
CW;289;230;230.00;70.00;50;-0.43225004;0.47600000;26.30;0.007649;0.000327;-0.43169990;0.47529992;26.30;0.062107;0.007781
CW;290;40;400.00;170.00;50;-0.44925004;0.48915000;26.31;0.061538;0.011873;-0.42270008;0.46989984;26.31;0.010115;-0.005051
CW;291;150;150.00;150.00;50;-0.41939984;0.48665008;26.30;0.034363;-0.022891;-0.44389992;0.48069996;26.30;0.036885;0.031208
CCW;292;90;90.00;-60.00;50;-0.43584976;0.48300008;26.30;0.057915;-0.011045;-0.43649996;0.47315000;26.31;0.012339;0.018469
CW;293;160;160.00;70.00;50;-0.43970004;0.47309996;26.30;0.029753;-0.022957;-0.43329990;0.48435008;26.30;0.041306;0.030881
CW;294;300;300.00;140.00;50;-0.43085008;0.47044984;26.32;0.022915;0.027388;-0.42815000;0.47984992;26.32;0.048152;-0.020569
CW;295;40;400.00;100.00;50;-0.43204990;0.47960000;26.34;0.061707;0.012683;-0.43085000;0.47304992;26.30;0.010376;-0.005210
CW;296;50;50.00;50.00;50;-0.44140008;0.47339992;26.34;0.061519;0.006897;-0.42759988;0.47855004;26.33;0.007471;0.000061
CCW;297;330;-30.00;-80.00;50;-0.43065008;0.48195004;26.35;0.035847;0.030486;-0.42875000;0.48085010;26.30;0.034082;-0.023254
CW;298;90;90.00;120.00;50;-0.43765000;0.47545000;26.30;0.058425;-0.011030;-0.42924988;0.47590004;26.30;0.012361;0.018486
CW;299;180;180.00;90.00;50;-0.42244990;0.47849996;26.30;0.021011;-0.018936;-0.44604996;0.49149992;26.30;0.051448;0.026865
CW;300;300;300.00;120.00;50;-0.43514996;0.47635000;26.30;0.022944;0.028088;-0.43295004;0.47939980;26.30;0.049419;-0.020503
CW;301;330;330.00;30.00;50;-0.44210016;0.46709990;26.30;0.037427;0.031379;-0.42679996;0.49064992;26.30;0.035342;-0.023887
CCW;302;280;280.00;-50.00;50;-0.43180000;0.47174988;26.25;0.014824;0.022109;-0.44674992;0.48574992;26.29;0.055613;-0.014673
CCW;303;130;130.00;-150.00;50;-0.43095000;0.47974996;26.27;0.039165;-0.021445;-0.42400008;0.48444990;26.28;0.024778;0.030837
CCW;304;320;-40.00;-170.00;50;-0.43855008;0.48375008;26.28;0.031687;0.031052;-0.43455000;0.48420008;26.26;0.039023;-0.023228
CCW;305;210;-150.00;-110.00;50;-0.44144996;0.48455004;26.30;0.010046;-0.008616;-0.43175000;0.48555004;26.27;0.058726;0.016772
CW;306;240;-120.00;30.00;50;-0.45139980;0.47734996;26.29;0.008047;0.005371;-0.43904996;0.48880000;26.27;0.063354;0.002412
CW;307;40;40.00;160.00;50;-0.44994984;0.49310000;26.25;0.062373;0.012527;-0.43845000;0.48040012;26.25;0.009519;-0.004656
CCW;308;30;30.00;-10.00;50;-0.43600000;0.48614996;26.26;0.059753;0.016733;-0.43285004;0.47349990;26.28;0.009614;-0.008740
CW;309;70;70.00;40.00;50;-0.42199996;0.48855004;26.26;0.061316;-0.001978;-0.42765000;0.47755016;26.23;0.009229;0.009673
CW;310;70;70.00;0.00;50;-0.44560010;0.49040000;26.21;0.061074;-0.001870;-0.43845000;0.47334980;26.16;0.007729;0.010085
CCW;311;330;-30.00;-100.00;50;-0.44365008;0.48910000;26.23;0.035991;0.031641;-0.42890000;0.49045000;26.20;0.033843;-0.023059
CCW;312;260;-100.00;-70.00;50;-0.43640000;0.49265008;26.17;0.009001;0.014714;-0.44220000;0.49725016;26.13;0.059016;-0.005957
CW;313;0;0.00;100.00;50;-0.44334996;0.49859992;26.12;0.049199;0.027234;-0.43365000;0.48009996;26.11;0.020625;-0.018967
CCW;314;310;-50.00;-50.00;50;-0.44049988;0.49400000;26.12;0.028428;0.030474;-0.43634996;0.48889996;26.10;0.042915;-0.020950
CCW;315;260;-100.00;-50.00;50;-0.43755010;0.49664984;26.10;0.009036;0.014822;-0.43289984;0.48965016;26.11;0.060386;-0.006370
CW;316;20;20.00;120.00;50;-0.43699984;0.49514996;26.10;0.057908;0.020371;-0.44395008;0.48619980;26.10;0.013909;-0.012800
CW;317;80;80.00;60.00;50;-0.44225000;0.50029980;26.09;0.060674;-0.006287;-0.43519984;0.49189988;26.10;0.009548;0.014722
CCW;318;290;-70.00;-150.00;50;-0.44490000;0.50254992;26.10;0.019460;0.026003;-0.44200000;0.49630000;26.05;0.052869;-0.017246
CW;319;340;-20.00;50.00;50;-0.44375000;0.49155004;26.02;0.040972;0.030781;-0.43710000;0.50034992;26.03;0.029585;-0.022896
CCW;320;170;-190.00;-170.00;50;-0.43005016;0.50749992;26.07;0.023667;-0.021667;-0.44354984;0.50005010;26.03;0.046360;0.028813
CW;321;300;-60.00;130.00;50;-0.44149996;0.49794996;26.03;0.021174;0.028682;-0.43989996;0.50490000;26.09;0.048950;-0.020564
CW;322;320;-40.00;20.00;50;-0.44095000;0.49655000;26.09;0.032029;0.032346;-0.43765000;0.50189996;26.02;0.038572;-0.022874
CW;323;50;50.00;90.00;50;-0.43930000;0.49845004;26.02;0.061711;0.007954;-0.44085000;0.49920000;26.01;0.007097;0.000686
CCW;324;290;-70.00;-120.00;50;-0.44369996;0.49294990;25.96;0.018706;0.025979;-0.44509996;0.50759996;25.93;0.052290;-0.017695
CCW;325;190;-170.00;-100.00;50;-0.43860012;0.48959988;25.97;0.015352;-0.015754;-0.44475000;0.50094990;26.02;0.054934;0.024092
CCW;326;30;-330.00;-160.00;50;-0.43894988;0.50899990;25.96;0.059546;0.017192;-0.43924996;0.50265000;25.96;0.010588;-0.009146
CW;327;100;-260.00;70.00;50;-0.43400000;0.50369984;25.90;0.053765;-0.014080;-0.43859988;0.50105000;25.99;0.015610;0.022471
CW;328;200;-160.00;100.00;50;-0.43560004;0.49909976;25.99;0.014395;-0.012515;-0.45364996;0.49175000;25.93;0.057478;0.020837
CW;329;200;-160.00;0.00;50;-0.43509996;0.49550004;25.86;0.013872;-0.012341;-0.43840010;0.49390000;25.86;0.057634;0.020916
CW;330;230;-130.00;30.00;50;-0.43150000;0.49274992;25.83;0.007859;0.000627;-0.44509984;0.51454990;25.84;0.061511;0.007842
CW;331;310;-50.00;80.00;50;-0.45149996;0.50254990;25.86;0.028245;0.029846;-0.44650008;0.49280000;25.87;0.044292;-0.022847
CCW;332;290;-70.00;-20.00;50;-0.44099984;0.50289992;25.83;0.018447;0.026255;-0.44010012;0.50344990;25.85;0.053315;-0.017637
CW;333;300;-60.00;10.00;50;-0.44614984;0.50025004;25.80;0.021880;0.028545;-0.44404992;0.49930012;25.80;0.047981;-0.019993
CW;334;70;70.00;130.00;50;-0.43924990;0.49939984;25.80;0.062063;-0.001582;-0.43240004;0.49910010;25.80;0.009431;0.010020
CCW;335;320;-40.00;-110.00;50;-0.45154996;0.49724988;25.84;0.031506;0.031841;-0.44434996;0.50140010;25.82;0.039167;-0.022366
CW;336;350;-10.00;30.00;50;-0.44384996;0.50359990;25.80;0.046116;0.029800;-0.43434992;0.51214990;25.80;0.025667;-0.021572
CCW;337;340;-20.00;-10.00;50;-0.44974980;0.51129984;25.80;0.041184;0.031152;-0.43199990;0.50170000;25.80;0.030652;-0.022385
CCW;338;210;-150.00;-130.00;50;-0.44044984;0.50700000;25.80;0.010681;-0.008057;-0.44394980;0.51489990;25.80;0.060027;0.017239
CW;339;290;-70.00;80.00;50;-0.45410010;0.50869980;25.80;0.018950;0.026152;-0.44449992;0.52060000;25.82;0.053044;-0.017766
CW;340;0;0.00;70.00;50;-0.44754996;0.51294976;25.83;0.050154;0.026873;-0.43314988;0.50345000;25.82;0.022166;-0.019407
CCW;341;340;-20.00;-20.00;50;-0.44689984;0.51219976;25.85;0.042642;0.031121;-0.43034992;0.50999976;25.81;0.030786;-0.022554
CW;342;30;30.00;50.00;50;-0.44464980;0.50889980;25.83;0.059302;0.017043;-0.44009990;0.49569988;25.82;0.010386;-0.008298
CCW;343;270;-90.00;-120.00;50;-0.44529992;0.50534990;25.87;0.012502;0.019158;-0.44749988;0.52735008;25.85;0.059495;-0.010652
CW;344;310;-50.00;40.00;50;-0.44935000;0.51244984;25.85;0.027502;0.030759;-0.43555004;0.51704996;25.90;0.044861;-0.022290
CCW;345;300;-60.00;-10.00;50;-0.45664996;0.50629990;25.82;0.022754;0.028164;-0.44299996;0.51179980;25.85;0.048958;-0.020208
CW;346;300;-60.00;0.00;50;-0.44169996;0.50824990;25.87;0.022991;0.028914;-0.42914992;0.51825000;25.85;0.049509;-0.020488
CCW;347;140;-220.00;-160.00;50;-0.43460000;0.50674984;25.81;0.039028;-0.022600;-0.44504992;0.52009980;25.80;0.031243;0.031660
CCW;348;90;-270.00;-50.00;50;-0.43834996;0.51459980;25.84;0.057249;-0.010706;-0.44290008;0.50414984;25.80;0.011775;0.018701
CCW;349;350;-370.00;-100.00;50;-0.43215000;0.49390008;25.80;0.046340;0.029724;-0.43700012;0.49950010;25.80;0.025078;-0.020728
CCW;350;340;-380.00;-10.00;50;-0.45390000;0.50709984;25.83;0.041526;0.030979;-0.43290000;0.50874980;25.82;0.030071;-0.022375
CW;351;160;160.00;160.00;50;-0.43700000;0.50444984;25.80;0.031145;-0.022317;-0.44640000;0.50624984;25.80;0.043169;0.031565
CW;352;160;160.00;0.00;50;-0.42864992;0.51259976;25.80;0.030298;-0.022356;-0.43020008;0.50984990;25.78;0.042705;0.031262
CW;353;260;260.00;100.00;50;-0.44545008;0.50389992;25.80;0.011538;0.013943;-0.44035020;0.52359984;25.80;0.060435;-0.005950
CCW;354;90;90.00;-170.00;50;-0.44225000;0.51739984;25.80;0.057944;-0.010488;-0.43155000;0.50279990;25.83;0.013162;0.018989
CCW;355;50;50.00;-40.00;50;-0.43470000;0.51995000;25.85;0.062112;0.007544;-0.43755000;0.50729990;25.86;0.008684;0.000527
CCW;356;350;-10.00;-60.00;50;-0.43224990;0.50730000;25.83;0.045745;0.029802;-0.43350000;0.51444984;25.88;0.024709;-0.020989
CCW;357;340;-20.00;-10.00;50;-0.44075000;0.50834990;25.85;0.041958;0.031003;-0.43515000;0.50634990;25.88;0.030588;-0.022517
CW;358;80;80.00;100.00;50;-0.43120000;0.50534992;25.85;0.059197;-0.006467;-0.43604990;0.50669984;25.91;0.009678;0.014397
CCW;359;70;70.00;-10.00;50;-0.42979990;0.49954996;25.97;0.061440;-0.002263;-0.43654996;0.49904996;25.95;0.009880;0.009949
CCW;360;350;-10.00;-80.00;50;-0.44125012;0.49720010;26.03;0.045688;0.029238;-0.44065000;0.50859992;26.00;0.024426;-0.020740
CW;361;0;0.00;10.00;50;-0.43205000;0.50149996;26.00;0.051223;0.026907;-0.44164996;0.49135000;26.04;0.021626;-0.018997
CW;362;100;100.00;100.00;50;-0.43765000;0.49395000;26.05;0.056130;-0.014717;-0.43470000;0.49944990;26.05;0.016055;0.022021
CCW;363;330;-30.00;-130.00;50;-0.44865000;0.49275004;26.10;0.036865;0.031392;-0.43630004;0.49075004;26.10;0.033655;-0.023018
CW;364;50;50.00;80.00;50;-0.43299988;0.49000004;26.10;0.062241;0.007236;-0.43335008;0.48044996;26.10;0.008765;0.000364
CW;365;80;80.00;30.00;50;-0.43515008;0.48150010;26.10;0.061531;-0.007153;-0.43279990;0.49070000;26.10;0.011616;0.014077
CCW;366;270;-90.00;-170.00;50;-0.43879990;0.48910000;26.12;0.012700;0.018818;-0.43584996;0.50010000;26.15;0.058333;-0.010842
CW;367;80;80.00;170.00;50;-0.42215000;0.49579988;26.15;0.060374;-0.006890;-0.44609984;0.48115004;26.17;0.009265;0.013967
CW;368;200;200.00;120.00;50;-0.42250000;0.49134980;26.26;0.013052;-0.012493;-0.44779984;0.49240000;26.27;0.056350;0.020186
CW;369;340;340.00;140.00;50;-0.44619984;0.48594992;26.24;0.043088;0.030845;-0.43064980;0.49654990;26.23;0.031621;-0.022678
CW;370;50;50.00;50.00;50;-0.43040000;0.48824988;26.27;0.062166;0.007244;-0.43029992;0.47504988;26.22;0.008264;0.000281
CCW;371;290;-70.00;-120.00;50;-0.43740004;0.49135008;26.17;0.017859;0.025820;-0.44064996;0.49080000;26.20;0.051326;-0.018367
CW;372;30;30.00;100.00;50;-0.43430000;0.50334990;26.20;0.058411;0.016284;-0.42944984;0.47239996;26.25;0.011008;-0.009082
CCW;373;10;10.00;-20.00;50;-0.43580004;0.49215000;26.27;0.053948;0.023628;-0.42369992;0.48999990;26.26;0.016941;-0.016040
CCW;374;300;-60.00;-70.00;50;-0.43590000;0.47960004;26.28;0.022957;0.028564;-0.42839992;0.48940004;26.25;0.047725;-0.020671
CCW;375;280;-80.00;-20.00;50;-0.43759996;0.47925004;26.29;0.014551;0.022202;-0.44360000;0.49189992;26.28;0.055750;-0.015288
CCW;376;140;-220.00;-140.00;50;-0.44249996;0.48325008;26.27;0.039033;-0.022686;-0.44484992;0.47629992;26.26;0.031367;0.031321
CCW;377;40;-320.00;-100.00;50;-0.44949992;0.48429984;26.27;0.060798;0.011917;-0.43090012;0.48339996;26.29;0.007983;-0.004128
CW;378;140;-220.00;100.00;50;-0.43189992;0.49149992;26.27;0.038765;-0.022947;-0.44524996;0.48630000;26.30;0.031860;0.030999
CCW;379;130;-230.00;-10.00;50;-0.43394992;0.48349996;26.27;0.042253;-0.021655;-0.43850000;0.47214976;26.26;0.027888;0.030723
CCW;380;330;-390.00;-160.00;50;-0.43974996;0.46929996;26.28;0.036687;0.031785;-0.42835000;0.49795004;26.28;0.033489;-0.022952
CW;381;140;-220.00;170.00;50;-0.42120000;0.50239980;26.24;0.038828;-0.023267;-0.45240010;0.47829996;26.24;0.031829;0.031304
CCW;382;40;-320.00;-100.00;50;-0.43299984;0.49635000;26.29;0.059849;0.011587;-0.43530004;0.47809992;26.30;0.007717;-0.003977
CCW;383;220;-140.00;-140.00;50;-0.43300004;0.47930004;26.24;0.009280;-0.004465;-0.43530000;0.49635000;26.29;0.061387;0.011804
CCW;384;130;-230.00;-90.00;50;-0.44220000;0.49034992;26.30;0.043020;-0.022107;-0.42810004;0.47404992;26.30;0.027190;0.029858
CCW;385;100;-260.00;-30.00;50;-0.42665000;0.48290004;26.33;0.054739;-0.014553;-0.42855012;0.48145004;26.30;0.013489;0.022671
CCW;386;70;-290.00;-30.00;50;-0.42929992;0.48525012;26.34;0.061897;-0.002578;-0.43705012;0.46724990;26.31;0.008560;0.009502
CCW;387;350;-370.00;-80.00;50;-0.43914984;0.47880000;26.40;0.045735;0.029319;-0.44644992;0.47095000;26.41;0.023865;-0.021404
CW;388;160;-200.00;170.00;50;-0.42474992;0.46869996;26.37;0.029395;-0.022976;-0.43154990;0.48104992;26.37;0.041040;0.030645
CCW;389;60;-300.00;-100.00;50;-0.43794990;0.48209990;26.45;0.062058;0.001990;-0.43670010;0.46214992;26.44;0.007769;0.005300
CW;390;100;-260.00;40.00;50;-0.43325008;0.47439996;26.45;0.055522;-0.014929;-0.43134990;0.46424988;26.36;0.014326;0.022148
CCW;391;300;-60.00;-60.00;50;-0.42905010;0.46139988;26.44;0.021472;0.028269;-0.43514996;0.48499992;26.53;0.048125;-0.020427
CW;392;20;20.00;80.00;50;-0.43479996;0.46595000;26.47;0.056804;0.020649;-0.42554996;0.47494992;26.47;0.013806;-0.013276
CW;393;80;80.00;60.00;50;-0.43210004;0.46965004;26.45;0.060398;-0.006943;-0.43580004;0.46435010;26.49;0.009380;0.013591
CW;394;140;140.00;60.00;50;-0.43380004;0.47410000;26.54;0.038152;-0.023115;-0.43260000;0.46334990;26.49;0.031340;0.030681
CCW;395;330;-30.00;-170.00;50;-0.44275008;0.46955000;26.57;0.035571;0.031548;-0.42874992;0.47619996;26.59;0.034319;-0.023423
CCW;396;310;-50.00;-20.00;50;-0.43450010;0.46860000;26.59;0.026409;0.030134;-0.42445004;0.47409996;26.55;0.042959;-0.022175
CW;397;40;40.00;90.00;50;-0.43290008;0.47069984;26.59;0.060557;0.011697;-0.42170008;0.46485008;26.60;0.009807;-0.004951
CW;398;210;210.00;170.00;50;-0.43354996;0.47299996;26.58;0.009343;-0.009197;-0.43094992;0.47810000;26.60;0.058408;0.016670
CCW;399;150;150.00;-60.00;50;-0.42775000;0.46939980;26.60;0.033579;-0.023342;-0.43685004;0.46284984;26.60;0.035579;0.031807
CCW;400;0;0.00;-150.00;50;-0.43195000;0.46255000;26.60;0.049355;0.026516;-0.42785004;0.46444990;26.60;0.020657;-0.019646
CCW;401;320;-40.00;-40.00;50;-0.44064996;0.46315000;26.60;0.030493;0.031030;-0.43580004;0.47830000;26.60;0.038750;-0.023760
CW;402;0;0.00;40.00;50;-0.42845008;0.47469980;26.64;0.048899;0.026768;-0.42489988;0.47134996;26.63;0.020044;-0.019983
CCW;403;240;-120.00;-120.00;50;-0.42639992;0.47354988;26.66;0.006938;0.005337;-0.42225004;0.48495016;26.67;0.061428;0.002610
CW;404;240;-120.00;0.00;50;-0.43045000;0.46010016;26.65;0.007310;0.004724;-0.43030008;0.46319988;26.63;0.061167;0.002170
CCW;405;110;-250.00;-130.00;50;-0.42944984;0.47680008;26.68;0.051335;-0.017739;-0.44254996;0.45554992;26.70;0.016602;0.025784
CCW;406;0;-360.00;-110.00;50;-0.42359996;0.46374992;26.68;0.048386;0.026926;-0.43045000;0.45584984;26.67;0.019199;-0.018997
CCW;407;280;-80.00;-80.00;50;-0.43220016;0.45205008;26.73;0.014487;0.021990;-0.42300008;0.47800004;26.79;0.054617;-0.015466
CCW;408;140;-220.00;-140.00;50;-0.43569996;0.46254990;26.74;0.039641;-0.024121;-0.42419992;0.45599996;26.79;0.027808;0.032327
CW;409;170;-190.00;30.00;50;-0.42830004;0.45930000;26.73;0.024177;-0.021731;-0.42504992;0.46264992;26.78;0.045630;0.029380
CCW;410;100;-260.00;-70.00;50;-0.43224992;0.46809990;26.74;0.055178;-0.014834;-0.43525016;0.45710004;26.75;0.014836;0.021567
CCW;411;340;-380.00;-120.00;50;-0.43969990;0.45524996;26.63;0.038936;0.030996;-0.43259990;0.44295010;26.63;0.028372;-0.022695
CW;412;20;-340.00;40.00;50;-0.43115000;0.46929988;26.64;0.055222;0.020369;-0.43735010;0.45655000;26.62;0.012297;-0.013613
CCW;413;240;-120.00;-120.00;50;-0.42824996;0.44495000;26.68;0.007517;0.004392;-0.43880010;0.45145010;26.66;0.061479;0.002212
CCW;414;210;-150.00;-30.00;50;-0.43925016;0.45914996;26.66;0.010676;-0.009570;-0.43110000;0.46664990;26.69;0.059355;0.016047
CW;415;270;-90.00;60.00;50;-0.43235000;0.45085020;26.73;0.010625;0.018152;-0.42809990;0.46654996;26.79;0.056968;-0.010750
CCW;416;260;-100.00;-10.00;50;-0.42730008;0.44744996;26.72;0.009045;0.013589;-0.43399992;0.45424996;26.80;0.059165;-0.006155
CW;417;350;-10.00;90.00;50;-0.43290008;0.45150004;26.80;0.044971;0.028677;-0.43230000;0.45990000;26.80;0.025449;-0.021816
CCW;418;240;-120.00;-110.00;50;-0.42330010;0.45344996;26.80;0.006047;0.004426;-0.42439996;0.46235008;26.80;0.061589;0.002871
CCW;419;180;-180.00;-60.00;50;-0.42334992;0.46030000;26.80;0.020559;-0.020142;-0.42519996;0.45535004;26.81;0.050342;0.027039
CCW;420;0;-360.00;-180.00;50;-0.43460016;0.44554992;26.80;0.047856;0.027114;-0.42109984;0.43809996;26.80;0.020063;-0.019153
CW;421;100;-260.00;100.00;50;-0.42664990;0.44600012;26.82;0.053840;-0.014541;-0.42519996;0.44795000;26.90;0.014094;0.020994
CW;422;120;-240.00;20.00;50;-0.42690000;0.45789988;26.90;0.047517;-0.020867;-0.43880000;0.44920010;26.87;0.021575;0.027449
CCW;423;80;-280.00;-40.00;50;-0.42989992;0.44685020;26.86;0.059287;-0.006382;-0.43425016;0.43224992;26.90;0.009619;0.012952
CCW;424;20;-340.00;-60.00;50;-0.42905004;0.43925000;26.91;0.054458;0.020256;-0.42174992;0.44719990;26.92;0.012773;-0.014041
CCW;425;350;-370.00;-30.00;50;-0.42559988;0.45570000;26.98;0.043652;0.029001;-0.43399990;0.44160000;26.93;0.024019;-0.022229
CW;426;60;-300.00;70.00;50;-0.43534984;0.45150008;26.93;0.060610;0.002847;-0.41550010;0.43844996;26.92;0.005635;0.003657
CW;427;220;-140.00;160.00;50;-0.42385008;0.44024996;26.89;0.007942;-0.005728;-0.43165000;0.45380008;26.92;0.060537;0.012144
CW;428;330;-30.00;110.00;50;-0.42534992;0.45460000;26.94;0.035537;0.030417;-0.42090008;0.43960016;26.89;0.034402;-0.023914
CW;429;10;10.00;40.00;50;-0.42944990;0.44135012;26.97;0.051797;0.023838;-0.42960004;0.44319996;26.91;0.016917;-0.017393
CCW;430;240;-120.00;-130.00;50;-0.43600000;0.44335000;26.95;0.008220;0.003682;-0.42729996;0.45669992;26.91;0.061511;0.002363
CCW;431;130;-230.00;-110.00;50;-0.42885000;0.44870004;26.95;0.044546;-0.022097;-0.42780008;0.43780000;26.93;0.023562;0.029099
CW;432;170;-190.00;40.00;50;-0.42400004;0.44145010;26.95;0.024053;-0.022344;-0.42475008;0.45310004;26.96;0.044478;0.028967
CW;433;240;-120.00;70.00;50;-0.42745008;0.45415016;27.00;0.008149;0.003777;-0.43620000;0.46384992;26.91;0.061226;0.002947
CW;434;20;20.00;140.00;50;-0.42270000;0.44200004;27.02;0.055859;0.020925;-0.42199996;0.43160004;26.98;0.014946;-0.014177
CCW;435;230;-130.00;-150.00;50;-0.43165012;0.44585010;26.95;0.006350;-0.000781;-0.42579990;0.44214996;26.95;0.061555;0.007759
CW;436;310;-50.00;80.00;50;-0.43625010;0.44784992;26.97;0.026445;0.028584;-0.41604992;0.45500004;27.02;0.043005;-0.022600
CW;437;40;40.00;90.00;50;-0.42279992;0.45150004;27.00;0.059375;0.012214;-0.42104996;0.45750004;26.99;0.009106;-0.006313
CCW;438;320;-40.00;-80.00;50;-0.43920000;0.44744996;26.94;0.029758;0.030479;-0.42760008;0.44739996;26.91;0.038652;-0.023491
CW;439;40;40.00;80.00;50;-0.43195004;0.44940000;26.91;0.060364;0.012629;-0.43075000;0.44240008;26.85;0.008350;-0.006125
CW;440;90;90.00;50.00;50;-0.44210000;0.44870010;26.81;0.057493;-0.010879;-0.43444996;0.44495000;26.86;0.011431;0.017131
CW;441;210;210.00;120.00;50;-0.43075000;0.45955000;26.80;0.010703;-0.010037;-0.43465008;0.45800000;26.80;0.059097;0.016555
CW;442;220;220.00;10.00;50;-0.43899990;0.44959996;26.79;0.008660;-0.005576;-0.43650000;0.45565016;26.79;0.059426;0.012961
CCW;443;190;190.00;-30.00;50;-0.44400000;0.45230010;26.77;0.015918;-0.016858;-0.43784996;0.45535016;26.74;0.053496;0.023457
CW;444;280;280.00;90.00;50;-0.43509996;0.45610000;26.71;0.014302;0.021548;-0.42504996;0.46060004;26.68;0.056274;-0.013994
CCW;445;160;160.00;-120.00;50;-0.42829988;0.44979992;26.67;0.029961;-0.023286;-0.44189988;0.45854996;26.69;0.040842;0.029958
CW;446;160;160.00;0.00;50;-0.41874980;0.46414990;26.65;0.029800;-0.023474;-0.44279988;0.45479996;26.63;0.040491;0.030645
CCW;447;90;90.00;-70.00;50;-0.42279996;0.45960000;26.64;0.057117;-0.010464;-0.43349988;0.45895004;26.66;0.011536;0.017354
CW;448;260;260.00;170.00;50;-0.43444990;0.45035008;26.68;0.007261;0.012573;-0.42224996;0.47245000;26.62;0.059702;-0.005842
CCW;449;110;110.00;-150.00;50;-0.44020000;0.46045008;26.60;0.052073;-0.017280;-0.43644984;0.45074992;26.60;0.016870;0.024680
CCW;450;70;70.00;-40.00;50;-0.42975016;0.46470000;26.60;0.060330;-0.001487;-0.43509984;0.46060000;26.59;0.007361;0.008835
CCW;451;60;60.00;-10.00;50;-0.44059990;0.46574984;26.60;0.060654;0.003494;-0.42854992;0.45780000;26.63;0.006392;0.004146
CW;452;170;170.00;110.00;50;-0.42185008;0.46335004;26.60;0.026438;-0.022900;-0.43789996;0.46790000;26.60;0.045256;0.029004
CW;453;170;170.00;0.00;50;-0.42904992;0.47174996;26.63;0.025112;-0.021963;-0.43540004;0.46184980;26.59;0.044961;0.029084
CCW;454;110;110.00;-60.00;50;-0.42300000;0.46660004;26.60;0.053032;-0.017581;-0.43130012;0.45455004;26.60;0.018103;0.024297
CW;455;270;270.00;160.00;50;-0.42549990;0.46075000;26.65;0.011235;0.017537;-0.43104990;0.46224990;26.62;0.058621;-0.010269
CCW;456;160;160.00;-110.00;50;-0.44005000;0.47044984;26.63;0.029575;-0.023323;-0.44044990;0.46295000;26.60;0.040022;0.030803
CCW;457;120;120.00;-40.00;50;-0.40745000;0.46759984;26.60;0.048401;-0.020801;-0.44030000;0.44309996;26.60;0.021799;0.025898
CCW;458;310;-50.00;-170.00;50;-0.43449990;0.45700000;26.63;0.025522;0.029395;-0.42465008;0.46639990;26.60;0.044795;-0.022698
CCW;459;210;-150.00;-100.00;50;-0.42745008;0.46825004;26.63;0.009709;-0.009751;-0.44679996;0.44540008;26.64;0.058022;0.017664
CW;460;250;-110.00;40.00;50;-0.43470012;0.45290010;26.64;0.006702;0.008735;-0.43615000;0.47174996;26.60;0.060986;-0.001023
CW;461;350;-10.00;100.00;50;-0.43960000;0.46629990;26.60;0.043923;0.029453;-0.42840004;0.45199996;26.60;0.024429;-0.021829
CCW;462;230;-130.00;-120.00;50;-0.43090004;0.45160008;26.64;0.006558;-0.000977;-0.43799990;0.46039992;26.65;0.060469;0.008533
CW;463;240;-120.00;10.00;50;-0.42839984;0.45075008;26.69;0.007021;0.003967;-0.43004992;0.46964990;26.63;0.060505;0.004297
CW;464;330;-30.00;90.00;50;-0.43489988;0.45429992;26.68;0.034500;0.031099;-0.42204990;0.45660004;26.67;0.034956;-0.023198
CW;465;340;-20.00;10.00;50;-0.42745008;0.46565004;26.66;0.038345;0.030559;-0.42054996;0.46375004;26.64;0.030571;-0.023262
CCW;466;160;-200.00;-180.00;50;-0.43315004;0.45650008;26.66;0.028853;-0.023291;-0.43150000;0.45960000;26.66;0.038794;0.030908
CCW;467;90;-270.00;-70.00;50;-0.42984992;0.46375000;26.71;0.058250;-0.009543;-0.42960000;0.45570008;26.66;0.010256;0.017412
CCW;468;320;-400.00;-130.00;50;-0.43875000;0.45780010;26.61;0.029602;0.031174;-0.41685000;0.45815016;26.62;0.039697;-0.023145
CW;469;100;-260.00;140.00;50;-0.43365000;0.46969990;26.60;0.056633;-0.014202;-0.44609992;0.45245008;26.60;0.014521;0.021018
CW;470;180;-180.00;80.00;50;-0.41684992;0.45925010;26.60;0.020349;-0.020002;-0.43060008;0.46010000;26.60;0.048264;0.027190
CCW;471;160;-200.00;-20.00;50;-0.42825004;0.44775012;26.61;0.028606;-0.023379;-0.44104988;0.47369988;26.60;0.039829;0.030562
CW;472;300;-60.00;140.00;50;-0.43359976;0.46509988;26.65;0.020544;0.027676;-0.42725004;0.46439990;26.65;0.048794;-0.019983
CCW;473;170;-190.00;-130.00;50;-0.42650000;0.44950008;26.67;0.023459;-0.021497;-0.44135000;0.46190008;26.65;0.043511;0.030510
CW;474;210;-150.00;40.00;50;-0.43940000;0.46759984;26.72;0.011062;-0.009888;-0.42859992;0.47254990;26.70;0.058733;0.016716
CCW;475;100;-260.00;-110.00;50;-0.42414988;0.45890000;26.65;0.054797;-0.014846;-0.43214992;0.46064990;26.77;0.012209;0.021633
CCW;476;10;-350.00;-90.00;50;-0.42104990;0.46269976;26.76;0.050459;0.025061;-0.42090000;0.45695008;26.65;0.017026;-0.016746
CW;477;30;-330.00;20.00;50;-0.42014984;0.45734996;26.72;0.057776;0.017390;-0.42089992;0.45260008;26.66;0.010029;-0.010159
CCW;478;240;-120.00;-120.00;50;-0.43479996;0.44809992;26.75;0.006011;0.003550;-0.43125000;0.45709984;26.70;0.062253;0.003845
CCW;479;210;-150.00;-30.00;50;-0.43340000;0.46299972;26.71;0.010193;-0.009727;-0.42000008;0.46699990;26.73;0.059285;0.016934
CCW;480;70;-290.00;-140.00;50;-0.44190000;0.45690004;26.73;0.060623;-0.001086;-0.42435016;0.46140008;26.73;0.006257;0.008521
CCW;1;330;-30.00;-30.00;50;-0.50440016;0.71159990;24.29;0.065691;0.023120;-0.49695004;0.69190000;24.30;0.011470;-0.013586
CW;2;80;80.00;110.00;50;-0.47610010;0.65780010;24.41;0.045020;-0.026760;-0.48025020;0.63825010;24.47;0.030352;0.036467
CW;3;150;150.00;70.00;50;-0.46089992;0.63049980;24.54;0.009783;-0.013064;-0.46009990;0.62109992;24.53;0.065134;0.022925
CW;4;310;310.00;160.00;50;-0.45889980;0.60879990;24.55;0.057673;0.031235;-0.44729988;0.61305000;24.56;0.019480;-0.021719
CCW;5;220;220.00;-90.00;50;-0.44170000;0.59295004;24.58;0.011855;0.024592;-0.45464992;0.58924996;24.60;0.064458;-0.014866
CCW;6;200;200.00;-20.00;50;-0.42760000;0.58745000;24.62;0.005369;0.014243;-0.43980000;0.58205016;24.63;0.069546;-0.004631
CW;7;350;350.00;150.00;50;-0.43780016;0.58059996;24.66;0.068845;0.012976;-0.42755000;0.56690010;24.68;0.006016;-0.003228
CW;8;40;400.00;50.00;50;-0.43915010;0.56850000;24.69;0.064341;-0.014292;-0.41655000;0.57750010;24.69;0.011453;0.024390
CW;9;110;110.00;110.00;50;-0.40950012;0.56790024;24.79;0.028711;-0.026316;-0.42580008;0.57150008;24.75;0.047410;0.036467
CCW;10;80;80.00;-30.00;50;-0.42235008;0.58335008;24.73;0.045354;-0.027068;-0.42705000;0.56060016;24.79;0.030515;0.037339
CCW;11;290;-70.00;-150.00;50;-0.42875004;0.56765010;24.80;0.046506;0.037075;-0.42480004;0.56765010;24.74;0.029001;-0.026746
CCW;12;210;-150.00;-80.00;50;-0.42490008;0.56560020;24.79;0.008521;0.019224;-0.42945000;0.57765000;24.77;0.067078;-0.009719
CW;13;340;-20.00;130.00;50;-0.43495004;0.58239996;24.79;0.066965;0.018455;-0.42960000;0.57130016;24.80;0.006797;-0.008396
CW;14;140;140.00;160.00;50;-0.42290004;0.57675016;24.80;0.014268;-0.017981;-0.41929996;0.56605008;24.80;0.060051;0.028345
CW;15;170;170.00;30.00;50;-0.43984988;0.57620010;24.80;0.006060;-0.002952;-0.43495000;0.57665016;24.80;0.070774;0.012817
CCW;16;60;60.00;-110.00;50;-0.43975000;0.58360010;24.80;0.055872;-0.022751;-0.41449992;0.57875010;24.80;0.020217;0.032344
CCW;17;310;-50.00;-110.00;50;-0.41899996;0.58630010;24.83;0.057581;0.031321;-0.43019984;0.58110010;24.80;0.018223;-0.021172
CCW;18;280;-80.00;-30.00;50;-0.42399980;0.57115020;24.80;0.039426;0.038015;-0.41255008;0.58510010;24.81;0.033965;-0.027607
CW;19;350;-10.00;70.00;50;-0.42199996;0.58435010;24.83;0.069934;0.013054;-0.43235004;0.59035000;24.81;0.006619;-0.003206
CCW;20;260;-100.00;-90.00;50;-0.42955000;0.57855010;24.83;0.029792;0.037512;-0.42010004;0.57419990;24.80;0.045024;-0.026804
CW;21;270;-90.00;10.00;50;-0.43075000;0.59334992;24.80;0.033730;0.038079;-0.42669988;0.59310010;24.80;0.039563;-0.027993
CW;22;0;0.00;90.00;50;-0.44064990;0.58375000;24.80;0.069849;0.007019;-0.43199990;0.59884996;24.81;0.005630;0.002910
CW;23;0;0.00;0.00;50;-0.42705004;0.59174990;24.82;0.070745;0.007141;-0.41490000;0.58924984;24.82;0.004185;0.003118
CW;24;120;120.00;120.00;50;-0.42539996;0.58195000;24.80;0.022754;-0.024258;-0.42660000;0.58625008;24.80;0.052134;0.034722
CW;25;200;200.00;80.00;50;-0.42305004;0.59859980;24.80;0.005442;0.013616;-0.43139990;0.59640000;24.79;0.068340;-0.003860
CCW;26;170;170.00;-30.00;50;-0.42055016;0.59224992;24.80;0.005076;-0.003342;-0.43230004;0.59120008;24.80;0.068752;0.013142
CW;27;200;200.00;30.00;50;-0.42564990;0.59295004;24.80;0.006252;0.014138;-0.43075000;0.59434990;24.80;0.069048;-0.004788
CCW;28;110;110.00;-90.00;50;-0.43130008;0.59930016;24.80;0.030886;-0.027336;-0.42880000;0.58740020;24.78;0.046543;0.036858
CCW;29;310;-50.00;-160.00;50;-0.42915000;0.59289990;24.80;0.054744;0.032200;-0.43335004;0.60769992;24.80;0.018550;-0.022236
CW;30;320;-40.00;10.00;50;-0.43134990;0.57445000;24.80;0.059976;0.028252;-0.43149990;0.59519976;24.80;0.013374;-0.017961
CW;31;350;-10.00;30.00;50;-0.43544990;0.58835008;24.80;0.068452;0.013374;-0.42370004;0.60024992;24.80;0.004355;-0.002625
CCW;32;330;-30.00;-20.00;50;-0.43010000;0.58525010;24.80;0.063904;0.023750;-0.43185000;0.59129984;24.80;0.010681;-0.013328
CCW;33;280;-80.00;-50.00;50;-0.42239976;0.59264992;24.80;0.041477;0.038489;-0.42330016;0.59644970;24.80;0.034077;-0.027544
CW;34;310;-50.00;30.00;50;-0.43345000;0.59284980;24.87;0.056472;0.031653;-0.42985004;0.60044990;24.80;0.017283;-0.022134
CCW;35;140;-220.00;-170.00;50;-0.43825000;0.59549980;24.80;0.012864;-0.018569;-0.42809992;0.59054992;24.80;0.059241;0.028259
CCW;36;50;-310.00;-90.00;50;-0.42779990;0.59339976;24.80;0.059651;-0.018154;-0.41895004;0.59219990;24.80;0.012456;0.028010
CCW;37;290;-70.00;-70.00;50;-0.42859992;0.58529996;24.80;0.046345;0.036760;-0.43320004;0.59374990;24.80;0.029687;-0.026799
CCW;38;250;-110.00;-40.00;50;-0.42980008;0.58745000;24.80;0.022671;0.035337;-0.43529996;0.60450000;24.80;0.050059;-0.024634
CCW;39;200;-160.00;-50.00;50;-0.42230004;0.60109996;24.80;0.004502;0.013650;-0.43575004;0.59960000;24.83;0.068701;-0.002734
CCW;40;140;-220.00;-60.00;50;-0.42945008;0.60109996;24.81;0.014158;-0.018301;-0.43465016;0.59009980;24.81;0.060295;0.028457
CCW;41;40;-320.00;-100.00;50;-0.43730004;0.59244990;24.81;0.064600;-0.013782;-0.43089984;0.59084990;24.80;0.009541;0.024158
CCW;42;250;-110.00;-110.00;50;-0.42710004;0.58815000;24.80;0.022102;0.035229;-0.43604996;0.59509970;24.80;0.051096;-0.025276
CW;43;0;0.00;110.00;50;-0.43084990;0.59849990;24.84;0.069880;0.008206;-0.43060000;0.59605000;24.86;0.004866;0.001814
CW;44;70;70.00;70.00;50;-0.44344988;0.60435004;24.80;0.051902;-0.025552;-0.42880008;0.59790016;24.80;0.024961;0.034490
CW;45;200;200.00;130.00;50;-0.42944992;0.59819996;24.80;0.006072;0.013237;-0.43934996;0.60600024;24.80;0.069082;-0.003540
CCW;46;60;60.00;-140.00;50;-0.41795004;0.59465010;24.83;0.056548;-0.022019;-0.42774992;0.60610000;24.80;0.018835;0.031599
CW;47;200;200.00;140.00;50;-0.44045008;0.60944984;24.80;0.005544;0.013525;-0.43730000;0.60450000;24.80;0.069138;-0.003606
CCW;48;40;40.00;-160.00;50;-0.43365000;0.59669990;24.76;0.064082;-0.014133;-0.43099988;0.58635016;24.80;0.011169;0.023525
CCW;49;20;20.00;-20.00;50;-0.43164992;0.58854990;24.80;0.069746;-0.003831;-0.42225008;0.59459980;24.80;0.006067;0.013459
CW;50;40;40.00;20.00;50;-0.43174992;0.59864976;24.79;0.065403;-0.014417;-0.41704984;0.58829992;24.77;0.011523;0.024155
CW;51;210;210.00;170.00;50;-0.43380004;0.59060010;24.80;0.007456;0.018801;-0.43029992;0.60070016;24.80;0.065513;-0.008406
CW;52;0;360.00;150.00;50;-0.43044990;0.60475004;24.80;0.069414;0.008093;-0.44554988;0.59590008;24.80;0.005142;0.002292
CW;53;30;390.00;30.00;50;-0.43810000;0.59959980;24.80;0.068162;-0.009751;-0.43094990;0.60140010;24.80;0.008557;0.018909
CW;54;40;400.00;10.00;50;-0.44094996;0.61124990;24.80;0.064797;-0.014302;-0.43655000;0.60364990;24.81;0.011030;0.023887
CCW;55;200;-160.00;-160.00;50;-0.42889992;0.59909992;24.80;0.004934;0.014656;-0.43625010;0.60475016;24.80;0.069465;-0.003689
CW;56;270;-90.00;70.00;50;-0.42864992;0.59184990;24.80;0.034426;0.038062;-0.43735004;0.60179990;24.80;0.039709;-0.027803
CCW;57;240;-120.00;-30.00;50;-0.42139990;0.58860004;24.80;0.018293;0.032961;-0.43064990;0.59850000;24.80;0.055364;-0.022642
CW;58;260;-100.00;20.00;50;-0.42970000;0.60710000;24.77;0.029990;0.037551;-0.44279992;0.60390010;24.76;0.045107;-0.027173
CW;59;350;-10.00;90.00;50;-0.44484996;0.60440004;24.79;0.070295;0.012512;-0.43760016;0.58799992;24.80;0.005928;-0.003013
CW;60;30;30.00;40.00;50;-0.43305008;0.59769990;24.80;0.066089;-0.010210;-0.42529990;0.59059984;24.80;0.009021;0.019517
CW;61;140;140.00;110.00;50;-0.44010000;0.60070010;24.77;0.013242;-0.017729;-0.43464996;0.60174990;24.79;0.061072;0.028066
CCW;62;70;70.00;-70.00;50;-0.43874990;0.59369992;24.80;0.051597;-0.025247;-0.43949984;0.58195020;24.80;0.023584;0.034709
CCW;63;300;-60.00;-130.00;50;-0.43029984;0.59009976;24.80;0.051240;0.035000;-0.43679990;0.60250016;24.76;0.023406;-0.024421
CCW;64;140;-220.00;-160.00;50;-0.44025000;0.59389980;24.77;0.011636;-0.017412;-0.43975000;0.58814990;24.80;0.060488;0.028340
CW;65;270;-90.00;130.00;50;-0.43115016;0.59444980;24.80;0.032454;0.038813;-0.44809992;0.59729980;24.80;0.039666;-0.028550
CW;66;310;-50.00;40.00;50;-0.43649996;0.59089990;24.79;0.057004;0.032175;-0.44634984;0.60285000;24.79;0.018374;-0.021716
CW;67;20;20.00;70.00;50;-0.44170000;0.59029990;24.80;0.069233;-0.004578;-0.42255000;0.59854990;24.80;0.005815;0.014482
CW;68;90;90.00;70.00;50;-0.43065012;0.60309990;24.80;0.039209;-0.028118;-0.43855010;0.59069984;24.82;0.035024;0.037952
CW;69;120;120.00;30.00;50;-0.44075000;0.59840000;24.82;0.023167;-0.024634;-0.44655000;0.59474990;24.80;0.051743;0.034700
CCW;70;350;-10.00;-130.00;50;-0.44534996;0.59210000;24.78;0.068955;0.012869;-0.44189988;0.59664990;24.80;0.004861;-0.002429
CW;71;160;160.00;170.00;50;-0.43879996;0.60249996;24.80;0.006594;-0.007644;-0.45044992;0.59164984;24.80;0.066985;0.018218
CCW;72;80;80.00;-80.00;50;-0.43085020;0.60364984;24.84;0.045859;-0.027285;-0.43825010;0.58460000;24.81;0.030725;0.037510
CCW;73;300;-60.00;-140.00;50;-0.44115008;0.59739968;24.83;0.052014;0.034758;-0.43460004;0.59060010;24.80;0.021660;-0.024631
CCW;74;290;-70.00;-10.00;50;-0.43990000;0.57955010;24.80;0.045723;0.036953;-0.42990008;0.60424980;24.80;0.026987;-0.026799
CW;75;90;90.00;160.00;50;-0.43965004;0.60420000;24.84;0.038450;-0.027896;-0.43900000;0.58919980;24.80;0.035564;0.038103
CCW;76;30;30.00;-60.00;50;-0.44170016;0.59589992;24.80;0.067510;-0.009961;-0.44010008;0.58690010;24.80;0.009189;0.020134
CW;77;140;140.00;110.00;50;-0.44404984;0.59304976;24.80;0.012083;-0.017202;-0.44499980;0.58879996;24.82;0.061914;0.026926
CW;78;170;170.00;30.00;50;-0.43865000;0.58925010;24.77;0.004751;-0.001814;-0.44350000;0.58710010;24.80;0.069958;0.011768
CCW;79;140;140.00;-30.00;50;-0.44909996;0.58930000;24.80;0.013008;-0.017239;-0.44379996;0.58790020;24.80;0.062219;0.027908
CCW;80;130;130.00;-10.00;50;-0.44010010;0.58515000;24.83;0.014648;-0.021033;-0.44600000;0.59040016;24.83;0.057322;0.031392
CCW;81;310;-50.00;-180.00;50;-0.45619980;0.58709996;24.84;0.058582;0.032642;-0.44584996;0.57850010;24.85;0.015107;-0.021650
CW;82;30;30.00;80.00;50;-0.45304992;0.58855000;24.81;0.066318;-0.009717;-0.44249996;0.59154992;24.80;0.008162;0.020142
CW;83;50;50.00;20.00;50;-0.44794984;0.59154992;24.80;0.060471;-0.019087;-0.44919996;0.58425016;24.80;0.015889;0.028726
CW;84;50;50.00;0.00;50;-0.44374996;0.58904992;24.80;0.058662;-0.018945;-0.43825016;0.58664990;24.83;0.014963;0.029951
CCW;85;260;-100.00;-150.00;50;-0.44415000;0.58005008;24.80;0.029246;0.037700;-0.43585004;0.59155000;24.80;0.043843;-0.027026
CW;86;70;70.00;170.00;50;-0.44424992;0.59489996;24.80;0.049299;-0.025828;-0.43939988;0.58275010;24.80;0.024675;0.035298
CW;87;200;200.00;130.00;50;-0.44509984;0.58364992;24.80;0.004204;0.015342;-0.44629980;0.59485008;24.86;0.067742;-0.003440
CW;88;290;290.00;90.00;50;-0.44145024;0.57885000;24.80;0.046533;0.037109;-0.44535000;0.58404992;24.85;0.028406;-0.026384
CW;89;0;360.00;70.00;50;-0.44849980;0.58640000;24.81;0.069717;0.006147;-0.43964996;0.59019990;24.82;0.001492;0.005073
CW;90;0;360.00;0.00;50;-0.44279992;0.58930000;24.83;0.069751;0.006809;-0.45009996;0.59379980;24.80;0.004814;0.003269
CCW;91;270;270.00;-90.00;50;-0.43524990;0.58279984;24.83;0.036626;0.037517;-0.42885000;0.59860000;24.82;0.038313;-0.028284
CW;92;40;400.00;130.00;50;-0.44884992;0.59929996;24.81;0.063105;-0.014995;-0.43720000;0.59499990;24.80;0.011587;0.025588
CCW;93;180;-180.00;-180.00;50;-0.43590012;0.58964984;24.82;0.003325;0.004272;-0.44219990;0.59419990;24.80;0.069165;0.007212
CW;94;280;-80.00;100.00;50;-0.44409988;0.58015020;24.82;0.040312;0.038176;-0.44314992;0.59099990;24.86;0.032190;-0.027419
CW;95;80;80.00;160.00;50;-0.44205010;0.59210010;24.80;0.043167;-0.026755;-0.43410008;0.57705004;24.82;0.030901;0.037500
CCW;96;260;-100.00;-180.00;50;-0.44170000;0.59195008;24.82;0.029634;0.037925;-0.44079996;0.59379976;24.84;0.044265;-0.026860
CW;97;0;0.00;100.00;50;-0.44190000;0.58285010;24.80;0.069636;0.006213;-0.43889988;0.58744990;24.81;0.003682;0.003621
CCW;98;330;-30.00;-30.00;50;-0.44089988;0.59614990;24.80;0.064409;0.023440;-0.44174996;0.60100000;24.83;0.008279;-0.012175
CW;99;40;40.00;70.00;50;-0.44834996;0.59074980;24.85;0.062578;-0.014988;-0.44275008;0.59579980;24.80;0.011533;0.025159
CW;100;90;90.00;50.00;50;-0.44104992;0.59259976;24.81;0.036428;-0.028601;-0.45994976;0.58095010;24.80;0.036716;0.037725
CCW;101;10;10.00;-80.00;50;-0.45434988;0.57925000;24.81;0.069253;0.000857;-0.44594984;0.58790000;24.82;0.004395;0.009873
CCW;102;0;0.00;-10.00;50;-0.45219980;0.57869990;24.82;0.070325;0.006833;-0.44274990;0.59709984;24.80;0.004641;0.004106
CW;103;110;110.00;110.00;50;-0.43819990;0.57739990;24.80;0.029412;-0.026521;-0.44229996;0.57844996;24.80;0.046924;0.036748
CW;104;190;190.00;80.00;50;-0.44494992;0.58984980;24.80;0.004016;0.009089;-0.45559970;0.58474990;24.80;0.070061;0.000867
CCW;105;50;50.00;-140.00;50;-0.45819992;0.59610004;24.80;0.059773;-0.019404;-0.43539990;0.58245010;24.80;0.015967;0.029070
CW;106;220;220.00;170.00;50;-0.42164990;0.58365000;24.80;0.011550;0.025588;-0.44215016;0.59230000;24.80;0.065339;-0.015305
CCW;107;130;130.00;-90.00;50;-0.43985000;0.59279980;24.80;0.016680;-0.021099;-0.43885000;0.58524984;24.80;0.058318;0.031067
CW;108;230;230.00;100.00;50;-0.43790000;0.58729992;24.80;0.015876;0.029280;-0.45799984;0.59634990;24.78;0.060017;-0.019309
CW;109;290;290.00;60.00;50;-0.43740012;0.58804980;24.80;0.044414;0.036594;-0.43854988;0.58265010;24.79;0.025696;-0.026870
CCW;110;270;270.00;-20.00;50;-0.43224988;0.58689990;24.80;0.035151;0.038567;-0.43680004;0.59180004;24.80;0.039797;-0.027876
CCW;111;220;220.00;-50.00;50;-0.43240000;0.58065004;24.80;0.010747;0.025474;-0.44015000;0.58664990;24.80;0.063298;-0.014958
CW;112;20;380.00;160.00;50;-0.44185000;0.56594990;24.80;0.068733;-0.005022;-0.43740012;0.58084992;24.80;0.006914;0.015249
CW;113;110;110.00;110.00;50;-0.44390000;0.59275000;24.83;0.026877;-0.026233;-0.43540000;0.58599996;24.80;0.047231;0.036204
CW;114;190;190.00;80.00;50;-0.43835010;0.58550010;24.80;0.004346;0.009719;-0.45269990;0.59574980;24.82;0.070408;0.000535
CCW;115;30;30.00;-160.00;50;-0.43900010;0.58550008;24.80;0.066833;-0.010361;-0.44829996;0.58914996;24.80;0.006975;0.021404
CCW;116;10;10.00;-20.00;50;-0.44239990;0.58430010;24.81;0.069224;0.000210;-0.44249996;0.59355010;24.80;0.004189;0.009736
CW;117;100;100.00;90.00;50;-0.44549992;0.58470016;24.82;0.032683;-0.027842;-0.44664992;0.58310016;24.82;0.042268;0.037725
CCW;118;30;30.00;-70.00;50;-0.45209992;0.57705004;24.83;0.066362;-0.010381;-0.44595000;0.57930000;24.85;0.007832;0.020432
CW;119;40;40.00;10.00;50;-0.43609984;0.58230000;24.80;0.062480;-0.015090;-0.43289984;0.58685010;24.80;0.011650;0.025537
CW;120;120;120.00;80.00;50;-0.44510000;0.59654980;24.80;0.021501;-0.023699;-0.44879980;0.57365010;24.81;0.052368;0.034739
CCW;121;80;80.00;-40.00;50;-0.44280008;0.59024996;24.82;0.043945;-0.027480;-0.43945010;0.57945016;24.80;0.030383;0.037263
CCW;122;340;-20.00;-100.00;50;-0.44600000;0.59164992;24.80;0.067393;0.017898;-0.44645000;0.59950008;24.80;0.004907;-0.007805
CCW;123;240;-120.00;-100.00;50;-0.43684996;0.58765008;24.82;0.018860;0.033828;-0.44654992;0.58655000;24.88;0.054436;-0.022615
CW;124;0;0.00;120.00;50;-0.45859980;0.58010000;24.85;0.069668;0.006250;-0.45360008;0.59339992;24.82;0.005176;0.003679
CW;125;130;130.00;130.00;50;-0.43925000;0.58769992;24.80;0.016243;-0.020823;-0.43914984;0.57965016;24.80;0.057439;0.031333
CW;126;150;150.00;20.00;50;-0.45134968;0.58590000;24.80;0.008867;-0.012400;-0.44819996;0.58465020;24.80;0.065117;0.022603
CCW;127;40;40.00;-110.00;50;-0.44010008;0.58695008;24.80;0.062644;-0.015144;-0.45289990;0.58435000;24.80;0.010745;0.025562
CCW;128;300;-60.00;-100.00;50;-0.44045000;0.58065010;24.79;0.052681;0.034900;-0.44769996;0.58574984;24.79;0.020977;-0.023813
CCW;129;160;-200.00;-140.00;50;-0.44724984;0.57969992;24.80;0.006033;-0.007039;-0.45434988;0.57950000;24.80;0.068220;0.017205
CW;130;310;-50.00;150.00;50;-0.44969984;0.58690000;24.76;0.056943;0.032166;-0.44889980;0.58470000;24.80;0.016162;-0.021001
CCW;131;180;-180.00;-130.00;50;-0.45254990;0.58250010;24.80;0.005171;0.003123;-0.45150004;0.58514992;24.80;0.068848;0.006863
CW;132;220;-140.00;40.00;50;-0.44544984;0.57600004;24.80;0.009900;0.025361;-0.44779980;0.59505000;24.80;0.061836;-0.015061
CW;133;230;-130.00;10.00;50;-0.45009984;0.57660000;24.80;0.014702;0.030220;-0.45464992;0.58879984;24.80;0.059417;-0.019126
CW;134;260;-100.00;30.00;50;-0.43790016;0.57750010;24.80;0.029326;0.037915;-0.44684996;0.58669996;24.80;0.043286;-0.027122
CW;135;70;70.00;170.00;50;-0.43915000;0.58660010;24.80;0.048989;-0.025234;-0.44759996;0.58014992;24.77;0.024299;0.035840
CW;136;180;180.00;110.00;50;-0.44860000;0.58370008;24.80;0.003582;0.003870;-0.44724992;0.59134990;24.80;0.069312;0.007161
CW;137;200;200.00;20.00;50;-0.44075004;0.59374980;24.76;0.005327;0.015500;-0.44444984;0.58420000;24.74;0.068833;-0.004419
CCW;138;180;180.00;-20.00;50;-0.43964988;0.58075016;24.79;0.003953;0.004131;-0.44924992;0.59009980;24.80;0.070571;0.006794
CW;139;180;180.00;0.00;50;-0.44155000;0.58200000;24.78;0.004351;0.003647;-0.45394996;0.58944980;24.77;0.071338;0.006353
CW;140;340;340.00;160.00;50;-0.44769984;0.59429984;24.80;0.067141;0.018333;-0.44314984;0.57775000;24.80;0.007227;-0.007505
CCW;141;290;290.00;-50.00;50;-0.45594980;0.58989996;24.77;0.047363;0.037229;-0.45594980;0.58304996;24.78;0.029060;-0.026475
CW;142;330;330.00;40.00;50;-0.45114984;0.58560010;24.80;0.063962;0.023765;-0.43990004;0.59269992;24.80;0.010095;-0.012700
CCW;143;270;270.00;-60.00;50;-0.44689996;0.57040010;24.80;0.036101;0.038306;-0.43585000;0.57675000;24.80;0.038291;-0.027815
CW;144;280;280.00;10.00;50;-0.44239996;0.58769992;24.80;0.041143;0.038005;-0.44424996;0.58404992;24.80;0.034116;-0.027705
CW;145;350;350.00;70.00;50;-0.44639992;0.58719984;24.81;0.071121;0.012800;-0.44075000;0.59289990;24.81;0.005632;-0.002769
CW;146;20;380.00;30.00;50;-0.44894992;0.58145000;24.80;0.069595;-0.004307;-0.44664996;0.58100000;24.80;0.005886;0.014622
CCW;147;250;250.00;-130.00;50;-0.44704992;0.58884990;24.80;0.023591;0.036116;-0.44175000;0.59524968;24.80;0.049893;-0.025435
CCW;148;130;130.00;-120.00;50;-0.44869996;0.60020008;24.80;0.018601;-0.021055;-0.45124992;0.57064990;24.80;0.057830;0.031519
CCW;149;60;60.00;-70.00;50;-0.46320000;0.58860000;24.80;0.052781;-0.022451;-0.43695010;0.57049990;24.80;0.018013;0.033469
CCW;150;290;-70.00;-130.00;50;-0.44714992;0.58175010;24.80;0.045474;0.037107;-0.46084990;0.58020016;24.74;0.028464;-0.026426
CCW;151;130;-230.00;-160.00;50;-0.45189996;0.59610004;24.80;0.016350;-0.021396;-0.45489990;0.58609990;24.80;0.056038;0.032241
CW;152;230;-130.00;100.00;50;-0.44129996;0.57570016;24.79;0.014639;0.029741;-0.44464992;0.59269990;24.80;0.060198;-0.019541
CCW;153;150;-210.00;-80.00;50;-0.45269996;0.58105010;24.80;0.007307;-0.012295;-0.45129990;0.58465000;24.79;0.064036;0.023074
CW;154;170;-190.00;20.00;50;-0.44114984;0.58295000;24.73;0.004238;-0.001802;-0.45349988;0.58230000;24.78;0.069438;0.012026
CW;155;190;-170.00;20.00;50;-0.44419992;0.58170010;24.80;0.004041;0.010354;-0.46219988;0.58759992;24.80;0.070735;0.001272
CW;156;270;-90.00;80.00;50;-0.45359990;0.58830004;24.80;0.035579;0.038767;-0.44989990;0.58325000;24.79;0.037603;-0.027456
CW;157;40;40.00;130.00;50;-0.43960016;0.58120008;24.80;0.062952;-0.014578;-0.44580000;0.57995004;24.80;0.011418;0.025464
CW;158;60;60.00;20.00;50;-0.44414996;0.57665016;24.73;0.054597;-0.022537;-0.44150000;0.58110020;24.76;0.020701;0.033020
CCW;159;320;-40.00;-100.00;50;-0.45669990;0.57484996;24.66;0.061609;0.027864;-0.44984992;0.58480000;24.67;0.013787;-0.016831
CW;160;50;50.00;90.00;50;-0.45739992;0.58795000;24.68;0.059482;-0.019172;-0.44744976;0.57735016;24.66;0.016560;0.029543
CCW;161;290;-70.00;-120.00;50;-0.44599980;0.59204984;24.64;0.045845;0.037556;-0.45159990;0.59465004;24.68;0.027786;-0.026179
CW;162;40;40.00;110.00;50;-0.45924990;0.59064984;24.67;0.063604;-0.014814;-0.44519980;0.58305016;24.69;0.011475;0.025522
CCW;163;220;-140.00;-180.00;50;-0.44005010;0.58180010;24.73;0.010176;0.025750;-0.44440020;0.58880016;24.77;0.063567;-0.014797
CCW;164;100;-260.00;-120.00;50;-0.45115008;0.57490024;24.76;0.032390;-0.027261;-0.45034984;0.58559990;24.76;0.041760;0.038647
CW;165;110;-250.00;10.00;50;-0.45064984;0.58465010;24.73;0.027476;-0.025610;-0.45904980;0.58645010;24.76;0.047456;0.036343
CW;166;230;-130.00;120.00;50;-0.44924984;0.57800008;24.74;0.014910;0.029885;-0.45439980;0.58999980;24.72;0.058218;-0.019548
CW;167;40;40.00;170.00;50;-0.45039996;0.57609990;24.79;0.064165;-0.014995;-0.45319984;0.58870000;24.73;0.011121;0.025527
CW;168;60;60.00;20.00;50;-0.46049992;0.58979992;24.74;0.054910;-0.023074;-0.44859996;0.58765000;24.66;0.019329;0.033008
CCW;169;240;-120.00;-180.00;50;-0.45384992;0.59304990;24.62;0.018381;0.033354;-0.44249988;0.58770008;24.64;0.054749;-0.022212
CW;170;50;50.00;170.00;50;-0.45844992;0.58719990;24.64;0.059622;-0.019458;-0.43974996;0.58169996;24.64;0.014243;0.029971
CCW;171;290;-70.00;-120.00;50;-0.45894984;0.58855000;24.62;0.047231;0.037083;-0.46179980;0.59809990;24.70;0.026829;-0.026667
CW;172;50;50.00;120.00;50;-0.44739992;0.58570010;24.64;0.059668;-0.018938;-0.44804992;0.58395010;24.62;0.015747;0.028943
CCW;173;240;-120.00;-170.00;50;-0.44490000;0.58300010;24.65;0.018403;0.033777;-0.46204990;0.58624990;24.64;0.054297;-0.023796
CCW;174;170;-190.00;-70.00;50;-0.44335000;0.59234980;24.68;0.004341;-0.002129;-0.44969980;0.57735016;24.66;0.068513;0.012480
CW;175;240;-120.00;70.00;50;-0.44259996;0.57935000;24.64;0.018167;0.033562;-0.44490008;0.58474992;24.68;0.054033;-0.022739
CW;176;10;10.00;130.00;50;-0.44914980;0.58990020;24.65;0.070164;0.001055;-0.44750004;0.59184984;24.75;0.006423;0.009558
CCW;177;300;-60.00;-70.00;50;-0.45874980;0.58430010;24.72;0.053340;0.034268;-0.45689990;0.59489996;24.73;0.021604;-0.024116
CCW;178;210;-150.00;-90.00;50;-0.44900000;0.58619992;24.71;0.007263;0.021311;-0.45874980;0.58140004;24.74;0.065798;-0.010278
CW;179;280;-80.00;70.00;50;-0.44215004;0.58100000;24.71;0.042131;0.038408;-0.45739992;0.59214990;24.72;0.031472;-0.027876
CW;180;80;80.00;160.00;50;-0.44834992;0.57555000;24.79;0.044084;-0.027043;-0.44649990;0.57805010;24.73;0.031072;0.037610
CCW;181;70;70.00;-10.00;50;-0.43510000;0.59664980;24.75;0.048906;-0.025725;-0.45784990;0.58610000;24.74;0.024346;0.035610
CW;182;190;190.00;120.00;50;-0.44654984;0.59090010;24.71;0.004456;0.009739;-0.44205008;0.57874990;24.68;0.070869;0.000493
CW;183;340;340.00;150.00;50;-0.44959984;0.58360000;24.64;0.067002;0.018093;-0.43595012;0.59620010;24.68;0.006514;-0.006807
CCW;184;260;260.00;-80.00;50;-0.44890000;0.58100010;24.69;0.030781;0.037378;-0.44165000;0.59889984;24.74;0.043982;-0.027678
CCW;185;130;130.00;-130.00;50;-0.44709996;0.59045004;24.69;0.016748;-0.021104;-0.45699990;0.58385016;24.73;0.058167;0.031653
CW;186;190;190.00;60.00;50;-0.44839980;0.58894984;24.64;0.004543;0.009675;-0.44814992;0.59499996;24.69;0.070527;0.000203
CCW;187;160;160.00;-30.00;50;-0.45589992;0.59809992;24.64;0.005105;-0.006633;-0.43959984;0.58759980;24.63;0.068787;0.017861
CCW;188;20;20.00;-140.00;50;-0.44440000;0.57375000;24.67;0.068018;-0.004856;-0.44984984;0.59324980;24.64;0.005247;0.015542
CW;189;20;20.00;0.00;50;-0.45069992;0.58675000;24.66;0.068862;-0.005352;-0.44159980;0.59129996;24.67;0.005498;0.015105
CW;190;120;120.00;100.00;50;-0.45745004;0.58380010;24.63;0.022104;-0.024478;-0.44900008;0.59009992;24.66;0.053879;0.034170
CCW;191;20;20.00;-100.00;50;-0.44824990;0.59344984;24.60;0.067356;-0.005105;-0.44209996;0.59250004;24.60;0.005903;0.016282
CCW;192;300;-60.00;-80.00;50;-0.44734992;0.58035000;24.60;0.052241;0.034707;-0.44599996;0.58834970;24.60;0.021567;-0.023850
CW;193;20;20.00;80.00;50;-0.45279984;0.58025000;24.60;0.069036;-0.005249;-0.44949984;0.59045004;24.60;0.006409;0.015361
CW;194;160;160.00;140.00;50;-0.45639996;0.59115000;24.60;0.005925;-0.007290;-0.44149996;0.57865000;24.60;0.068340;0.016543
CW;195;260;260.00;100.00;50;-0.45899992;0.58844980;24.62;0.032454;0.037947;-0.44719996;0.59139980;24.65;0.044221;-0.027131
CCW;196;170;170.00;-90.00;50;-0.44864984;0.57855016;24.60;0.004194;-0.001672;-0.46199984;0.58425004;24.64;0.070068;0.011763
CW;197;320;320.00;150.00;50;-0.44974984;0.59565010;24.60;0.061194;0.027483;-0.45419980;0.58690000;24.64;0.012908;-0.016687
CCW;198;250;250.00;-70.00;50;-0.45224996;0.57105004;24.60;0.025190;0.036746;-0.44879980;0.58365008;24.60;0.049036;-0.026167
CCW;199;190;190.00;-60.00;50;-0.45494984;0.58850000;24.62;0.006770;0.011140;-0.45874980;0.59329990;24.60;0.070740;-0.000586
CW;200;260;260.00;70.00;50;-0.45370000;0.58350010;24.60;0.032476;0.038030;-0.45554992;0.57050016;24.60;0.043308;-0.026819
CW;201;20;380.00;120.00;50;-0.45489996;0.59144990;24.60;0.068765;-0.006067;-0.45414980;0.58904980;24.60;0.007263;0.016660
CCW;202;270;270.00;-110.00;50;-0.45799990;0.58284990;24.64;0.037041;0.038672;-0.44924996;0.58410024;24.60;0.037708;-0.028274
CW;203;20;380.00;110.00;50;-0.46419988;0.59004984;24.63;0.068306;-0.006130;-0.44205012;0.59354996;24.61;0.007300;0.016089
CW;204;120;120.00;120.00;50;-0.46364984;0.59289990;24.60;0.020469;-0.023215;-0.45234980;0.58030000;24.60;0.054026;0.034094
CCW;205;330;-30.00;-150.00;50;-0.45604984;0.58979992;24.64;0.065806;0.022000;-0.45255008;0.59105010;24.61;0.007576;-0.010842
CW;206;130;130.00;160.00;50;-0.45069980;0.59894984;24.63;0.015901;-0.020173;-0.45319984;0.58015010;24.63;0.058086;0.030837
CW;207;280;280.00;150.00;50;-0.45084992;0.58570016;24.62;0.043044;0.038225;-0.45774990;0.59049990;24.62;0.031021;-0.027273
CCW;208;130;130.00;-150.00;50;-0.44759984;0.59694990;24.60;0.016208;-0.019871;-0.45344990;0.58940008;24.60;0.058455;0.030740
CCW;209;350;-10.00;-140.00;50;-0.45619990;0.58445000;24.60;0.069480;0.011328;-0.45509990;0.58919996;24.61;0.003738;-0.000354
CCW;210;180;-180.00;-170.00;50;-0.45899976;0.57725010;24.61;0.002229;0.005898;-0.45929984;0.58809996;24.60;0.070200;0.004790
CW;211;190;-170.00;10.00;50;-0.45164980;0.58005000;24.62;0.004919;0.010864;-0.45704988;0.58564980;24.60;0.070789;-0.000591
CCW;212;40;-320.00;-150.00;50;-0.45744980;0.59880008;24.63;0.061890;-0.015918;-0.44864992;0.58160008;24.60;0.011614;0.027183
CW;213;100;-260.00;60.00;50;-0.44515000;0.58170010;24.60;0.031218;-0.027505;-0.45949996;0.59655004;24.60;0.043018;0.037959
CCW;214;300;-60.00;-60.00;50;-0.45889980;0.58350000;24.60;0.053347;0.034307;-0.45729996;0.59024996;24.61;0.021331;-0.024028
CCW;215;230;-130.00;-70.00;50;-0.44384996;0.58425010;24.60;0.015654;0.030781;-0.45194996;0.59155008;24.60;0.058921;-0.019934
CW;216;290;-70.00;60.00;50;-0.45669988;0.56955030;24.60;0.048123;0.036479;-0.45534992;0.57995004;24.63;0.027571;-0.025984
CW;217;350;-10.00;60.00;50;-0.45659980;0.58899980;24.60;0.070073;0.011211;-0.44924984;0.58235000;24.60;0.004880;-0.000840
CCW;218;300;-60.00;-50.00;50;-0.46189984;0.58270000;24.60;0.054741;0.034224;-0.45609990;0.58340016;24.60;0.021011;-0.023787
CW;219;20;20.00;80.00;50;-0.45659976;0.58505010;24.60;0.068630;-0.005742;-0.45344984;0.57840000;24.61;0.005525;0.016528
CCW;220;350;-10.00;-30.00;50;-0.45854990;0.58450000;24.60;0.070330;0.010923;-0.46239988;0.57785010;24.60;0.005313;-0.000388
CW;221;40;40.00;50.00;50;-0.46159980;0.58755010;24.60;0.064143;-0.016030;-0.45454992;0.58425010;24.60;0.012490;0.026550
CCW;222;0;0.00;-40.00;50;-0.45245000;0.57850016;24.66;0.071753;0.005742;-0.45225004;0.58760008;24.62;0.004099;0.005110
CW;223;120;120.00;120.00;50;-0.46314980;0.58105004;24.60;0.022136;-0.023340;-0.45809980;0.56810004;24.61;0.053694;0.034075
CW;224;250;250.00;130.00;50;-0.46214976;0.58480000;24.64;0.025476;0.037043;-0.44430000;0.57780004;24.60;0.049536;-0.025776
CCW;225;110;110.00;-140.00;50;-0.45704996;0.59280000;24.60;0.026111;-0.025784;-0.45689980;0.58115020;24.61;0.048618;0.036255
CW;226;270;270.00;160.00;50;-0.44225000;0.58655000;24.60;0.036514;0.038337;-0.46284980;0.58594984;24.60;0.037202;-0.028389
CCW;227;190;190.00;-80.00;50;-0.45334996;0.59369992;24.60;0.004834;0.011423;-0.45339996;0.58505010;24.60;0.070681;-0.000623
CW;228;270;270.00;80.00;50;-0.46179976;0.58065010;24.60;0.035850;0.039417;-0.46204990;0.58425010;24.60;0.037478;-0.027612
CCW;229;260;260.00;-10.00;50;-0.46244980;0.58320010;24.62;0.031670;0.038474;-0.45904980;0.58975000;24.60;0.043318;-0.027302
CCW;230;90;90.00;-170.00;50;-0.45624980;0.58755000;24.60;0.037217;-0.027959;-0.45599980;0.57925004;24.60;0.036770;0.038931
CW;231;90;90.00;0.00;50;-0.46094988;0.58824984;24.62;0.036470;-0.027568;-0.45209980;0.58355016;24.60;0.036946;0.038250
CW;232;140;140.00;50.00;50;-0.45354992;0.58210000;24.60;0.012598;-0.015754;-0.45924972;0.58250004;24.60;0.063154;0.026584
CCW;233;330;-30.00;-170.00;50;-0.46239976;0.58355016;24.66;0.066406;0.021401;-0.45964984;0.57900010;24.60;0.007861;-0.010708
CW;234;340;-20.00;10.00;50;-0.45325004;0.59590008;24.60;0.067654;0.017915;-0.44524996;0.59649984;24.59;0.005313;-0.005830
CCW;235;330;-30.00;-10.00;50;-0.45344996;0.58829992;24.60;0.065754;0.022588;-0.44120010;0.58545000;24.60;0.008315;-0.010928
CW;236;110;110.00;140.00;50;-0.45079992;0.59134968;24.60;0.024861;-0.025527;-0.45754990;0.57845016;24.56;0.048667;0.036641
CW;237;250;250.00;140.00;50;-0.45764990;0.57390000;24.58;0.025486;0.036401;-0.44600000;0.57800024;24.60;0.047778;-0.026169
CW;238;250;250.00;0.00;50;-0.46104980;0.57745016;24.60;0.026589;0.036709;-0.45719992;0.59744996;24.58;0.048594;-0.026265
CCW;239;180;180.00;-70.00;50;-0.45459992;0.58510000;24.60;0.003838;0.005486;-0.45559992;0.58894984;24.59;0.071013;0.005205
CW;240;310;310.00;130.00;50;-0.46149980;0.58855000;24.60;0.057737;0.030972;-0.45399992;0.59549980;24.60;0.015461;-0.020569
CW;241;40;400.00;90.00;50;-0.45279990;0.58050024;24.60;0.063569;-0.016372;-0.45499990;0.58015008;24.60;0.012761;0.026243
CCW;242;290;290.00;-110.00;50;-0.45634988;0.58010010;24.60;0.048481;0.036802;-0.45444992;0.58320010;24.60;0.026245;-0.025945
CCW;243;160;160.00;-130.00;50;-0.46679976;0.58709990;24.60;0.005547;-0.005610;-0.44424992;0.59234976;24.60;0.068889;0.017234
CW;244;300;300.00;140.00;50;-0.46429976;0.57785000;24.66;0.052529;0.034368;-0.44700008;0.58200024;24.61;0.021348;-0.023669
CCW;245;150;150.00;-150.00;50;-0.44934996;0.58015010;24.60;0.007490;-0.011006;-0.45779988;0.58309996;24.60;0.066040;0.022036
CW;246;300;300.00;150.00;50;-0.46969996;0.57680000;24.59;0.053738;0.034182;-0.45114992;0.59545004;24.59;0.021919;-0.023167
CCW;247;140;140.00;-160.00;50;-0.45104996;0.59469990;24.60;0.012537;-0.016072;-0.44739980;0.58809984;24.58;0.063235;0.026826
CW;248;220;220.00;80.00;50;-0.45975000;0.57924984;24.60;0.012246;0.027126;-0.46339990;0.58864980;24.60;0.064060;-0.015786
CW;249;300;300.00;80.00;50;-0.45684990;0.58065000;24.62;0.053806;0.034041;-0.45264976;0.59019992;24.60;0.019807;-0.023264
CW;250;90;90.00;90.00;50;-0.45959972;0.58414996;24.60;0.036453;-0.027876;-0.45699980;0.57580000;24.60;0.037620;0.038547
CCW;251;330;-30.00;-120.00;50;-0.45794988;0.59094996;24.60;0.065713;0.021768;-0.45355008;0.59184984;24.60;0.008828;-0.010942
CW;252;50;50.00;80.00;50;-0.44334972;0.58655000;24.60;0.056687;-0.020015;-0.44610000;0.59534980;24.60;0.015247;0.030425
CCW;253;10;10.00;-40.00;50;-0.45454988;0.58765000;24.60;0.068965;-0.000674;-0.45739980;0.56465008;24.61;0.005330;0.011147
CCW;254;220;-140.00;-150.00;50;-0.44719984;0.57315004;24.60;0.011790;0.027483;-0.47039984;0.59144990;24.60;0.064023;-0.016318
CCW;255;130;-230.00;-90.00;50;-0.45854990;0.58110000;24.60;0.014431;-0.019543;-0.46844990;0.57245004;24.60;0.058389;0.031199
CW;256;220;-140.00;90.00;50;-0.45795004;0.58140000;24.59;0.010930;0.027043;-0.47295000;0.57315010;24.60;0.064587;-0.016101
CW;257;320;-40.00;100.00;50;-0.44954980;0.59014992;24.60;0.064109;0.026750;-0.45244990;0.58015024;24.60;0.011978;-0.015708
CW;258;130;130.00;170.00;50;-0.44714988;0.58615000;24.60;0.015010;-0.019746;-0.46269976;0.58979992;24.60;0.059888;0.030466
CCW;259;310;-50.00;-180.00;50;-0.45609990;0.59625020;24.61;0.059165;0.030859;-0.45620000;0.59339980;24.60;0.016343;-0.019619
CCW;260;150;-210.00;-160.00;50;-0.46960000;0.58989996;24.60;0.008215;-0.010496;-0.46089992;0.57789990;24.60;0.066167;0.021245
CW;261;270;-90.00;120.00;50;-0.45699992;0.57215010;24.59;0.037300;0.038955;-0.46494976;0.57584996;24.60;0.036462;-0.028606
CCW;262;140;-220.00;-130.00;50;-0.44575008;0.57340010;24.60;0.010720;-0.015544;-0.45929984;0.58775010;24.60;0.062898;0.026257
CCW;263;100;-260.00;-40.00;50;-0.45424992;0.58274996;24.60;0.030566;-0.027483;-0.45534984;0.57840016;24.59;0.042952;0.038357
CCW;264;280;-80.00;-80.00;50;-0.45304992;0.59075000;24.60;0.044028;0.037568;-0.44664984;0.58680004;24.60;0.030833;-0.027510
CW;265;310;-50.00;30.00;50;-0.44805000;0.59029996;24.60;0.061921;0.030684;-0.44564980;0.59334980;24.60;0.018057;-0.020618
CCW;266;130;-230.00;-180.00;50;-0.44725000;0.57870000;24.60;0.014392;-0.019475;-0.45624990;0.57934980;24.60;0.058118;0.030542
CW;267;290;-70.00;160.00;50;-0.45639992;0.58075004;24.60;0.048489;0.037212;-0.45019970;0.58315010;24.56;0.024456;-0.025266
CW;268;300;-60.00;10.00;50;-0.46059980;0.58530010;24.58;0.054790;0.033643;-0.45944976;0.59354990;24.56;0.020652;-0.023210
CCW;269;220;-140.00;-80.00;50;-0.45409992;0.58455010;24.57;0.010710;0.027507;-0.45465000;0.57834990;24.57;0.062827;-0.016326
CW;270;310;-50.00;90.00;50;-0.45914990;0.58169984;24.60;0.061260;0.030374;-0.44949980;0.59729992;24.59;0.014067;-0.019543
CW;271;90;90.00;140.00;50;-0.45599992;0.58930000;24.60;0.036516;-0.027964;-0.45445008;0.57855000;24.60;0.037502;0.038232
CW;272;120;120.00;30.00;50;-0.45849980;0.58949996;24.58;0.019617;-0.023569;-0.45059976;0.56850004;24.60;0.054666;0.033237
CW;273;240;240.00;120.00;50;-0.45689980;0.57225008;24.58;0.022146;0.033838;-0.46119990;0.58540000;24.60;0.053225;-0.023923
CW;274;270;270.00;30.00;50;-0.45069984;0.57210016;24.58;0.039170;0.038147;-0.45434996;0.58220010;24.60;0.036858;-0.028157
CCW;275;120;120.00;-150.00;50;-0.45029992;0.59169984;24.60;0.020054;-0.023477;-0.45039990;0.58195000;24.60;0.055029;0.033318
CW;276;270;270.00;150.00;50;-0.45944984;0.58255004;24.58;0.037178;0.038511;-0.45939988;0.58330008;24.58;0.037058;-0.027571
CW;277;50;50.00;50.00;50;-0.46109976;0.58450010;24.56;0.057749;-0.020112;-0.46489990;0.58010010;24.58;0.015381;0.030991
CW;278;100;100.00;50.00;50;-0.46675000;0.58849990;24.58;0.031829;-0.027769;-0.45989990;0.57255000;24.57;0.043191;0.037974
CCW;279;350;-10.00;-110.00;50;-0.46439984;0.58519996;24.60;0.069585;0.010640;-0.45434990;0.57324992;24.56;0.003108;0.000562
CW;280;40;40.00;50.00;50;-0.46569984;0.57565000;24.56;0.063359;-0.015984;-0.45539996;0.58015010;24.52;0.012063;0.027039
CW;281;160;160.00;120.00;50;-0.44339992;0.58165000;24.58;0.005730;-0.005691;-0.45794976;0.58969984;24.60;0.069729;0.016201
CCW;282;40;40.00;-120.00;50;-0.46259988;0.58600010;24.58;0.062312;-0.016323;-0.45164984;0.58285010;24.57;0.012380;0.026736
CW;283;90;90.00;50.00;50;-0.46104984;0.58305016;24.53;0.036118;-0.027764;-0.45869980;0.58484990;24.55;0.038113;0.038271
CCW;284;300;-60.00;-150.00;50;-0.45239984;0.58275010;24.60;0.054666;0.034719;-0.45305004;0.58639984;24.59;0.020862;-0.022805
CCW;285;250;-110.00;-50.00;50;-0.46114980;0.58230008;24.56;0.026450;0.037415;-0.46034984;0.58724992;24.59;0.047361;-0.025967
CCW;286;170;-190.00;-80.00;50;-0.44559984;0.58750004;24.60;0.003467;0.001228;-0.45079992;0.58524996;24.57;0.070618;0.011167
CCW;287;0;-360.00;-170.00;50;-0.47044996;0.58759992;24.61;0.070359;0.004897;-0.44769990;0.58489984;24.59;0.001807;0.006558
CW;288;20;-340.00;20.00;50;-0.46484990;0.58124996;24.60;0.070508;-0.006428;-0.44589988;0.58405010;24.60;0.008481;0.017637
CW;289;90;-270.00;70.00;50;-0.46199980;0.58520000;24.58;0.035742;-0.027417;-0.45139996;0.58165000;24.60;0.036526;0.038904
CW;290;210;-150.00;120.00;50;-0.45325004;0.57820010;24.53;0.009207;0.023010;-0.45199990;0.58299980;24.53;0.065559;-0.011440
CW;291;250;-110.00;40.00;50;-0.45820000;0.58210010;24.51;0.026990;0.037271;-0.44925008;0.58855016;24.51;0.047705;-0.025779
CW;292;10;10.00;120.00;50;-0.46179976;0.59254984;24.56;0.070078;-0.000430;-0.46109984;0.59734990;24.55;0.004631;0.012151
CW;293;170;170.00;160.00;50;-0.45159990;0.58469984;24.53;0.004763;0.001289;-0.45629976;0.59530010;24.48;0.069944;0.010828
CCW;294;110;110.00;-60.00;50;-0.45094990;0.58100010;24.53;0.024841;-0.024763;-0.45454990;0.57725030;24.46;0.050325;0.036704
CW;295;140;140.00;30.00;50;-0.45639980;0.59299992;24.52;0.010874;-0.014905;-0.46109976;0.58440000;24.45;0.064192;0.026399
CW;296;200;200.00;60.00;50;-0.44940004;0.57645010;24.48;0.006414;0.017327;-0.45354990;0.59534990;24.50;0.068855;-0.006045
CW;297;240;240.00;40.00;50;-0.45089992;0.58564996;24.40;0.021658;0.034346;-0.45059992;0.59784996;24.39;0.053960;-0.023621
CW;298;50;50.00;50.00;50;-0.45464992;0.58830010;24.45;0.058413;-0.020515;-0.46129988;0.57890000;24.37;0.017046;0.031294
CW;299;180;180.00;130.00;50;-0.45039992;0.60319996;24.33;0.005063;0.005857;-0.45934980;0.60614990;24.37;0.071875;0.004790
CW;300;210;210.00;30.00;50;-0.44290008;0.59559992;24.40;0.009526;0.022993;-0.44789990;0.59750000;24.35;0.067202;-0.011599
CW;301;230;230.00;20.00;50;-0.45140004;0.58850010;24.31;0.017402;0.031628;-0.46424980;0.60180000;24.38;0.060315;-0.020686
CW;302;280;280.00;50.00;50;-0.45429990;0.59035000;24.34;0.042893;0.038391;-0.44499988;0.60064996;24.34;0.031279;-0.027144
CW;303;70;70.00;70.00;50;-0.45119996;0.59740000;24.34;0.047915;-0.026331;-0.45174984;0.60019992;24.34;0.025986;0.036660
CCW;304;350;-10.00;-80.00;50;-0.44635000;0.59369992;24.30;0.069763;0.011345;-0.45129992;0.61135010;24.28;0.004348;0.000366
CCW;305;240;-120.00;-110.00;50;-0.45709980;0.60254990;24.30;0.020278;0.035320;-0.45624990;0.60030000;24.30;0.054082;-0.023030
CW;306;320;-40.00;80.00;50;-0.46899990;0.59124992;24.31;0.063088;0.026460;-0.46250004;0.59269980;24.30;0.011809;-0.014868
CW;307;340;-20.00;20.00;50;-0.45584990;0.59295004;24.35;0.069453;0.016296;-0.44234996;0.60379992;24.30;0.005979;-0.004417
CW;308;80;80.00;100.00;50;-0.45764990;0.59919990;24.35;0.042822;-0.026777;-0.45564980;0.58929990;24.33;0.031907;0.038411
CCW;309;40;40.00;-40.00;50;-0.46009988;0.59909992;24.30;0.061394;-0.016162;-0.45909984;0.59914992;24.30;0.012446;0.027700
CCW;310;300;-60.00;-100.00;50;-0.44245008;0.58954996;24.30;0.055483;0.034290;-0.45874976;0.60019990;24.30;0.020024;-0.022146
CCW;311;120;-240.00;-180.00;50;-0.46339992;0.59005000;24.34;0.019856;-0.023025;-0.45604980;0.58534990;24.30;0.054685;0.034390
CCW;312;70;-290.00;-50.00;50;-0.46814988;0.59019980;24.30;0.047637;-0.025547;-0.45729980;0.59609980;24.30;0.026067;0.037361
CW;313;240;-120.00;170.00;50;-0.45059992;0.59299980;24.31;0.020588;0.035454;-0.46589980;0.60170000;24.31;0.053359;-0.023628
CW;314;270;-90.00;30.00;50;-0.45514984;0.59585000;24.30;0.038381;0.039219;-0.45444990;0.59750000;24.30;0.036108;-0.027439
CCW;315;120;-240.00;-150.00;50;-0.45270004;0.59569980;24.30;0.020330;-0.022634;-0.45330004;0.59300000;24.31;0.055432;0.034272
CCW;316;320;-400.00;-160.00;50;-0.45664990;0.59500000;24.30;0.063328;0.026582;-0.45510010;0.59570020;24.30;0.011028;-0.014338
CW;317;330;-390.00;10.00;50;-0.44744992;0.59229992;24.30;0.066489;0.021736;-0.45999990;0.60629992;24.29;0.007834;-0.009153
CW;318;110;-250.00;140.00;50;-0.47050008;0.59094980;24.30;0.024004;-0.025378;-0.45669990;0.59079990;24.27;0.049670;0.037056
CCW;319;10;-350.00;-100.00;50;-0.45729984;0.60855000;24.30;0.069541;-0.000742;-0.45129976;0.60209990;24.26;0.004998;0.013069
CCW;320;330;-390.00;-40.00;50;-0.45959980;0.59914992;24.30;0.067629;0.021423;-0.45194984;0.59990008;24.30;0.008276;-0.009690
CW;321;140;-220.00;170.00;50;-0.46679990;0.59519990;24.25;0.010520;-0.014641;-0.46189980;0.58030000;24.27;0.064177;0.026250
CW;322;160;-200.00;20.00;50;-0.45224996;0.60444990;24.26;0.004773;-0.004307;-0.46539984;0.60204980;24.27;0.069600;0.016262
CCW;323;110;-250.00;-50.00;50;-0.46554984;0.59944990;24.27;0.024443;-0.024636;-0.47075004;0.58140010;24.24;0.050747;0.036814
CW;324;270;-90.00;160.00;50;-0.47000010;0.60025000;24.29;0.039241;0.038862;-0.46745000;0.59810008;24.28;0.035410;-0.026965
CCW;325;130;-230.00;-140.00;50;-0.46019990;0.59415008;24.18;0.015525;-0.018447;-0.46694988;0.58625000;24.22;0.059673;0.030833
CCW;326;110;-250.00;-20.00;50;-0.46549988;0.59860004;24.23;0.026052;-0.025010;-0.46779990;0.60109996;24.26;0.050806;0.036404
CCW;327;50;-310.00;-60.00;50;-0.46314984;0.59829990;24.29;0.056995;-0.020310;-0.45240010;0.60300004;24.25;0.016899;0.032805
CW;328;60;-300.00;10.00;50;-0.47525008;0.59904984;24.28;0.051499;-0.023806;-0.44969984;0.60320016;24.24;0.021775;0.036250
CW;329;170;-190.00;110.00;50;-0.45454988;0.60679990;24.28;0.003706;0.001636;-0.45954990;0.59844990;24.28;0.070012;0.010701
CW;330;280;-80.00;110.00;50;-0.46559992;0.57700010;24.27;0.044363;0.038601;-0.46664984;0.59184984;24.28;0.031560;-0.026387
CCW;331;250;-110.00;-30.00;50;-0.45534992;0.59695008;24.28;0.028008;0.037996;-0.46324976;0.60154990;24.29;0.047551;-0.026255
CCW;332;160;-200.00;-90.00;50;-0.45405004;0.59369976;24.30;0.006418;-0.004719;-0.45469990;0.59364990;24.26;0.070305;0.015984
CW;333;260;-100.00;100.00;50;-0.45784984;0.59694992;24.26;0.031538;0.038992;-0.45634992;0.59634990;24.26;0.040435;-0.027217
CCW;334;110;-250.00;-150.00;50;-0.46134972;0.60100000;24.26;0.025400;-0.025405;-0.45215004;0.59875000;24.30;0.050098;0.036594
CCW;335;330;-390.00;-140.00;50;-0.46489984;0.59640010;24.25;0.066855;0.021860;-0.45519984;0.60279990;24.25;0.007410;-0.009277
CW;336;60;-300.00;90.00;50;-0.46230004;0.59710000;24.26;0.053118;-0.023308;-0.46104992;0.58205000;24.28;0.019946;0.036414
CCW;337;240;-120.00;-120.00;50;-0.45219990;0.60329990;24.29;0.021846;0.035613;-0.45834988;0.59239996;24.30;0.050959;-0.023992
CW;338;270;-90.00;30.00;50;-0.46079988;0.59985008;24.23;0.039578;0.038923;-0.45984990;0.59804990;24.30;0.036248;-0.027576
CW;339;340;-20.00;70.00;50;-0.46854988;0.59274996;24.26;0.069780;0.015789;-0.44155000;0.60150010;24.30;0.006335;-0.004163
CCW;340;200;-160.00;-140.00;50;-0.46324976;0.59484976;24.30;0.006797;0.018308;-0.46389984;0.59414992;24.28;0.069060;-0.006807
CCW;341;140;-220.00;-60.00;50;-0.46324976;0.58740000;24.29;0.009746;-0.014692;-0.46164980;0.60384992;24.30;0.063401;0.026399
CW;342;180;-180.00;40.00;50;-0.44959984;0.58575004;24.23;0.004514;0.007146;-0.46389976;0.59470004;24.27;0.071575;0.004070
CCW;343;100;-260.00;-80.00;50;-0.45644992;0.60224990;24.30;0.028220;-0.026372;-0.47050000;0.59899990;24.15;0.044563;0.038625
CW;344;230;-130.00;130.00;50;-0.46044980;0.60079984;24.26;0.017043;0.032266;-0.46389984;0.59695008;24.27;0.057773;-0.020828
CCW;345;120;-240.00;-110.00;50;-0.44295016;0.61319992;24.24;0.018413;-0.022368;-0.46314988;0.60330000;24.26;0.056543;0.033413
CW;346;120;-240.00;0.00;50;-0.46659988;0.60464990;24.26;0.018723;-0.022112;-0.45249992;0.59439980;24.29;0.054407;0.034028
CCW;347;60;-300.00;-60.00;50;-0.45865000;0.59764992;24.25;0.053289;-0.024287;-0.45419976;0.60350000;24.25;0.021440;0.035449
CW;348;150;-210.00;90.00;50;-0.46269980;0.60839984;24.25;0.007161;-0.009077;-0.45795000;0.59139990;24.24;0.066787;0.021594
CCW;349;330;-390.00;-180.00;50;-0.45979976;0.59469980;24.28;0.066831;0.021575;-0.45124980;0.59804990;24.28;0.007993;-0.009519
CW;350;170;170.00;170.00;50;-0.44655000;0.59919990;24.30;0.006956;0.001423;-0.45824980;0.59694976;24.24;0.071562;0.010193
CW;351;170;170.00;0.00;50;-0.46134990;0.59579980;24.24;0.005303;0.001082;-0.46719984;0.59979992;24.28;0.070955;0.010295
CCW;352;70;70.00;-100.00;50;-0.45330004;0.60500010;24.29;0.046353;-0.025740;-0.45979990;0.60369984;24.27;0.028496;0.037024
CCW;353;320;-40.00;-110.00;50;-0.44894996;0.60639990;24.29;0.063733;0.026177;-0.45869988;0.60035000;24.30;0.010669;-0.014854
CW;354;90;90.00;130.00;50;-0.44989990;0.60394996;24.30;0.036006;-0.027434;-0.45584990;0.59039990;24.25;0.039392;0.038655
CW;355;140;140.00;50.00;50;-0.45574992;0.60435016;24.27;0.011343;-0.015293;-0.45749964;0.60185004;24.24;0.063767;0.026262
CW;356;210;210.00;70.00;50;-0.45664988;0.60955000;24.18;0.008142;0.023999;-0.46119984;0.60384990;24.17;0.066318;-0.011733
CW;357;20;380.00;170.00;50;-0.46599980;0.61035000;24.16;0.068333;-0.006821;-0.45409990;0.60259990;24.17;0.007480;0.018083
CW;358;160;160.00;160.00;50;-0.45229980;0.59979992;24.23;0.005547;-0.004346;-0.46259980;0.60030000;24.24;0.069006;0.015840
CW;359;230;230.00;70.00;50;-0.45719980;0.60320000;24.18;0.017478;0.032139;-0.46569984;0.60230004;24.10;0.057234;-0.020771
CW;360;330;330.00;100.00;50;-0.45689980;0.60270000;24.14;0.068257;0.021047;-0.46989996;0.60660004;24.04;0.009045;-0.010029
CW;361;140;140.00;140.00;50;-0.45814992;0.62525000;24.11;0.010703;-0.014468;-0.46579976;0.59765008;24.09;0.064534;0.025732
CCW;362;40;40.00;-100.00;50;-0.46904990;0.60675016;24.16;0.060972;-0.016482;-0.45864992;0.61260010;24.06;0.013491;0.028433
CW;363;60;60.00;20.00;50;-0.46624990;0.62439990;24.08;0.054382;-0.023911;-0.44894980;0.60940004;24.05;0.024209;0.035183
CCW;364;330;-30.00;-90.00;50;-0.45829980;0.60679984;24.00;0.066609;0.020664;-0.45839984;0.60929984;24.05;0.007485;-0.008525
CW;365;110;110.00;140.00;50;-0.45764996;0.59835010;24.06;0.026577;-0.024587;-0.46109992;0.60415008;24.03;0.051138;0.036125
CCW;366;60;60.00;-50.00;50;-0.45270000;0.61474984;24.00;0.054995;-0.023501;-0.45649996;0.60474990;24.03;0.022688;0.036040
CCW;367;260;-100.00;-160.00;50;-0.45430004;0.61404990;24.00;0.036265;0.040007;-0.46410004;0.61139976;23.97;0.044019;-0.026213
CCW;368;200;-160.00;-60.00;50;-0.46779984;0.60920008;23.99;0.006594;0.019097;-0.46454984;0.62014984;23.98;0.069839;-0.006770
CW;369;10;10.00;170.00;50;-0.46524988;0.60604980;23.95;0.069778;-0.001082;-0.45654988;0.61934996;23.89;0.005051;0.013745
CW;370;80;80.00;70.00;50;-0.45629988;0.62210000;23.92;0.042375;-0.027175;-0.45249992;0.61444990;23.95;0.033979;0.038804
CCW;371;50;50.00;-30.00;50;-0.46199970;0.62305000;23.94;0.057820;-0.020720;-0.45384990;0.61625004;23.93;0.016809;0.032639
CCW;372;310;-50.00;-100.00;50;-0.45009984;0.60675000;23.87;0.061277;0.030454;-0.46069990;0.61080000;23.92;0.015481;-0.018203
CCW;373;250;-110.00;-60.00;50;-0.45554980;0.61094990;23.87;0.027629;0.038350;-0.46494980;0.61704992;23.86;0.047571;-0.025115
CW;374;50;50.00;160.00;50;-0.46054990;0.63444996;23.86;0.058037;-0.020247;-0.45469992;0.61219990;23.87;0.017705;0.032083
CW;375;150;150.00;100.00;50;-0.45184990;0.61974996;23.86;0.007637;-0.009182;-0.47680010;0.60710008;23.94;0.067849;0.021794
CCW;376;10;10.00;-140.00;50;-0.46519984;0.60175010;23.93;0.069373;-0.001829;-0.45494992;0.61814980;23.99;0.003608;0.013042
CCW;377;300;-60.00;-70.00;50;-0.45294990;0.61284990;23.93;0.053826;0.035706;-0.45549980;0.62780004;23.96;0.018962;-0.021750
CW;378;0;0.00;60.00;50;-0.46249992;0.61204992;23.99;0.070603;0.005046;-0.44970010;0.62394992;23.98;0.004651;0.007903
CCW;379;180;-180.00;-180.00;50;-0.45534980;0.61590000;23.93;0.002656;0.007612;-0.46259980;0.61080000;23.95;0.071450;0.005103
CCW;380;30;-330.00;-150.00;50;-0.46109990;0.60539980;23.97;0.065364;-0.011079;-0.45139984;0.62354990;23.92;0.010364;0.025066
CCW;381;290;-70.00;-70.00;50;-0.46339990;0.61095000;23.96;0.050305;0.037478;-0.46694980;0.61059990;23.92;0.026328;-0.025164
CW;382;20;20.00;90.00;50;-0.46364976;0.62359992;23.88;0.068918;-0.006606;-0.45009992;0.61560000;23.93;0.007861;0.018833
CCW;383;250;-110.00;-130.00;50;-0.46754984;0.61789996;23.99;0.027607;0.038330;-0.45684988;0.60644996;23.99;0.047725;-0.025696
CCW;384;80;-280.00;-170.00;50;-0.45714992;0.61550004;24.00;0.043208;-0.027188;-0.46144990;0.61180000;23.97;0.033518;0.039719
CW;385;110;-250.00;30.00;50;-0.45989980;0.61464996;23.95;0.024136;-0.024319;-0.46695000;0.60919990;24.00;0.049573;0.036963
CCW;386;330;-390.00;-140.00;50;-0.45304992;0.61859996;23.96;0.066672;0.022041;-0.45360008;0.61799984;23.96;0.007974;-0.009458
CW;387;340;-380.00;10.00;50;-0.46179984;0.61335010;23.97;0.070286;0.016667;-0.45050004;0.61795010;23.93;0.004778;-0.003901
CW;388;340;-380.00;0.00;50;-0.46074984;0.61954992;23.93;0.069331;0.016868;-0.46659984;0.60850000;23.90;0.005396;-0.004294
CCW;389;270;-90.00;-90.00;50;-0.45545004;0.61394996;23.96;0.038386;0.039453;-0.46384988;0.61945000;23.95;0.036257;-0.027290
CCW;390;200;-160.00;-70.00;50;-0.45714984;0.60919990;23.97;0.006101;0.018965;-0.47044996;0.61814992;23.95;0.067839;-0.006423
CCW;391;60;-300.00;-140.00;50;-0.46555000;0.61270004;23.97;0.053518;-0.023281;-0.46024980;0.62139992;23.97;0.022493;0.035273
CCW;392;280;-80.00;-80.00;50;-0.46975016;0.61740010;23.96;0.043813;0.039392;-0.45464992;0.61934996;23.93;0.030156;-0.026860
CCW;393;170;-190.00;-110.00;50;-0.46199980;0.61339976;23.90;0.004460;0.001145;-0.46899996;0.61434996;23.98;0.070776;0.010652
CW;394;240;-120.00;70.00;50;-0.45784990;0.62029992;23.96;0.021548;0.035356;-0.46729990;0.60590000;23.97;0.053782;-0.023682
CW;395;300;-60.00;60.00;50;-0.46474988;0.62419990;23.98;0.055537;0.034385;-0.45600004;0.61140000;23.99;0.021060;-0.022625
CCW;396;260;-100.00;-40.00;50;-0.46244972;0.61014990;23.96;0.032832;0.039080;-0.46629984;0.62180008;23.97;0.042688;-0.026965
CCW;397;160;-200.00;-100.00;50;-0.45829992;0.60415008;23.93;0.005559;-0.004697;-0.46259988;0.62250020;23.98;0.069011;0.016621
CW;398;320;-40.00;160.00;50;-0.46735000;0.61339980;23.96;0.063240;0.026680;-0.46274992;0.61324996;23.99;0.011543;-0.014924
CCW;399;220;-140.00;-100.00;50;-0.46619980;0.61059990;23.92;0.012141;0.028022;-0.46969976;0.61359984;23.93;0.064331;-0.016489
CCW;400;100;-260.00;-120.00;50;-0.46564988;0.62505008;23.92;0.031292;-0.026501;-0.46199976;0.60849992;23.91;0.044685;0.039104
CW;401;160;-200.00;60.00;50;-0.45889984;0.61810000;23.92;0.006372;-0.004438;-0.46894990;0.61755016;23.95;0.068982;0.017129
CCW;402;340;-380.00;-180.00;50;-0.46324990;0.60930000;23.97;0.069219;0.016885;-0.47014990;0.61694990;23.97;0.005466;-0.004949
CCW;403;240;-120.00;-120.00;50;-0.45814990;0.60980010;23.93;0.020435;0.035505;-0.45859970;0.61870016;23.97;0.054841;-0.023369
CCW;404;180;-180.00;-60.00;50;-0.46065000;0.61344990;23.90;0.004492;0.006448;-0.46679996;0.61580010;23.92;0.070969;0.005081
CW;405;190;-170.00;10.00;50;-0.44909996;0.61715008;23.88;0.003645;0.012397;-0.47850028;0.61580000;23.88;0.070583;-0.000293
CW;406;210;-150.00;20.00;50;-0.45300004;0.61900010;23.92;0.007915;0.023296;-0.46189980;0.61930010;23.90;0.066091;-0.011475
CCW;407;90;-270.00;-120.00;50;-0.46189980;0.60870010;24.00;0.037949;-0.027212;-0.46844990;0.60605010;23.88;0.038379;0.039595
CCW;408;270;-90.00;-90.00;50;-0.46835000;0.61540010;23.97;0.039407;0.039180;-0.46839988;0.61670000;23.97;0.037979;-0.027444
CW;409;0;0.00;90.00;50;-0.46514984;0.62290008;23.95;0.072356;0.005352;-0.45710008;0.62039984;23.96;0.005771;0.006096
CW;410;90;90.00;90.00;50;-0.45389984;0.62015000;23.95;0.038020;-0.027473;-0.45849968;0.61659990;23.95;0.039185;0.038799
CCW;411;20;20.00;-70.00;50;-0.46224980;0.60635000;23.92;0.069150;-0.006213;-0.46529996;0.61540000;23.89;0.007158;0.018152
CCW;412;310;-50.00;-70.00;50;-0.45190000;0.61389992;23.86;0.059292;0.031604;-0.46555000;0.61240008;23.80;0.016614;-0.019658
CW;413;80;80.00;130.00;50;-0.46669988;0.61229984;23.88;0.040291;-0.026604;-0.45044990;0.62164990;23.84;0.031233;0.038647
CCW;414;0;0.00;-80.00;50;-0.45049996;0.61594984;23.92;0.071799;0.005300;-0.45454988;0.61275020;23.91;0.004714;0.006907
CCW;415;210;-150.00;-150.00;50;-0.45904990;0.62015010;23.85;0.008943;0.023330;-0.46929990;0.62925004;23.92;0.066492;-0.011265
CCW;416;190;-170.00;-20.00;50;-0.46689984;0.61009980;23.92;0.002793;0.012200;-0.46580000;0.60859984;23.85;0.067639;-0.000222
CW;417;260;-100.00;70.00;50;-0.46329984;0.61394984;23.96;0.031562;0.038638;-0.45984980;0.60565000;23.90;0.043442;-0.026367
CW;418;320;-40.00;60.00;50;-0.46935000;0.61079972;23.94;0.063667;0.027375;-0.45709984;0.61454990;23.89;0.012437;-0.015413
CW;419;350;-10.00;30.00;50;-0.47269996;0.61489992;23.91;0.071523;0.011743;-0.45790000;0.61534976;23.92;0.006658;0.000002
CW;420;90;90.00;100.00;50;-0.46644976;0.62740004;23.86;0.037217;-0.026829;-0.45564988;0.61934984;23.80;0.038813;0.038469
CCW;421;50;50.00;-40.00;50;-0.46749984;0.62205020;23.80;0.059690;-0.019414;-0.46109984;0.62415000;23.85;0.017842;0.031235
CCW;422;350;-10.00;-60.00;50;-0.47400008;0.61225000;23.80;0.071995;0.011230;-0.45904988;0.62380004;23.80;0.005989;0.000774
CCW;423;260;-100.00;-90.00;50;-0.46785000;0.60330004;23.82;0.033745;0.039016;-0.46095000;0.62000008;23.80;0.043970;-0.027000
CCW;424;110;-250.00;-150.00;50;-0.45520000;0.62070000;23.80;0.025789;-0.025044;-0.47530010;0.61140000;23.87;0.049736;0.037458
CW;425;270;-90.00;160.00;50;-0.47175000;0.60994992;23.84;0.037949;0.039602;-0.46009988;0.61824996;23.80;0.037449;-0.027104
CCW;426;160;-200.00;-110.00;50;-0.46624996;0.62280008;23.80;0.005168;-0.004692;-0.46759984;0.61670000;23.80;0.069587;0.017202
CCW;427;70;-290.00;-90.00;50;-0.45149980;0.63255008;23.80;0.049609;-0.025115;-0.46059990;0.61045016;23.80;0.027310;0.037632
CCW;428;50;-310.00;-20.00;50;-0.46874996;0.61564990;23.80;0.057927;-0.019675;-0.44889996;0.61684990;23.83;0.016670;0.031882
CW;429;70;-290.00;20.00;50;-0.47159992;0.61775020;23.80;0.049341;-0.025608;-0.46434984;0.61774988;23.81;0.026958;0.037761
CCW;430;320;-400.00;-110.00;50;-0.47154996;0.61654996;23.80;0.063425;0.028013;-0.46829990;0.63250000;23.80;0.011807;-0.015742
CCW;431;210;-150.00;-150.00;50;-0.46409970;0.62210010;23.79;0.009817;0.023445;-0.46014964;0.62809984;23.76;0.067285;-0.010891
CW;432;240;-120.00;30.00;50;-0.45854984;0.61990000;23.80;0.021445;0.035276;-0.46314976;0.62285000;23.78;0.054629;-0.022922
CW;433;310;-50.00;70.00;50;-0.47109996;0.61820008;23.80;0.060815;0.031514;-0.45229996;0.62035008;23.78;0.017837;-0.019221
CCW;434;290;-70.00;-20.00;50;-0.47340012;0.60555010;23.80;0.048921;0.037581;-0.45889984;0.63085000;23.80;0.026509;-0.025310
CCW;435;110;-250.00;-180.00;50;-0.45689972;0.62449980;23.79;0.025789;-0.025144;-0.46109970;0.60929984;23.80;0.049395;0.037935
CCW;436;70;-290.00;-40.00;50;-0.47170000;0.61925010;23.80;0.048650;-0.025173;-0.46609970;0.62029992;23.80;0.027048;0.037578
CW;437;140;-220.00;70.00;50;-0.46549972;0.62409996;23.75;0.012131;-0.015674;-0.46114988;0.61769984;23.76;0.062720;0.027651
CCW;438;80;-280.00;-60.00;50;-0.47079984;0.62560010;23.73;0.042822;-0.027278;-0.45814992;0.61875016;23.73;0.032522;0.038618
CCW;439;350;-370.00;-90.00;50;-0.46599988;0.61205008;23.79;0.069460;0.011865;-0.46484984;0.61620000;23.76;0.005811;0.000276
CCW;440;290;-70.00;-70.00;50;-0.46624984;0.61755000;23.77;0.048945;0.037695;-0.46739988;0.61594990;23.80;0.027402;-0.025364
CW;441;40;40.00;110.00;50;-0.47175008;0.61570008;23.80;0.064146;-0.015339;-0.45979996;0.61989990;23.80;0.012717;0.027397
CCW;442;220;-140.00;-180.00;50;-0.45934980;0.61770000;23.80;0.011631;0.027844;-0.46699976;0.62545010;23.79;0.063132;-0.015171
CCW;443;80;-280.00;-140.00;50;-0.45569996;0.62364996;23.79;0.044587;-0.026682;-0.46039990;0.61579984;23.73;0.032195;0.039092
CW;444;160;-200.00;80.00;50;-0.47209990;0.63395000;23.78;0.005288;-0.005215;-0.47349984;0.60919980;23.74;0.069106;0.017532
CCW;445;90;-270.00;-70.00;50;-0.46639980;0.61420000;23.74;0.037920;-0.027178;-0.46559980;0.62160000;23.75;0.038972;0.039360
CW;446;100;-260.00;10.00;50;-0.46369972;0.62110008;23.77;0.032195;-0.026926;-0.46764996;0.61639992;23.77;0.043347;0.038677
CCW;447;340;-380.00;-120.00;50;-0.46609984;0.62529992;23.80;0.068494;0.018408;-0.45744980;0.61554984;23.80;0.007878;-0.005894
CCW;448;190;-170.00;-170.00;50;-0.46184980;0.63244990;23.79;0.004695;0.011384;-0.46169980;0.62690020;23.75;0.071057;0.000496
CW;449;290;-70.00;100.00;50;-0.45774992;0.62134992;23.77;0.050859;0.038074;-0.45674992;0.63214990;23.79;0.027441;-0.024561
CW;450;40;40.00;110.00;50;-0.46069984;0.63190010;23.80;0.062681;-0.015198;-0.46795000;0.61380004;23.73;0.013154;0.026731
CW;451;70;70.00;30.00;50;-0.46484970;0.63504990;23.76;0.049744;-0.025564;-0.45999996;0.61974996;23.74;0.025686;0.036670
CCW;452;40;40.00;-30.00;50;-0.46079980;0.62004984;23.74;0.064150;-0.015022;-0.47050000;0.62015016;23.72;0.012625;0.027151
CW;453;120;120.00;80.00;50;-0.45904976;0.63015000;23.78;0.022205;-0.022402;-0.46184972;0.62274990;23.76;0.055474;0.034336
CCW;454;60;60.00;-60.00;50;-0.46879984;0.63479970;23.74;0.054243;-0.022754;-0.45475016;0.63239990;23.75;0.021523;0.035066
CCW;455;270;-90.00;-150.00;50;-0.45674992;0.62175010;23.74;0.037654;0.039578;-0.47025016;0.62180010;23.74;0.038350;-0.026746
CW;456;290;-70.00;20.00;50;-0.44944996;0.62804990;23.77;0.048789;0.037649;-0.46935000;0.62515000;23.77;0.028347;-0.024897
CCW;457;200;-160.00;-90.00;50;-0.46164980;0.62679980;23.79;0.005745;0.017087;-0.46534980;0.61569980;23.80;0.070149;-0.004822
CCW;458;70;-290.00;-130.00;50;-0.46769992;0.64144984;23.74;0.049084;-0.024587;-0.46164990;0.62919984;23.77;0.026150;0.037437
CW;459;160;-200.00;90.00;50;-0.46764980;0.63720000;23.76;0.007036;-0.005464;-0.46424990;0.62229996;23.70;0.069414;0.017947
CW;460;310;-50.00;150.00;50;-0.45874984;0.62219996;23.75;0.062188;0.032563;-0.46094980;0.63085000;23.75;0.018486;-0.019487
CCW;461;260;-100.00;-50.00;50;-0.46399976;0.62164980;23.69;0.030542;0.039441;-0.46124976;0.62819992;23.74;0.045864;-0.026841
CCW;462;110;-250.00;-150.00;50;-0.46494976;0.63209990;23.73;0.029951;-0.025662;-0.47110000;0.61280000;23.74;0.049104;0.037537
CCW;463;300;-60.00;-60.00;50;-0.45689990;0.61599992;23.74;0.054766;0.035085;-0.46374984;0.63074992;23.73;0.022192;-0.022478
CW;464;10;10.00;70.00;50;-0.47390010;0.62954984;23.74;0.071184;0.000864;-0.45989988;0.62654996;23.73;0.006091;0.011602
CW;465;30;30.00;20.00;50;-0.46710000;0.61620010;23.76;0.066990;-0.010281;-0.46844984;0.61745010;23.77;0.010146;0.022288
CCW;466;0;0.00;-30.00;50;-0.46534984;0.63069990;23.68;0.072312;0.006238;-0.45339990;0.62419990;23.78;0.004915;0.006057
CCW;467;230;-130.00;-130.00;50;-0.46945000;0.62785000;23.72;0.016465;0.031372;-0.46854980;0.63029980;23.76;0.059873;-0.019473
CCW;468;170;-190.00;-60.00;50;-0.47004990;0.62894990;23.75;0.004675;-0.000195;-0.46699990;0.61990000;23.74;0.070869;0.012205
CCW;469;0;-360.00;-170.00;50;-0.46364988;0.62175008;23.79;0.070154;0.006587;-0.45779988;0.63524980;23.72;0.004790;0.006135
CW;470;30;-330.00;30.00;50;-0.46604988;0.63255000;23.76;0.067603;-0.010527;-0.47315016;0.62659970;23.75;0.008784;0.022515
CW;471;180;-180.00;150.00;50;-0.45644988;0.62725016;23.67;0.003584;0.006001;-0.46134990;0.62410000;23.73;0.071895;0.006663
CCW;472;20;-340.00;-160.00;50;-0.46534990;0.62979996;23.74;0.069922;-0.005371;-0.45594990;0.62079996;23.73;0.003899;0.018320
CCW;473;220;-140.00;-140.00;50;-0.45664980;0.62099992;23.76;0.011899;0.027593;-0.46369984;0.61804990;23.75;0.063203;-0.015254
CW;474;240;-120.00;20.00;50;-0.46424990;0.61219996;23.76;0.021316;0.035237;-0.47195000;0.64309996;23.74;0.055100;-0.022637
CCW;475;170;-190.00;-70.00;50;-0.46104984;0.62969990;23.77;0.005037;0.000061;-0.47195010;0.62014996;23.74;0.071221;0.011753
CCW;476;0;-360.00;-170.00;50;-0.45625000;0.63075008;23.75;0.070405;0.006978;-0.45244996;0.62245008;23.80;0.003713;0.006499
CCW;477;330;-390.00;-30.00;50;-0.46619988;0.62360020;23.79;0.066985;0.023440;-0.45269976;0.62350010;23.76;0.008667;-0.010527
CW;478;30;-330.00;60.00;50;-0.46279980;0.62490000;23.75;0.066838;-0.010793;-0.45909990;0.61420000;23.77;0.009102;0.022202
CW;479;70;-290.00;40.00;50;-0.45990000;0.62060004;23.79;0.049546;-0.025081;-0.46079980;0.62884980;23.76;0.024775;0.037166
CW;480;90;-270.00;20.00;50;-0.46689990;0.62429992;23.77;0.038298;-0.027263;-0.46289964;0.62755008;23.80;0.038123;0.039814
