smer;cyklus;cilovy_azimut;skutecne_natoceni;jump_deg;trim;xA;yA;tA;axA;ayA;xC;yC;tC;axC;ayC
CCW;1;185;-175.00;-175.00;50;-0.48755016;0.71490016;24.68;0.030417;0.001145;-0.47760010;0.68620010;24.68;0.043127;0.007449
CCW;2;80;-280.00;-105.00;50;-0.45464990;0.67074996;24.72;0.046614;-0.000757;-0.45374992;0.64220010;24.80;0.034888;0.010161
CW;3;90;-270.00;10.00;50;-0.43630000;0.62684992;24.80;0.041113;-0.000735;-0.43755000;0.60575016;24.80;0.033940;0.010549
CW;4;165;-195.00;75.00;50;-0.40795004;0.59929980;24.88;0.033049;-0.000601;-0.41635000;0.58294992;24.91;0.041887;0.010281
CW;5;235;-125.00;70.00;50;-0.40080016;0.57400000;24.99;0.031055;0.007261;-0.39895004;0.57485020;24.99;0.043901;0.001741
CW;6;245;-115.00;10.00;50;-0.41465004;0.55289996;24.97;0.032476;0.007871;-0.40270000;0.56365000;24.97;0.044595;0.000349
CCW;7;205;-155.00;-40.00;50;-0.39550000;0.55235020;24.98;0.031489;0.003757;-0.38634992;0.54655004;24.98;0.044490;0.005117
CW;8;225;-135.00;20.00;50;-0.38750000;0.55369990;24.92;0.030034;0.006013;-0.39070004;0.55660016;24.93;0.044705;0.003416
CCW;9;195;-165.00;-30.00;50;-0.38774996;0.54795000;25.00;0.031558;0.002322;-0.39610000;0.55465010;25.03;0.043865;0.006692
CW;10;5;5.00;170.00;50;-0.40210016;0.54995000;25.03;0.043643;0.007488;-0.39145000;0.54215010;25.09;0.031619;0.001882
CCW;11;335;-25.00;-30.00;50;-0.39664996;0.52994996;25.09;0.042322;0.010381;-0.38629992;0.54295032;25.09;0.034526;-0.001472
CCW;12;265;-95.00;-70.00;50;-0.38439984;0.55310000;25.10;0.033579;0.010515;-0.39059992;0.56065016;25.10;0.041714;-0.000225
CW;13;325;-35.00;60.00;50;-0.39440000;0.55190016;25.10;0.042163;0.011089;-0.38249988;0.55205000;25.10;0.035315;-0.001758
CCW;14;280;-80.00;-45.00;50;-0.39620008;0.53670008;25.10;0.035525;0.011570;-0.38570000;0.55405016;25.10;0.037668;-0.001682
CW;15;295;-65.00;15.00;50;-0.39690000;0.54165024;25.11;0.037026;0.011780;-0.38410000;0.54630030;25.16;0.038577;-0.002346
CW;16;25;25.00;90.00;50;-0.39420016;0.55210010;25.10;0.044492;0.005659;-0.39274996;0.54120020;25.07;0.031589;0.003398
CW;17;50;50.00;25.00;50;-0.40290004;0.55240000;25.10;0.043928;0.002319;-0.38599996;0.55865010;25.10;0.031184;0.006597
CW;18;60;60.00;10.00;50;-0.38484990;0.56350004;25.08;0.042690;0.001506;-0.39214992;0.54880008;25.10;0.032551;0.007849
CW;19;230;230.00;170.00;50;-0.38625000;0.54500020;25.10;0.030776;0.007056;-0.38020000;0.56060016;25.10;0.044932;0.002576
CW;20;30;390.00;160.00;50;-0.39369992;0.55635010;25.10;0.044983;0.004978;-0.38194996;0.55435010;25.10;0.032954;0.003479
CCW;21;20;380.00;-10.00;50;-0.39620004;0.55670008;25.11;0.043879;0.006223;-0.39715000;0.55035000;25.10;0.032075;0.002197
CW;22;115;115.00;115.00;50;-0.39990004;0.55354992;25.11;0.038264;-0.002507;-0.39360000;0.54600000;25.10;0.037473;0.009763
CCW;23;340;-20.00;-135.00;50;-0.39635016;0.55040000;25.13;0.041897;0.009053;-0.39290008;0.56850004;25.10;0.034187;-0.000967
CW;24;110;110.00;130.00;50;-0.39825008;0.56020010;25.10;0.038794;-0.002073;-0.39264992;0.54980016;25.13;0.036047;0.011079
CCW;25;305;-55.00;-165.00;50;-0.38975004;0.56150010;25.22;0.037515;0.011133;-0.39029996;0.57265000;25.11;0.038909;-0.002419
CCW;26;180;-180.00;-125.00;50;-0.39365004;0.56699990;25.13;0.030371;0.000818;-0.39075008;0.56399996;25.10;0.043730;0.007566
CCW;27;65;-295.00;-115.00;50;-0.39510008;0.56250008;25.10;0.042368;0.001187;-0.39585000;0.55610010;25.17;0.031724;0.008452
CW;28;75;-285.00;10.00;50;-0.39079996;0.55810000;25.10;0.041814;-0.000754;-0.38970008;0.56544996;25.14;0.033157;0.008477
CW;29;140;-220.00;65.00;50;-0.39510008;0.56480000;25.13;0.035530;-0.001169;-0.40270012;0.56315004;25.12;0.038923;0.010908
CCW;30;55;-305.00;-85.00;50;-0.39675020;0.57300000;25.24;0.042402;0.002200;-0.39960004;0.56015010;25.21;0.031111;0.008254
CW;31;150;-210.00;95.00;50;-0.39709990;0.56095004;25.26;0.032666;-0.000984;-0.39845016;0.56095010;25.20;0.039814;0.010835
CCW;32;345;-375.00;-165.00;50;-0.39650000;0.55880004;25.18;0.041179;0.008691;-0.39360010;0.55845010;25.25;0.032791;-0.000305
CCW;33;190;-170.00;-170.00;50;-0.38345012;0.56670010;25.16;0.031873;0.001682;-0.40580004;0.56590010;25.16;0.044844;0.007083
CW;34;300;-60.00;110.00;50;-0.40690016;0.56390008;25.20;0.036990;0.010999;-0.39705000;0.55885004;25.27;0.038137;-0.002805
CW;35;45;45.00;105.00;50;-0.39274992;0.56310004;25.25;0.044175;0.002878;-0.39455008;0.55485004;25.26;0.031995;0.005549
CW;36;220;220.00;175.00;50;-0.40080004;0.56079990;25.23;0.031802;0.005264;-0.39785020;0.56215010;25.23;0.044365;0.003096
CW;37;350;350.00;130.00;50;-0.40459996;0.56565004;25.25;0.043181;0.008398;-0.38520000;0.57195016;25.22;0.032788;-0.000830
CCW;38;250;250.00;-100.00;50;-0.39595008;0.55664990;25.26;0.031599;0.009016;-0.38910004;0.56740004;25.15;0.043286;0.000066
CCW;39;155;155.00;-95.00;50;-0.40075020;0.56380000;25.12;0.034265;-0.001299;-0.40275004;0.56440010;25.12;0.042197;0.009797
CCW;40;145;145.00;-10.00;50;-0.39835008;0.56650020;25.16;0.034614;-0.002102;-0.39039984;0.56375010;25.16;0.041514;0.010425
CW;41;290;290.00;145.00;50;-0.39285004;0.56199990;25.17;0.036528;0.010974;-0.39019992;0.57130016;25.16;0.040132;-0.002205
CCW;42;120;120.00;-170.00;50;-0.39684992;0.57474990;25.12;0.037363;-0.002913;-0.40120004;0.56320008;25.17;0.038428;0.009758
CW;43;135;135.00;15.00;50;-0.39830000;0.56569992;25.22;0.035886;-0.001880;-0.39734992;0.55675000;25.18;0.039631;0.010918
CW;44;285;285.00;150.00;50;-0.39640000;0.56770016;25.25;0.036704;0.010330;-0.39915004;0.56510016;25.23;0.040779;-0.002388
CCW;45;210;210.00;-75.00;50;-0.39110000;0.55715020;25.24;0.031953;0.003569;-0.40750016;0.56360020;25.22;0.043523;0.004580
CCW;46;100;100.00;-110.00;50;-0.40860020;0.57710010;25.25;0.041936;-0.002073;-0.41585010;0.55370010;25.16;0.035642;0.010544
CCW;47;310;-50.00;-150.00;50;-0.40490016;0.55915016;25.27;0.036665;0.011631;-0.39719992;0.56515016;25.20;0.036255;-0.001763
CW;48;315;-45.00;5.00;50;-0.40655000;0.56705010;25.23;0.038821;0.011436;-0.39465004;0.56920010;25.18;0.036672;-0.002070
CCW;49;260;-100.00;-55.00;50;-0.39570004;0.57675010;25.21;0.032144;0.009727;-0.39935000;0.56184996;25.14;0.042026;-0.000981
CCW;50;170;-190.00;-90.00;50;-0.39855000;0.57050020;25.26;0.032158;0.000022;-0.39245000;0.56400010;25.26;0.042292;0.008936
CW;51;175;-185.00;5.00;50;-0.39895004;0.56695000;25.22;0.030986;0.000596;-0.40690004;0.56274984;25.26;0.043342;0.007979
CW;52;320;-40.00;145.00;50;-0.40990000;0.57960016;25.13;0.040381;0.010535;-0.39764988;0.56465008;25.18;0.037419;-0.002605
CW;53;95;95.00;135.00;50;-0.39920000;0.56330000;25.19;0.041338;-0.001848;-0.40810016;0.56170010;25.22;0.035742;0.010544
CW;54;160;160.00;65.00;50;-0.39755020;0.55050004;25.23;0.031851;-0.000513;-0.39970004;0.56145020;25.26;0.039231;0.009666
CW;55;330;330.00;170.00;50;-0.39704992;0.55255010;25.17;0.040469;0.010154;-0.39620008;0.57850010;25.14;0.035295;-0.002041
CCW;56;240;240.00;-90.00;50;-0.41260000;0.55325000;25.18;0.030686;0.006792;-0.39620008;0.55850008;25.18;0.043201;0.001277
CCW;57;200;200.00;-40.00;50;-0.40270012;0.56020010;25.24;0.030330;0.003057;-0.39645012;0.56265020;25.24;0.043665;0.006484
CW;58;215;215.00;15.00;50;-0.40285012;0.55115000;25.22;0.030581;0.004302;-0.40610028;0.56000010;25.25;0.044326;0.003594
CCW;59;105;105.00;-110.00;50;-0.40975010;0.56260000;25.23;0.038730;-0.001558;-0.41095012;0.54225010;25.26;0.036538;0.010762
CW;60;125;125.00;20.00;50;-0.39815008;0.55720020;25.24;0.036216;-0.001846;-0.41045008;0.57369990;25.30;0.039272;0.010796
CCW;61;0;0.00;-125.00;50;-0.39990004;0.55685000;25.30;0.042822;0.008191;-0.40835016;0.55455020;25.28;0.030823;0.000535
CCW;62;255;-105.00;-105.00;50;-0.40920010;0.55140000;25.30;0.032437;0.009116;-0.40580012;0.56569990;25.24;0.041870;-0.000364
CW;63;70;70.00;175.00;50;-0.40425016;0.56415020;25.29;0.042859;0.000002;-0.41475000;0.55430010;25.30;0.033281;0.008601
CCW;64;35;35.00;-35.00;50;-0.40650000;0.57025000;25.30;0.044111;0.004360;-0.40190016;0.55700010;25.30;0.031243;0.004314
CCW;65;355;-5.00;-40.00;50;-0.41280000;0.56160010;25.30;0.043523;0.008418;-0.39320008;0.56480010;25.28;0.033840;-0.000605
CW;66;10;10.00;15.00;50;-0.41050000;0.55525010;25.30;0.044480;0.007197;-0.39830000;0.56164984;25.30;0.030935;0.001494
CW;67;130;130.00;120.00;50;-0.40900012;0.56130016;25.30;0.037424;-0.002288;-0.41944980;0.55565010;25.30;0.037764;0.010552
CW;68;275;275.00;145.00;50;-0.40950000;0.55460008;25.30;0.033474;0.010449;-0.41270010;0.56265010;25.30;0.041384;-0.001260
CW;69;15;375.00;100.00;50;-0.41045020;0.55799996;25.34;0.043098;0.006782;-0.40635016;0.54625016;25.30;0.031270;0.001702
CW;70;85;85.00;85.00;50;-0.41160010;0.55134990;25.35;0.042256;-0.000784;-0.41080010;0.55550016;25.32;0.033640;0.009480
CCW;71;270;-90.00;-175.00;50;-0.40915016;0.55544996;25.31;0.034036;0.010186;-0.42414996;0.55934996;25.34;0.042566;-0.001230
CW;72;40;40.00;130.00;50;-0.41559990;0.55460020;25.36;0.044451;0.003052;-0.40715020;0.53435020;25.33;0.029038;0.004995
CW;73;155;155.00;115.00;50;-0.39780004;0.54705008;25.31;0.033396;-0.001409;-0.41365000;0.55960010;25.31;0.042400;0.009363
CCW;74;30;30.00;-125.00;50;-0.42445004;0.54475020;25.30;0.043655;0.004636;-0.40860010;0.55375000;25.33;0.031802;0.003877
CCW;75;15;15.00;-15.00;50;-0.41645004;0.54465016;25.34;0.043933;0.006526;-0.40890016;0.54240024;25.37;0.032612;0.001960
CW;76;70;70.00;55.00;50;-0.41720000;0.55160010;25.36;0.042688;0.000183;-0.39480000;0.54820020;25.30;0.032847;0.008267
CW;77;150;150.00;80.00;50;-0.41899990;0.55170000;25.33;0.035034;-0.001567;-0.40915012;0.55710008;25.33;0.041089;0.009795
CCW;78;35;35.00;-115.00;50;-0.41569996;0.55350000;25.30;0.044062;0.003584;-0.40900016;0.53730008;25.30;0.031638;0.004446
CW;79;125;125.00;90.00;50;-0.41035010;0.56350004;25.30;0.036626;-0.002271;-0.40009990;0.54255024;25.30;0.037424;0.010879
CCW;80;60;60.00;-65.00;50;-0.41145004;0.55499990;25.32;0.041467;0.001528;-0.40830000;0.54770016;25.34;0.030815;0.007734
CW;81;75;75.00;15.00;50;-0.40985010;0.55055000;25.32;0.041719;-0.000303;-0.42124984;0.55690010;25.36;0.031628;0.008694
CCW;82;55;55.00;-20.00;50;-0.41414988;0.55464984;25.32;0.043328;0.001738;-0.41540008;0.54530008;25.33;0.031414;0.006858
CW;83;230;230.00;175.00;50;-0.41425008;0.54940010;25.35;0.031650;0.007019;-0.41230020;0.55025010;25.33;0.043257;0.002444
CCW;84;120;120.00;-110.00;50;-0.40925016;0.54950020;25.36;0.037834;-0.002375;-0.40980000;0.55150010;25.35;0.037732;0.011052
CCW;85;105;105.00;-15.00;50;-0.41534996;0.54870000;25.34;0.039507;-0.001978;-0.41160010;0.54999996;25.37;0.035676;0.010388
CCW;86;355;-5.00;-110.00;50;-0.42749990;0.54864996;25.41;0.042915;0.008503;-0.41060008;0.54590020;25.44;0.033630;0.000356
CW;87;115;115.00;120.00;50;-0.41255010;0.54585004;25.48;0.037891;-0.002571;-0.41775000;0.55310010;25.46;0.036892;0.010559
CCW;88;330;-30.00;-145.00;50;-0.41415000;0.53865032;25.44;0.040837;0.010767;-0.41085010;0.54445020;25.47;0.034497;-0.001477
CCW;89;225;-135.00;-105.00;50;-0.41180000;0.55140024;25.46;0.030039;0.005884;-0.41014996;0.55180016;25.55;0.043486;0.002905
CCW;90;190;-170.00;-35.00;50;-0.40064990;0.54270030;25.46;0.030579;0.001821;-0.42475010;0.55105010;25.46;0.043298;0.007393
CCW;91;65;-295.00;-125.00;50;-0.42085008;0.55105008;25.46;0.042078;0.001001;-0.41265016;0.54555016;25.44;0.032251;0.008191
CW;92;240;-120.00;175.00;50;-0.41010012;0.53565010;25.45;0.032095;0.008042;-0.41469984;0.55030024;25.46;0.043281;0.001289
CW;93;45;45.00;165.00;50;-0.41819992;0.54475020;25.44;0.043726;0.003320;-0.41460008;0.54565010;25.37;0.030859;0.005652
CCW;94;20;20.00;-25.00;50;-0.42135010;0.55145010;25.39;0.043796;0.005806;-0.40960010;0.54595000;25.33;0.030027;0.002991
CCW;95;300;-60.00;-80.00;50;-0.42514980;0.54635008;25.40;0.037158;0.010754;-0.41870000;0.54295016;25.45;0.037288;-0.002412
CW;96;40;40.00;100.00;50;-0.41520000;0.54905010;25.48;0.042754;0.003601;-0.42165000;0.53640010;25.42;0.032581;0.005085
CW;97;170;170.00;130.00;50;-0.40105020;0.54720016;25.39;0.031355;0.000010;-0.41215008;0.55190016;25.37;0.041560;0.008970
CW;98;335;335.00;165.00;50;-0.42255000;0.55639992;25.42;0.042517;0.009490;-0.40505020;0.54180024;25.35;0.035625;-0.001550
CCW;99;185;185.00;-150.00;50;-0.41275000;0.52620008;25.37;0.031021;0.001367;-0.41745008;0.54375016;25.41;0.043081;0.007310
CW;100;305;305.00;120.00;50;-0.42859992;0.54260030;25.46;0.037056;0.011318;-0.40395016;0.53705024;25.43;0.038132;-0.002693
CW;101;85;85.00;85.00;50;-0.41444992;0.54930010;25.51;0.040991;-0.000784;-0.41379992;0.53305020;25.56;0.031782;0.009331
CW;102;135;135.00;50.00;50;-0.41250010;0.54625010;25.53;0.036057;-0.001912;-0.41310008;0.53675010;25.57;0.039329;0.011072
CCW;103;95;95.00;-40.00;50;-0.40634996;0.53555024;25.54;0.040308;-0.001821;-0.40595000;0.53114990;25.60;0.034949;0.010442
CW;104;220;220.00;125.00;50;-0.40200000;0.54070020;25.58;0.030920;0.005647;-0.41320016;0.53870016;25.59;0.044272;0.003066
CCW;105;180;180.00;-40.00;50;-0.41454996;0.52910000;25.59;0.031841;0.001003;-0.40655030;0.53630020;25.56;0.043325;0.008281
CCW;106;25;25.00;-155.00;50;-0.42044992;0.53600024;25.55;0.044060;0.004824;-0.41360000;0.53475016;25.57;0.029783;0.003506
CCW;107;235;-125.00;-150.00;50;-0.42150008;0.53360004;25.58;0.029429;0.008201;-0.41640010;0.52454990;25.60;0.043989;0.000706
CW;108;340;-20.00;105.00;50;-0.41820000;0.54040024;25.60;0.041040;0.009541;-0.41380012;0.54115032;25.55;0.033120;-0.001438
CW;109;10;10.00;30.00;50;-0.41959990;0.53495020;25.54;0.043811;0.007515;-0.41755012;0.52780010;25.56;0.031670;0.001782
CW;110;165;165.00;155.00;50;-0.41225000;0.53340010;25.57;0.032078;-0.000347;-0.41824996;0.54095008;25.51;0.041765;0.009316
CCW;111;80;80.00;-85.00;50;-0.41155000;0.54255010;25.47;0.040559;-0.000161;-0.41554992;0.52415000;25.51;0.033396;0.009866
CCW;112;260;-100.00;-180.00;50;-0.42784996;0.53045004;25.51;0.032939;0.009524;-0.41685000;0.54015016;25.52;0.040886;-0.000139
CCW;113;200;-160.00;-60.00;50;-0.41650008;0.53525008;25.55;0.030608;0.003848;-0.41554996;0.54805004;25.46;0.043176;0.006504
CW;114;275;-85.00;75.00;50;-0.42105010;0.53374992;25.54;0.033755;0.010601;-0.40635000;0.53520010;25.48;0.039795;-0.001743
CW;115;325;-35.00;50.00;50;-0.41854990;0.53430016;25.50;0.040212;0.010232;-0.40975012;0.53955024;25.50;0.034810;-0.001946
CW;116;130;130.00;165.00;50;-0.41554996;0.53800016;25.50;0.037100;-0.002085;-0.41574996;0.53760030;25.52;0.038865;0.011138
CW;117;250;250.00;120.00;50;-0.41580008;0.54270024;25.45;0.032861;0.008787;-0.41790008;0.54210020;25.47;0.043799;0.000081
CCW;118;145;145.00;-105.00;50;-0.41500000;0.54135010;25.45;0.034866;-0.001951;-0.42250008;0.52845010;25.44;0.040857;0.010481
CW;119;245;245.00;100.00;50;-0.40995016;0.53155004;25.46;0.031375;0.008335;-0.40630000;0.53440016;25.44;0.043093;0.000828
CCW;120;205;205.00;-40.00;50;-0.41160010;0.53395020;25.43;0.030447;0.003560;-0.41299996;0.54335000;25.44;0.043948;0.005408
CCW;121;50;50.00;-155.00;50;-0.44149984;0.53505016;25.43;0.043069;0.002253;-0.41675010;0.53045004;25.50;0.030447;0.006321
CW;122;195;195.00;145.00;50;-0.42279992;0.53349996;25.48;0.030630;0.002515;-0.40280000;0.53800004;25.55;0.043040;0.006255
CW;123;210;210.00;15.00;50;-0.41414992;0.53710010;25.56;0.029871;0.004666;-0.41190010;0.53765016;25.54;0.043738;0.004905
CW;124;345;345.00;135.00;50;-0.41205008;0.53059996;25.60;0.041887;0.009365;-0.41925008;0.52439980;25.59;0.034307;-0.001392
CW;125;350;350.00;5.00;50;-0.42415004;0.52424984;25.51;0.041440;0.009207;-0.41315008;0.53765016;25.57;0.031914;-0.000317
CW;126;110;110.00;110.00;50;-0.42329990;0.54235000;25.58;0.039392;-0.001970;-0.42705000;0.53460016;25.57;0.036279;0.011394
CCW;127;315;-45.00;-155.00;50;-0.42795008;0.53250020;25.55;0.038926;0.010994;-0.41504992;0.54605000;25.58;0.036218;-0.002183
CCW;128;265;-95.00;-50.00;50;-0.40325004;0.54625016;25.58;0.032424;0.009836;-0.42504992;0.53345000;25.59;0.039224;-0.000024
CW;129;5;5.00;100.00;50;-0.43219988;0.53260016;25.59;0.042319;0.007915;-0.40425016;0.54165020;25.60;0.031980;0.001436
CCW;130;0;0.00;-5.00;50;-0.41225000;0.53645020;25.56;0.043655;0.008174;-0.41045012;0.54170020;25.57;0.030669;0.001067
CCW;131;270;-90.00;-90.00;50;-0.41585000;0.52935004;25.55;0.033425;0.010835;-0.42195004;0.53475016;25.56;0.040791;-0.001235
CCW;132;175;-185.00;-95.00;50;-0.41325008;0.53955008;25.57;0.030532;0.000454;-0.41780008;0.52524996;25.60;0.043960;0.009346
CW;133;320;-40.00;145.00;50;-0.41789990;0.53040000;25.57;0.039373;0.010862;-0.41165000;0.53360004;25.55;0.036558;-0.002136
CCW;134;255;-105.00;-65.00;50;-0.41100012;0.53204996;25.57;0.032527;0.009155;-0.42120008;0.54225010;25.57;0.042646;-0.000024
CW;135;285;-75.00;30.00;50;-0.42200008;0.53625024;25.59;0.036416;0.010920;-0.41700000;0.54105020;25.55;0.038359;-0.001914
CW;136;310;-50.00;25.00;50;-0.42069996;0.53625000;25.54;0.037671;0.011033;-0.41365008;0.55030010;25.52;0.035276;-0.001584
CW;137;100;100.00;150.00;50;-0.41894980;0.53445020;25.58;0.039917;-0.001765;-0.42279992;0.52479976;25.53;0.035447;0.010569
CW;138;160;160.00;60.00;50;-0.41550020;0.53640010;25.56;0.032463;-0.000737;-0.42939992;0.53765016;25.57;0.041057;0.009470
CW;139;290;290.00;130.00;50;-0.42004990;0.53140016;25.57;0.036648;0.010493;-0.41809990;0.53729992;25.56;0.040232;-0.002073
CCW;140;140;140.00;-150.00;50;-0.41229988;0.53385024;25.53;0.036355;-0.002014;-0.41975000;0.54150016;25.60;0.039343;0.011013
CW;141;215;215.00;75.00;50;-0.41670008;0.53725020;25.55;0.031494;0.004722;-0.41599984;0.52364990;25.54;0.043489;0.004263
CCW;142;90;90.00;-125.00;50;-0.41994996;0.53505016;25.53;0.040293;-0.000825;-0.42309992;0.53055000;25.57;0.034280;0.010012
CCW;143;295;-65.00;-155.00;50;-0.42550000;0.52720000;25.60;0.036565;0.010806;-0.41275012;0.53940016;25.60;0.036951;-0.001787
CCW;144;280;-80.00;-15.00;50;-0.41465004;0.53255004;25.60;0.035059;0.011003;-0.41724984;0.54075016;25.57;0.038599;-0.001631
CCW;145;230;-130.00;-50.00;50;-0.43020000;0.52980008;25.56;0.030442;0.007688;-0.41244984;0.52654992;25.57;0.042122;0.002747
CCW;146;60;-300.00;-170.00;50;-0.42494990;0.53265008;25.51;0.042100;0.001660;-0.41440010;0.51789990;25.54;0.031587;0.007175
CCW;147;310;-50.00;-50.00;50;-0.41985016;0.54790016;25.57;0.037991;0.010667;-0.41759984;0.53320000;25.58;0.036731;-0.002144
CCW;148;135;-225.00;-175.00;50;-0.42425004;0.53175010;25.55;0.034109;-0.001682;-0.42285000;0.52189992;25.51;0.037729;0.011367
CW;149;210;-150.00;75.00;50;-0.41614992;0.53285000;25.54;0.028962;0.004490;-0.41800008;0.53209996;25.54;0.043523;0.004595
CCW;150;95;-265.00;-115.00;50;-0.41739992;0.53455010;25.59;0.038687;-0.001091;-0.42129996;0.53575020;25.57;0.033459;0.010718
CW;151;105;-255.00;10.00;50;-0.41839992;0.53260016;25.60;0.038789;-0.001968;-0.42045008;0.53705010;25.60;0.035547;0.011113
CCW;152;340;-380.00;-125.00;50;-0.42884992;0.51399980;25.60;0.040771;0.009331;-0.42280008;0.53160008;25.60;0.032275;-0.000657
CW;153;145;-215.00;165.00;50;-0.41190000;0.53815010;25.60;0.036787;-0.001414;-0.42655004;0.52399990;25.60;0.038640;0.010396
CW;154;235;-125.00;90.00;50;-0.42435008;0.52885010;25.61;0.030151;0.008027;-0.41484992;0.53155010;25.62;0.042998;0.001802
CCW;155;150;-210.00;-85.00;50;-0.41390000;0.52810000;25.60;0.032253;-0.000952;-0.41899990;0.52970010;25.60;0.038992;0.010254
CW;156;315;-45.00;165.00;50;-0.42010004;0.54090024;25.59;0.038953;0.010244;-0.41899992;0.53395010;25.60;0.035618;-0.002056
CCW;157;260;-100.00;-55.00;50;-0.41865004;0.53590020;25.59;0.031802;0.009546;-0.41469992;0.53060000;25.59;0.040356;-0.000593
CCW;158;160;-200.00;-100.00;50;-0.40640010;0.52930000;25.60;0.032983;-0.000623;-0.41684996;0.53170000;25.59;0.041047;0.009514
CCW;159;65;-295.00;-95.00;50;-0.41549992;0.53635010;25.60;0.041169;0.001060;-0.41640020;0.52775000;25.60;0.031458;0.008262
CCW;160;305;-55.00;-55.00;50;-0.40795004;0.53825020;25.60;0.037158;0.010884;-0.41565008;0.53300020;25.60;0.036914;-0.002510
CW;161;355;-5.00;50.00;50;-0.41960008;0.53240010;25.56;0.042263;0.008457;-0.41485010;0.53820016;25.58;0.032473;0.000166
CCW;162;250;-110.00;-105.00;50;-0.41990008;0.52234970;25.56;0.031982;0.009019;-0.42250000;0.54435000;25.57;0.042327;0.000342
CCW;163;215;-145.00;-35.00;50;-0.41334992;0.52549980;25.57;0.030081;0.005173;-0.40190004;0.53270020;25.59;0.044045;0.003867
CCW;164;100;-260.00;-115.00;50;-0.41419996;0.53525020;25.60;0.039216;-0.002102;-0.42634990;0.53149984;25.54;0.034956;0.010408
CCW;165;295;-65.00;-65.00;50;-0.42374980;0.51894976;25.60;0.036631;0.010833;-0.40860024;0.53725016;25.60;0.038208;-0.002241
CW;166;75;75.00;140.00;50;-0.42284984;0.53935016;25.57;0.042778;-0.000317;-0.41195008;0.53765016;25.60;0.033201;0.009265
CCW;167;25;25.00;-50.00;50;-0.42635000;0.54095010;25.60;0.043711;0.004785;-0.41915000;0.52904992;25.60;0.031301;0.003481
CCW;168;280;-80.00;-105.00;50;-0.42854992;0.52374990;25.60;0.033730;0.011470;-0.42210004;0.54125004;25.58;0.039736;-0.002356
CCW;169;240;-120.00;-40.00;50;-0.41810008;0.53400004;25.59;0.030022;0.008157;-0.41444988;0.54240020;25.59;0.042561;0.000969
CW;170;285;-75.00;45.00;50;-0.41709992;0.53980020;25.57;0.035808;0.010869;-0.41679992;0.53435010;25.59;0.039675;-0.002078
CW;171;345;-15.00;60.00;50;-0.41250020;0.52955000;25.54;0.041860;0.008879;-0.41390000;0.53705010;25.59;0.031853;-0.000413
CCW;172;185;-175.00;-160.00;50;-0.41939992;0.52524996;25.60;0.030461;0.001738;-0.42929992;0.52164984;25.58;0.041802;0.007317
CW;173;205;-155.00;20.00;50;-0.42164990;0.53265020;25.60;0.029849;0.004062;-0.42760000;0.53310020;25.60;0.043110;0.004939
CW;174;335;-25.00;130.00;50;-0.42190004;0.53410010;25.60;0.039753;0.010122;-0.41864992;0.53800004;25.55;0.034102;-0.001389
CCW;175;175;-185.00;-160.00;50;-0.41940008;0.53895016;25.60;0.030095;0.000647;-0.42339990;0.52980000;25.59;0.041628;0.008215
CCW;176;90;-270.00;-85.00;50;-0.41875000;0.53395016;25.57;0.040115;-0.001567;-0.42200004;0.52900004;25.60;0.033721;0.009880
CCW;177;50;-310.00;-40.00;50;-0.42074984;0.53590010;25.59;0.042898;0.001975;-0.41734980;0.51539990;25.60;0.029888;0.006658
CCW;178;10;-350.00;-40.00;50;-0.42334990;0.52325000;25.60;0.041707;0.007981;-0.42169996;0.53225010;25.55;0.030876;0.002175
CW;179;30;-330.00;20.00;50;-0.42339984;0.52785004;25.57;0.043474;0.005073;-0.42430000;0.52750000;25.60;0.030813;0.004731
CW;180;55;-305.00;25.00;50;-0.43200012;0.52975004;25.60;0.045300;0.001653;-0.42595004;0.54014990;25.61;0.029985;0.007712
CW;181;190;-170.00;135.00;50;-0.42070000;0.53210016;25.59;0.031331;0.002007;-0.42410004;0.51984984;25.60;0.043000;0.006851
CW;182;220;-140.00;30.00;50;-0.41919980;0.53040000;25.60;0.030295;0.005869;-0.42624992;0.53635010;25.60;0.043586;0.003271
CW;183;225;-135.00;5.00;50;-0.41819996;0.53090000;25.60;0.028855;0.006714;-0.41949992;0.53625020;25.60;0.043113;0.002563
CCW;184;115;-245.00;-110.00;50;-0.42235004;0.52760004;25.60;0.036450;-0.001814;-0.42369992;0.53675000;25.60;0.035930;0.011021
CCW;185;80;-280.00;-35.00;50;-0.42915000;0.52820010;25.60;0.040242;-0.000718;-0.40835000;0.52575000;25.60;0.032722;0.009207
CCW;186;270;-90.00;-90.00;50;-0.41390000;0.51464960;25.60;0.034287;0.010605;-0.41750004;0.52124996;25.60;0.041604;-0.001504
CCW;187;155;-205.00;-115.00;50;-0.42980000;0.52334992;25.60;0.033577;-0.000908;-0.41579992;0.53710016;25.60;0.039275;0.010063
CW;188;170;-190.00;15.00;50;-0.42304984;0.53064996;25.60;0.031914;0.000635;-0.42129996;0.52905010;25.60;0.040903;0.009329
CW;189;320;-40.00;150.00;50;-0.41530008;0.52464990;25.60;0.039211;0.011028;-0.42244996;0.52325000;25.60;0.035820;-0.002297
CCW;190;300;-60.00;-20.00;50;-0.42739990;0.52380010;25.60;0.034895;0.010654;-0.42659984;0.53090000;25.60;0.041274;-0.004084
CW;191;35;35.00;95.00;50;-0.43020008;0.52934990;25.60;0.043728;0.003467;-0.42329990;0.51484984;25.62;0.030608;0.004941
CW;192;125;125.00;90.00;50;-0.42895000;0.51969976;25.60;0.036267;-0.002068;-0.42215000;0.52149990;25.60;0.037883;0.010498
CCW;193;40;40.00;-85.00;50;-0.41799996;0.52744996;25.60;0.043779;0.003110;-0.41180016;0.51489970;25.60;0.030142;0.005544
CCW;194;265;-95.00;-135.00;50;-0.41300010;0.52914990;25.61;0.033794;0.010144;-0.43105000;0.53435016;25.60;0.042378;-0.000828
CW;195;45;45.00;140.00;50;-0.42265004;0.52445000;25.60;0.043528;0.002639;-0.42035004;0.52880010;25.61;0.030762;0.005659
CCW;196;5;5.00;-40.00;50;-0.43464990;0.53570016;25.67;0.043206;0.007085;-0.41994996;0.52679980;25.63;0.029709;0.001357
CCW;197;330;-30.00;-35.00;50;-0.42665004;0.52134990;25.64;0.040203;0.009529;-0.42729990;0.52704990;25.62;0.034929;-0.001719
CW;198;120;120.00;150.00;50;-0.42369992;0.52620000;25.68;0.036360;-0.002385;-0.42960000;0.52239996;25.65;0.038066;0.011106
CCW;199;0;0.00;-120.00;50;-0.42574992;0.51529980;25.60;0.041877;0.007478;-0.42135008;0.52810000;25.60;0.031638;0.000906
CCW;200;275;-85.00;-85.00;50;-0.43530000;0.52314990;25.62;0.032078;0.010713;-0.42120000;0.52564984;25.65;0.039673;-0.001479
CCW;201;140;-220.00;-135.00;50;-0.40825012;0.52364990;25.68;0.034773;-0.002007;-0.41934992;0.52024984;25.69;0.040286;0.010972
CCW;202;110;-250.00;-30.00;50;-0.42604992;0.52759992;25.69;0.036663;-0.001604;-0.43860024;0.51054984;25.66;0.034531;0.010986
CCW;203;350;-370.00;-120.00;50;-0.42414990;0.52044980;25.70;0.041929;0.009253;-0.41960020;0.52549992;25.68;0.031638;0.000308
CCW;204;255;-105.00;-105.00;50;-0.42395008;0.50984990;25.64;0.034382;0.008750;-0.42695004;0.52109970;25.65;0.044365;-0.000952
CCW;205;195;-165.00;-60.00;50;-0.41679980;0.51950000;25.68;0.029927;0.002988;-0.42735008;0.52044990;25.67;0.042585;0.006411
CW;206;245;-115.00;50.00;50;-0.41830004;0.51149980;25.65;0.030818;0.008367;-0.42424992;0.51744984;25.61;0.042395;0.000085
CW;207;20;20.00;135.00;50;-0.42554996;0.51894984;25.69;0.042769;0.006670;-0.42889992;0.53004990;25.72;0.031353;0.002473
CCW;208;200;-160.00;-180.00;50;-0.42525000;0.52165000;25.73;0.030195;0.002920;-0.41665000;0.53405010;25.68;0.043594;0.006611
CW;209;290;-70.00;90.00;50;-0.42054992;0.50385004;25.64;0.034666;0.010403;-0.41739996;0.52415010;25.68;0.039539;-0.001929
CW;210;85;85.00;155.00;50;-0.42479992;0.51965010;25.77;0.041182;-0.000686;-0.42505004;0.52224992;25.70;0.032766;0.009182
CCW;211;325;-35.00;-120.00;50;-0.42765004;0.52364980;25.67;0.039580;0.010117;-0.42275020;0.52219980;25.64;0.034717;-0.002034
CW;212;15;15.00;50.00;50;-0.42269990;0.53525020;25.61;0.042927;0.006729;-0.42304996;0.52650000;25.64;0.031360;0.001926
CW;213;130;130.00;115.00;50;-0.41375010;0.52710010;25.64;0.036042;-0.002275;-0.42135008;0.52289984;25.67;0.037815;0.012012
CW;214;165;165.00;35.00;50;-0.42764992;0.52585000;25.65;0.031797;-0.000557;-0.42904988;0.51904990;25.72;0.040381;0.009404
CCW;215;70;70.00;-95.00;50;-0.42290008;0.53480010;25.69;0.043621;0.000388;-0.41580010;0.51909996;25.66;0.032598;0.007505
CW;216;180;180.00;110.00;50;-0.42410016;0.51744976;25.64;0.031492;0.000437;-0.40905008;0.53640016;25.66;0.042217;0.008865
CCW;217;140;140.00;-40.00;50;-0.42210000;0.51959980;25.64;0.034282;-0.001589;-0.42624990;0.51434990;25.70;0.038062;0.010571
CW;218;250;250.00;110.00;50;-0.41594984;0.51729984;25.66;0.031162;0.008411;-0.42535004;0.51954990;25.66;0.043899;-0.000322
CCW;219;105;105.00;-145.00;50;-0.41155000;0.53045004;25.67;0.038271;-0.001445;-0.43420000;0.52265000;25.66;0.033962;0.010671
CCW;220;15;15.00;-90.00;50;-0.43645000;0.51249984;25.67;0.042661;0.006536;-0.41699996;0.51844990;25.65;0.030923;0.001680
CCW;221;350;-10.00;-25.00;50;-0.41170012;0.51649976;25.68;0.041787;0.008979;-0.42804996;0.52644980;25.65;0.032241;-0.000205
CCW;222;215;-145.00;-135.00;50;-0.42225016;0.50860000;25.65;0.029299;0.004612;-0.42945008;0.51864980;25.65;0.043271;0.004229
CW;223;280;-80.00;65.00;50;-0.41180010;0.51149992;25.67;0.032964;0.010410;-0.42310008;0.53380010;25.72;0.039041;-0.001226
CW;224;40;40.00;120.00;50;-0.42259976;0.52509992;25.67;0.043074;0.003464;-0.41494996;0.52379996;25.72;0.031084;0.004954
CCW;225;305;-55.00;-95.00;50;-0.43295000;0.51814976;25.63;0.036885;0.010674;-0.42495000;0.52139990;25.64;0.036238;-0.001799
CCW;226;205;-155.00;-100.00;50;-0.41874990;0.51739984;25.68;0.029404;0.003538;-0.42129980;0.52605000;25.60;0.043728;0.005435
CW;227;220;-140.00;15.00;50;-0.42324990;0.52229992;25.70;0.029238;0.006079;-0.43120004;0.51050000;25.61;0.041995;0.004309
CCW;228;135;-225.00;-85.00;50;-0.41010010;0.53050010;25.68;0.035549;-0.001487;-0.43755000;0.52024990;25.69;0.038557;0.011172
CW;229;300;-60.00;165.00;50;-0.41734990;0.51929976;25.63;0.035503;0.010803;-0.42075010;0.51949984;25.67;0.038303;-0.002178
CCW;230;270;-90.00;-30.00;50;-0.41955012;0.51829980;25.67;0.033279;0.010291;-0.42764992;0.52779990;25.70;0.041521;-0.000850
CW;231;35;35.00;125.00;50;-0.41725012;0.52009990;25.67;0.045935;0.003689;-0.42949990;0.50780004;25.64;0.028315;0.003655
CW;232;200;200.00;165.00;50;-0.41774992;0.51079990;25.67;0.030693;0.002856;-0.42370020;0.52194990;25.65;0.043069;0.005964
CW;233;315;315.00;115.00;50;-0.42890000;0.52614990;25.65;0.038945;0.010894;-0.42904992;0.52904992;25.70;0.037935;-0.002698
CW;234;75;75.00;75.00;50;-0.42449988;0.52559996;25.63;0.041538;0.000125;-0.42434990;0.51669984;25.60;0.031636;0.008762
CCW;235;295;-65.00;-140.00;50;-0.42474992;0.52685000;25.63;0.035266;0.010627;-0.43115004;0.52629996;25.61;0.038176;-0.002131
CW;236;90;90.00;155.00;50;-0.41654992;0.53180010;25.64;0.039854;-0.000308;-0.43675004;0.52650000;25.64;0.032083;0.009495
CCW;237;320;-40.00;-130.00;50;-0.42655010;0.51579980;25.65;0.037183;0.010635;-0.42329996;0.51509992;25.62;0.034619;-0.001458
CW;238;60;60.00;100.00;50;-0.42589984;0.52414996;25.62;0.042400;0.001653;-0.41340010;0.52304996;25.61;0.031978;0.007395
CW;239;190;190.00;130.00;50;-0.41769996;0.53334992;25.63;0.030652;0.001790;-0.43794988;0.53085020;25.63;0.042698;0.007473
CW;240;255;255.00;65.00;50;-0.42535008;0.51654990;25.64;0.031797;0.008979;-0.42965004;0.52225010;25.66;0.042676;0.000010
CCW;241;180;180.00;-75.00;50;-0.41800000;0.52289984;25.66;0.032415;0.000837;-0.42635008;0.52370000;25.61;0.041658;0.008276
CCW;242;125;125.00;-55.00;50;-0.42230000;0.53109990;25.61;0.036724;-0.001655;-0.42865000;0.52795000;25.60;0.036553;0.011240
CCW;243;50;50.00;-75.00;50;-0.43400000;0.52349990;25.66;0.043196;0.002910;-0.42720004;0.51539980;25.60;0.031360;0.006423
CW;244;120;120.00;70.00;50;-0.43284996;0.52714990;25.65;0.037368;-0.001936;-0.43265016;0.52590000;25.63;0.036013;0.011270
CCW;245;330;-30.00;-150.00;50;-0.43009990;0.50935000;25.65;0.038989;0.010039;-0.42640010;0.51474992;25.68;0.033533;-0.001506
CW;246;10;10.00;40.00;50;-0.42665000;0.51569984;25.65;0.043003;0.007317;-0.42964984;0.52019990;25.68;0.030730;0.001467
CW;247;160;160.00;150.00;50;-0.42054984;0.52229992;25.73;0.032898;-0.000759;-0.42500000;0.52070000;25.66;0.041846;0.009668
CW;248;260;260.00;100.00;50;-0.42374980;0.52079992;25.61;0.033591;0.009192;-0.42605008;0.52905008;25.64;0.041755;-0.000063
CW;249;335;335.00;75.00;50;-0.42415000;0.51614980;25.60;0.040952;0.009836;-0.42770008;0.52360000;25.65;0.034661;-0.001650
CCW;250;275;275.00;-60.00;50;-0.41640000;0.50604976;25.69;0.034387;0.010085;-0.43085000;0.51684980;25.67;0.040889;-0.001570
CW;251;325;325.00;50.00;50;-0.42185004;0.51510000;25.66;0.036606;0.010291;-0.42530008;0.52440010;25.67;0.038850;-0.002280
CCW;252;310;310.00;-15.00;50;-0.42424980;0.52555000;25.65;0.037974;0.011230;-0.42039996;0.52509992;25.64;0.039358;-0.002842
CW;253;340;340.00;30.00;50;-0.42620000;0.52694990;25.60;0.041538;0.009961;-0.42175000;0.52169984;25.66;0.034507;-0.001387
CW;254;100;100.00;100.00;50;-0.43474996;0.52624992;25.64;0.039751;-0.001128;-0.42680000;0.52830010;25.72;0.034934;0.010168
CCW;255;85;85.00;-15.00;50;-0.43274990;0.52559996;25.73;0.040730;-0.000664;-0.43065008;0.51519984;25.70;0.032996;0.008926
CCW;256;45;45.00;-40.00;50;-0.42530010;0.52544992;25.73;0.043389;0.003169;-0.42505000;0.53075010;25.72;0.031458;0.005361
CCW;257;240;-120.00;-165.00;50;-0.42584990;0.52209984;25.72;0.029927;0.007061;-0.42359984;0.52379984;25.75;0.042332;0.001624
CCW;258;65;-295.00;-175.00;50;-0.42360000;0.51479970;25.65;0.042046;0.001235;-0.43385000;0.52524996;25.71;0.030994;0.007893
CW;259;170;-190.00;105.00;50;-0.43005000;0.52454996;25.71;0.031694;0.000303;-0.42785004;0.52240000;25.71;0.040471;0.009036
CCW;260;20;-340.00;-150.00;50;-0.44514992;0.52154992;25.68;0.040881;0.007007;-0.41545000;0.51674984;25.76;0.029758;0.002729
CW;261;55;-305.00;35.00;50;-0.43884996;0.51824984;25.70;0.042339;0.003030;-0.42085000;0.51909970;25.68;0.031072;0.006414
CW;262;145;-215.00;90.00;50;-0.42369990;0.51919996;25.71;0.033958;-0.001375;-0.44204984;0.51065004;25.74;0.039861;0.011011
CCW;263;30;-330.00;-115.00;50;-0.42534996;0.52204984;25.71;0.042056;0.005427;-0.42315020;0.50845004;25.72;0.029824;0.004275
CCW;264;345;-375.00;-45.00;50;-0.42865000;0.51750000;25.72;0.040300;0.010437;-0.42379990;0.52935000;25.68;0.032534;-0.000103
CCW;265;235;-125.00;-125.00;50;-0.42840012;0.51284980;25.65;0.031709;0.007070;-0.42519992;0.51329976;25.62;0.043184;0.002024
CCW;266;225;-135.00;-10.00;50;-0.42425000;0.52429990;25.70;0.029775;0.005425;-0.42210004;0.52665016;25.65;0.043284;0.003479
CCW;267;175;-185.00;-50.00;50;-0.42059980;0.52129996;25.71;0.030273;0.000364;-0.42395004;0.52539990;25.68;0.041775;0.008838
CW;268;230;-130.00;55.00;50;-0.42040008;0.51909990;25.68;0.029534;0.006533;-0.43020000;0.54295010;25.65;0.043044;0.003235
CCW;269;70;-290.00;-160.00;50;-0.44154996;0.52449996;25.67;0.041780;0.000928;-0.41760004;0.52559996;25.64;0.031216;0.008005
CCW;270;355;-365.00;-75.00;50;-0.43554996;0.52279996;25.64;0.041106;0.009404;-0.43175004;0.51984984;25.63;0.031201;0.000525
CW;271;155;-205.00;160.00;50;-0.42615000;0.51879984;25.73;0.031956;-0.001270;-0.42464992;0.52374992;25.70;0.040225;0.010811
CW;272;210;-150.00;55.00;50;-0.42104992;0.52704984;25.70;0.030569;0.004143;-0.42034996;0.52179990;25.67;0.042988;0.005398
CW;273;0;0.00;150.00;50;-0.42944996;0.52665016;25.63;0.042739;0.007981;-0.41719996;0.51959984;25.71;0.031643;0.001262
CCW;274;195;-165.00;-165.00;50;-0.42549992;0.51759976;25.63;0.030144;0.002373;-0.43084992;0.51934980;25.64;0.042585;0.007341
CCW;275;150;-210.00;-45.00;50;-0.43019992;0.53254990;25.68;0.033992;-0.000635;-0.42899992;0.51215000;25.68;0.039827;0.010999
CCW;276;110;-250.00;-40.00;50;-0.42520008;0.52869992;25.62;0.038223;-0.001353;-0.42655000;0.52574990;25.63;0.035569;0.011597
CW;277;185;-175.00;75.00;50;-0.42330004;0.52000004;25.65;0.031599;0.001306;-0.42489988;0.51564984;25.66;0.042009;0.008535
CW;278;245;-115.00;60.00;50;-0.42005008;0.52014990;25.66;0.030752;0.008235;-0.42324992;0.52695000;25.66;0.041611;0.001675
CCW;279;130;-230.00;-115.00;50;-0.42810016;0.51894976;25.68;0.036450;-0.000964;-0.43495000;0.52210000;25.70;0.036921;0.011553
CCW;280;115;-245.00;-15.00;50;-0.42629990;0.52865004;25.68;0.037581;-0.001897;-0.42764990;0.50905000;25.66;0.035059;0.011675
CCW;281;5;-355.00;-110.00;50;-0.42544992;0.52994990;25.65;0.041282;0.008596;-0.43209992;0.51489990;25.69;0.030095;0.001926
CCW;282;285;-75.00;-75.00;50;-0.42489990;0.51860004;25.65;0.034153;0.011418;-0.42510016;0.52239984;25.68;0.038528;-0.001250
CW;283;95;95.00;170.00;50;-0.43355012;0.52690008;25.65;0.039463;-0.001326;-0.41859996;0.51744980;25.65;0.034036;0.010620
CW;284;165;165.00;70.00;50;-0.42179992;0.50954980;25.63;0.033586;-0.000374;-0.42689990;0.51489984;25.61;0.039980;0.009856
CW;285;290;290.00;125.00;50;-0.42914992;0.51589980;25.70;0.035225;0.011074;-0.41909990;0.53690020;25.71;0.040339;-0.001580
CW;286;80;80.00;80.00;50;-0.42859992;0.52720000;25.65;0.041221;-0.000105;-0.42199996;0.51624984;25.68;0.033079;0.009233
CCW;287;25;25.00;-55.00;50;-0.43389984;0.52239990;25.67;0.043318;0.005601;-0.42269996;0.51984996;25.66;0.030630;0.003123
CCW;288;265;-95.00;-120.00;50;-0.43424996;0.52015008;25.62;0.032422;0.009600;-0.42640008;0.52215000;25.70;0.041797;-0.000242
CCW;289;115;-245.00;-150.00;50;-0.42810004;0.52439990;25.67;0.038088;-0.002344;-0.44544980;0.51339984;25.74;0.035188;0.011008
CCW;290;70;-290.00;-45.00;50;-0.42944996;0.52649990;25.66;0.040730;0.000864;-0.43135004;0.51659984;25.68;0.031074;0.008047
CCW;291;290;-70.00;-70.00;50;-0.43404990;0.53015000;25.61;0.035610;0.011111;-0.42974992;0.52245000;25.62;0.039658;-0.001733
CW;292;20;20.00;90.00;50;-0.43445000;0.51889984;25.64;0.043196;0.006367;-0.42725000;0.51569984;25.68;0.030852;0.002390
CW;293;170;170.00;150.00;50;-0.42975008;0.50964976;25.75;0.031931;-0.000684;-0.44139996;0.51550000;25.72;0.041392;0.009453
CCW;294;350;-10.00;-180.00;50;-0.42674988;0.52320000;25.72;0.042590;0.009182;-0.42794992;0.52319990;25.65;0.032913;-0.000383
CW;295;160;160.00;170.00;50;-0.41944984;0.52454984;25.62;0.033193;-0.000681;-0.43235000;0.52840010;25.68;0.041526;0.009324
CW;296;195;195.00;35.00;50;-0.42999992;0.51384984;25.67;0.030793;0.002354;-0.43645000;0.52394980;25.69;0.043645;0.007324
CW;297;255;255.00;60.00;50;-0.42905010;0.51609992;25.69;0.030125;0.009165;-0.42925012;0.52775000;25.65;0.043484;-0.000134
CCW;298;220;220.00;-35.00;50;-0.42720004;0.51029984;25.69;0.030188;0.005176;-0.43704984;0.52830010;25.66;0.043550;0.003984
CCW;299;155;155.00;-65.00;50;-0.42565008;0.52554992;25.65;0.033374;-0.000720;-0.43825000;0.51105000;25.62;0.041157;0.010396
CW;300;175;175.00;20.00;50;-0.42399996;0.52804992;25.64;0.032776;-0.000078;-0.42830008;0.51944992;25.64;0.041550;0.008362
CCW;301;165;165.00;-10.00;50;-0.44589996;0.51434970;25.68;0.032710;-0.000652;-0.42950004;0.51959984;25.70;0.041118;0.009490
CW;302;235;235.00;70.00;50;-0.41609980;0.52059996;25.70;0.029846;0.006277;-0.43494996;0.51499984;25.67;0.046455;0.001375
CCW;303;150;150.00;-85.00;50;-0.42180004;0.51674984;25.64;0.034451;-0.001777;-0.43595004;0.51874996;25.73;0.040625;0.011021
CW;304;295;295.00;145.00;50;-0.42709988;0.51514990;25.67;0.035625;0.011077;-0.43244990;0.52799992;25.75;0.040232;-0.002224
CW;305;5;365.00;70.00;50;-0.42680000;0.52235010;25.68;0.042268;0.008013;-0.43474990;0.51174984;25.73;0.030100;0.000945
CCW;306;285;285.00;-80.00;50;-0.43069992;0.51829992;25.76;0.035605;0.010547;-0.43449992;0.52474992;25.78;0.039207;-0.000781
CCW;307;250;250.00;-35.00;50;-0.42174996;0.51769984;25.75;0.031038;0.008223;-0.43330010;0.52419990;25.74;0.042651;0.000767
CW;308;35;395.00;145.00;50;-0.42055004;0.52850000;25.71;0.043613;0.004768;-0.42605010;0.52145000;25.69;0.031379;0.004197
CCW;309;215;215.00;-180.00;50;-0.42294996;0.51519990;25.70;0.030146;0.005256;-0.43730000;0.52034984;25.71;0.043052;0.004915
CW;310;245;245.00;30.00;50;-0.42545008;0.51224990;25.66;0.031509;0.008289;-0.42364992;0.51059984;25.65;0.043381;0.000420
CW;311;265;265.00;20.00;50;-0.42194996;0.51414968;25.63;0.033616;0.009355;-0.43340000;0.52529990;25.64;0.042358;-0.001130
CCW;312;125;125.00;-140.00;50;-0.42440004;0.52074990;25.76;0.036921;-0.002246;-0.41669984;0.50999976;25.66;0.038079;0.011355
CCW;313;80;80.00;-45.00;50;-0.43150016;0.51284984;25.60;0.040867;0.001287;-0.43205004;0.52110000;25.61;0.035012;0.009688
CCW;314;310;-50.00;-130.00;50;-0.43235012;0.51309984;25.60;0.037603;0.011929;-0.43380000;0.51619980;25.64;0.036726;-0.002039
CW;315;90;90.00;140.00;50;-0.43395000;0.52659990;25.66;0.040608;-0.000396;-0.42604996;0.52304984;25.63;0.033442;0.010173
CW;316;240;240.00;150.00;50;-0.42544990;0.51749980;25.62;0.030952;0.007505;-0.42964990;0.53580020;25.60;0.043357;0.002434
CCW;317;95;95.00;-145.00;50;-0.43145004;0.53995020;25.64;0.039456;-0.000789;-0.42360016;0.52034990;25.66;0.034873;0.009802
CW;318;180;180.00;85.00;50;-0.42614980;0.52659992;25.62;0.030884;0.000898;-0.43350000;0.51824984;25.60;0.042021;0.008430
CCW;319;140;140.00;-40.00;50;-0.42989988;0.52709996;25.75;0.034080;-0.001228;-0.42414988;0.52269996;25.67;0.038105;0.010898
CW;320;145;145.00;5.00;50;-0.43254990;0.53660010;25.67;0.035063;-0.002222;-0.43600004;0.50479990;25.66;0.039287;0.011284
CCW;321;0;0.00;-145.00;50;-0.43199992;0.52354984;25.64;0.042053;0.008411;-0.42989988;0.51099990;25.64;0.031746;0.000649
CCW;322;355;-5.00;-5.00;50;-0.42820016;0.52369992;25.65;0.041636;0.009185;-0.42319996;0.51479990;25.63;0.032119;0.000161
CW;323;105;105.00;110.00;50;-0.42265000;0.52324990;25.67;0.039563;-0.002126;-0.42089992;0.52439990;25.61;0.035676;0.010820
CCW;324;300;-60.00;-165.00;50;-0.42600016;0.51964990;25.66;0.036179;0.011624;-0.42514990;0.51789980;25.67;0.037627;-0.001958
CW;325;55;55.00;115.00;50;-0.43475010;0.53139984;25.60;0.041226;0.002766;-0.43375004;0.50844980;25.64;0.030378;0.007324
CCW;326;45;45.00;-10.00;50;-0.43434990;0.52650000;25.65;0.043254;0.003940;-0.42740000;0.52530000;25.68;0.030261;0.005571
CCW;327;40;40.00;-5.00;50;-0.43470000;0.51549990;25.69;0.043455;0.004133;-0.41780010;0.51259990;25.72;0.030154;0.004919
CW;328;100;100.00;60.00;50;-0.42395000;0.53200008;25.73;0.038069;-0.000906;-0.42495010;0.52060000;25.69;0.034932;0.010313
CCW;329;65;65.00;-35.00;50;-0.43370000;0.53409992;25.66;0.042119;0.001221;-0.43650000;0.52314990;25.64;0.031748;0.007441
CCW;330;330;-30.00;-95.00;50;-0.42800010;0.51874984;25.61;0.041084;0.009976;-0.42884992;0.53105000;25.68;0.034592;-0.001255
CW;331;110;110.00;140.00;50;-0.42500004;0.52315000;25.73;0.038262;-0.001792;-0.43660010;0.52124996;25.63;0.035930;0.011204
CW;332;200;200.00;90.00;50;-0.43134992;0.52339992;25.63;0.030869;0.002681;-0.42779988;0.53460010;25.62;0.043440;0.006326
CCW;333;130;130.00;-70.00;50;-0.43825000;0.52159992;25.61;0.036467;-0.002314;-0.44065000;0.52745010;25.72;0.039146;0.011565
CCW;334;30;30.00;-100.00;50;-0.42390020;0.52570000;25.67;0.046172;0.004663;-0.43214990;0.51019990;25.68;0.033342;0.003794
CCW;335;260;-100.00;-130.00;50;-0.42584990;0.51889990;25.63;0.034443;0.009231;-0.43540000;0.52585000;25.60;0.040447;0.000010
CCW;336;225;-135.00;-35.00;50;-0.43404988;0.51230010;25.62;0.030195;0.005981;-0.42149992;0.52560010;25.66;0.042766;0.003555
CW;337;335;-25.00;110.00;50;-0.43710000;0.51549980;25.61;0.038701;0.010291;-0.42735000;0.51334990;25.65;0.032588;-0.001060
CW;338;85;85.00;110.00;50;-0.42320010;0.51974992;25.63;0.041682;-0.000740;-0.42804976;0.51640000;25.62;0.032695;0.009971
CCW;339;60;60.00;-25.00;50;-0.42530000;0.51789990;25.60;0.043013;0.001479;-0.43625000;0.51944990;25.62;0.031338;0.006804
CW;340;230;230.00;170.00;50;-0.42650016;0.52514992;25.64;0.029988;0.006299;-0.43750010;0.52004990;25.63;0.043911;0.002283
CW;341;345;345.00;115.00;50;-0.42039996;0.52849984;25.61;0.040757;0.009578;-0.42955000;0.51404980;25.65;0.033896;-0.001104
CW;342;75;75.00;75.00;50;-0.42979992;0.52885010;25.65;0.042930;0.000088;-0.42189984;0.51774990;25.60;0.032651;0.008188
CW;343;135;135.00;60.00;50;-0.43095000;0.52624990;25.60;0.034773;-0.001958;-0.42119990;0.51909984;25.63;0.038047;0.010859
CCW;344;10;10.00;-125.00;50;-0.42880004;0.52769990;25.61;0.042036;0.007383;-0.42714992;0.51154970;25.60;0.031826;0.001826
CCW;345;280;-80.00;-90.00;50;-0.43349992;0.52189990;25.65;0.034775;0.010000;-0.42980008;0.53330010;25.67;0.040081;-0.001577
CW;346;315;-45.00;35.00;50;-0.42780004;0.53015000;25.73;0.037524;0.010642;-0.41985004;0.53130008;25.70;0.035034;-0.001628
CW;347;50;50.00;95.00;50;-0.43690004;0.52029990;25.68;0.041787;0.002693;-0.42390004;0.51459980;25.71;0.031292;0.006089
CCW;348;320;-40.00;-90.00;50;-0.43169992;0.52274990;25.73;0.037993;0.011121;-0.43375000;0.52459990;25.68;0.034893;-0.002461
CW;349;120;120.00;160.00;50;-0.43350016;0.52955010;25.60;0.036865;-0.002131;-0.42730008;0.52800000;25.69;0.035969;0.010847
CCW;350;340;-20.00;-140.00;50;-0.43114990;0.51984980;25.71;0.040515;0.010066;-0.42979990;0.52084990;25.73;0.032827;-0.000903
CCW;351;185;-175.00;-155.00;50;-0.42465000;0.52634990;25.70;0.030303;0.001106;-0.43540012;0.52720000;25.67;0.042432;0.008071
CW;352;325;-35.00;140.00;50;-0.43670004;0.51835000;25.71;0.039448;0.010806;-0.43365004;0.53910010;25.72;0.035234;-0.001455
CCW;353;205;-155.00;-120.00;50;-0.43110004;0.52019984;25.66;0.030088;0.003789;-0.44264996;0.53010000;25.62;0.043340;0.005742
CW;354;305;-55.00;100.00;50;-0.43889996;0.52630010;25.60;0.036853;0.011033;-0.43104992;0.51409984;25.60;0.035996;-0.001997
CW;355;25;25.00;80.00;50;-0.43340000;0.52650010;25.66;0.042993;0.005425;-0.42154990;0.52414990;25.63;0.030681;0.003374
CCW;356;275;-85.00;-110.00;50;-0.44039992;0.51915000;25.68;0.031914;0.009907;-0.42885000;0.52504990;25.65;0.039668;-0.001135
CW;357;15;15.00;100.00;50;-0.42210004;0.52289980;25.66;0.042839;0.007017;-0.43650010;0.51434980;25.68;0.032197;0.002310
CCW;358;210;-150.00;-165.00;50;-0.43659996;0.52404992;25.65;0.029866;0.003816;-0.44030000;0.53244996;25.65;0.042109;0.004746
CCW;359;190;-170.00;-20.00;50;-0.42519996;0.52689990;25.64;0.030520;0.001819;-0.44464996;0.51890000;25.65;0.041296;0.007598
CW;360;270;-90.00;80.00;50;-0.43674984;0.50879976;25.68;0.032668;0.010117;-0.42689990;0.53430010;25.65;0.041382;-0.001113
CW;361;80;80.00;170.00;50;-0.43330000;0.52204996;25.67;0.043362;-0.000669;-0.42609996;0.52739996;25.61;0.031101;0.009395
CW;362;255;255.00;175.00;50;-0.43559990;0.52629984;25.66;0.031599;0.008967;-0.43869996;0.52744996;25.68;0.042949;-0.000264
CW;363;325;325.00;70.00;50;-0.43035004;0.52980000;25.65;0.040432;0.010627;-0.42360000;0.52315000;25.66;0.034600;-0.001719
CW;364;340;340.00;15.00;50;-0.44914996;0.51264990;25.62;0.042000;0.009553;-0.43089992;0.52254990;25.61;0.033689;-0.001284
CW;365;125;125.00;125.00;50;-0.43345012;0.52369992;25.64;0.037017;-0.001934;-0.43504992;0.51199984;25.71;0.037773;0.010889
CW;366;200;200.00;75.00;50;-0.43909990;0.52595010;25.63;0.028948;0.003000;-0.43290000;0.52980008;25.65;0.043137;0.006387
CW;367;290;290.00;90.00;50;-0.43135000;0.52150000;25.63;0.035439;0.010730;-0.43090000;0.52414990;25.70;0.040298;-0.002346
CCW;368;130;130.00;-160.00;50;-0.42790004;0.52555008;25.67;0.037939;-0.002842;-0.44309984;0.53775010;25.68;0.038284;0.010527
CW;369;245;245.00;115.00;50;-0.43500004;0.51919990;25.67;0.031484;0.007322;-0.43145008;0.52990010;25.67;0.040232;0.001885
CW;370;25;385.00;140.00;50;-0.43564988;0.52020000;25.73;0.043879;0.005703;-0.44020010;0.52534990;25.72;0.032415;0.002520
CCW;371;210;210.00;-175.00;50;-0.41450010;0.52570016;25.64;0.029690;0.004021;-0.43989996;0.52850000;25.75;0.042888;0.005632
CW;372;20;380.00;170.00;50;-0.43209992;0.51774984;25.67;0.043918;0.006157;-0.41225010;0.53395016;25.66;0.031042;0.002410
CCW;373;195;-165.00;-165.00;50;-0.43289992;0.52989996;25.62;0.030481;0.002527;-0.43005008;0.52599996;25.65;0.042502;0.006902
CW;374;270;-90.00;75.00;50;-0.43714988;0.52089990;25.70;0.033425;0.010381;-0.44239984;0.53865020;25.68;0.041636;-0.000977
CW;375;0;0.00;90.00;50;-0.44190000;0.51764980;25.71;0.040535;0.008088;-0.42935008;0.51369992;25.67;0.031177;0.000718
CW;376;110;110.00;110.00;50;-0.42915004;0.52094984;25.70;0.037969;-0.001399;-0.42865016;0.52445010;25.61;0.034792;0.010864
CCW;377;35;35.00;-75.00;50;-0.42530008;0.52770000;25.64;0.042776;0.004604;-0.43124990;0.52040000;25.70;0.030762;0.004373
CCW;378;330;-30.00;-65.00;50;-0.43275000;0.53200008;25.64;0.039114;0.010520;-0.42915008;0.52049992;25.61;0.033992;-0.001873
CCW;379;150;-210.00;-180.00;50;-0.42619990;0.52500010;25.60;0.032432;-0.001450;-0.44205000;0.51189980;25.60;0.039705;0.010562
CW;380;225;-135.00;75.00;50;-0.42915012;0.52854996;25.62;0.029949;0.006035;-0.42459992;0.52875000;25.61;0.042236;0.003945
CW;381;40;40.00;175.00;50;-0.44110010;0.52969990;25.60;0.043279;0.003977;-0.43814996;0.51214990;25.67;0.029814;0.004912
CCW;382;350;-10.00;-50.00;50;-0.43110000;0.52939992;25.60;0.041309;0.009175;-0.42414996;0.52684980;25.61;0.032910;-0.000396
CCW;383;240;-120.00;-110.00;50;-0.43285000;0.52374980;25.60;0.030630;0.007712;-0.43835000;0.53030010;25.63;0.042439;0.001624
CCW;384;170;-190.00;-70.00;50;-0.42475008;0.52340000;25.60;0.031924;-0.000034;-0.43724988;0.52739996;25.60;0.042083;0.009575
CCW;385;10;-350.00;-160.00;50;-0.43470000;0.51344984;25.60;0.041838;0.007942;-0.43904996;0.51944984;25.63;0.030901;0.001943
CW;386;185;-175.00;175.00;50;-0.41835004;0.52745000;25.60;0.029993;0.001660;-0.43685000;0.53160008;25.60;0.042883;0.008005
CCW;387;30;-330.00;-155.00;50;-0.42995004;0.52765010;25.60;0.043110;0.005425;-0.43474984;0.52964990;25.61;0.029497;0.004673
CCW;388;230;-130.00;-130.00;50;-0.42409996;0.50810000;25.60;0.030457;0.006738;-0.42394996;0.53120020;25.60;0.041924;0.003184
CW;389;15;15.00;145.00;50;-0.43965010;0.52909990;25.61;0.042852;0.006877;-0.44250000;0.52844984;25.63;0.031465;0.002297
CCW;390;205;-155.00;-170.00;50;-0.43125000;0.52895004;25.66;0.031240;0.003760;-0.43735016;0.53395020;25.63;0.043796;0.006169
CW;391;235;-125.00;30.00;50;-0.42840004;0.52454996;25.65;0.029636;0.007524;-0.44290010;0.53069990;25.62;0.041963;0.002639
CCW;392;220;-140.00;-15.00;50;-0.43630010;0.51290000;25.64;0.030049;0.005471;-0.43504990;0.52085000;25.63;0.043787;0.003831
CCW;393;165;-195.00;-55.00;50;-0.42985000;0.52174984;25.67;0.031667;-0.000010;-0.44025010;0.51994980;25.63;0.040103;0.009565
CCW;394;60;-300.00;-105.00;50;-0.44419996;0.52570000;25.62;0.042554;0.002607;-0.43725004;0.52604990;25.60;0.030618;0.008245
CCW;395;335;-385.00;-85.00;50;-0.44349984;0.52910000;25.60;0.038599;0.010427;-0.43509996;0.52735008;25.60;0.033433;-0.000815
CCW;396;310;-50.00;-50.00;50;-0.43504984;0.52215000;25.60;0.037715;0.011279;-0.44049990;0.52514992;25.60;0.037051;-0.001887
CW;397;320;-40.00;10.00;50;-0.44760000;0.51569984;25.59;0.037712;0.011511;-0.43894988;0.52325000;25.60;0.034700;-0.002532
CW;398;95;95.00;135.00;50;-0.44190000;0.52775000;25.60;0.041814;-0.002251;-0.42515008;0.53565010;25.58;0.026475;0.010767
CW;399;175;175.00;80.00;50;-0.43884996;0.52729980;25.59;0.031445;0.000742;-0.44309984;0.52814984;25.61;0.041086;0.008389
CW;400;300;300.00;125.00;50;-0.43425000;0.52349984;25.60;0.036084;0.011470;-0.43565000;0.53155010;25.60;0.038484;-0.002703
CW;401;65;65.00;65.00;50;-0.43170000;0.52970004;25.60;0.042175;0.001208;-0.43010000;0.52989996;25.60;0.030962;0.008491
CW;402;135;135.00;70.00;50;-0.43565000;0.53770020;25.60;0.035322;-0.001990;-0.43685004;0.52615000;25.60;0.038877;0.011416
CCW;403;115;115.00;-20.00;50;-0.43179990;0.51444990;25.54;0.037542;-0.002146;-0.43244988;0.51949996;25.60;0.036426;0.010918
CCW;404;45;45.00;-70.00;50;-0.44459996;0.51875016;25.60;0.042666;0.003813;-0.43575000;0.52274996;25.57;0.030994;0.006130
CCW;405;355;-5.00;-50.00;50;-0.42939992;0.53040010;25.54;0.041924;0.008789;-0.42535008;0.52945000;25.60;0.032178;0.000876
CW;406;160;160.00;165.00;50;-0.42609988;0.53190010;25.60;0.032803;-0.000579;-0.43730004;0.54330010;25.59;0.041946;0.010071
CCW;407;345;-15.00;-175.00;50;-0.43154988;0.54310020;25.60;0.040986;0.009790;-0.42129992;0.52339992;25.57;0.032522;-0.000635
CCW;408;215;-145.00;-130.00;50;-0.43764996;0.52559984;25.57;0.030249;0.005435;-0.43445012;0.52820010;25.60;0.043486;0.004556
CW;409;285;-75.00;70.00;50;-0.44374988;0.52379984;25.60;0.035447;0.010894;-0.42454992;0.53535016;25.60;0.038750;-0.001169
CW;410;5;5.00;80.00;50;-0.43825000;0.53164992;25.59;0.042236;0.008108;-0.42480004;0.53710010;25.60;0.030823;0.001450
CW;411;50;50.00;45.00;50;-0.44080016;0.52199990;25.60;0.043594;0.002444;-0.43445000;0.51624980;25.60;0.030432;0.006304
CW;412;120;120.00;70.00;50;-0.42765000;0.52994996;25.60;0.035957;-0.001719;-0.42695008;0.53370016;25.60;0.037991;0.011440
CCW;413;100;100.00;-20.00;50;-0.43775000;0.53210000;25.60;0.039170;-0.001555;-0.43425004;0.52494996;25.60;0.034136;0.009983
CCW;414;90;90.00;-10.00;50;-0.43290000;0.53245000;25.60;0.040762;-0.001345;-0.44310008;0.52910008;25.60;0.033113;0.010142
CW;415;180;180.00;90.00;50;-0.42999996;0.53785020;25.60;0.032061;0.000874;-0.43285000;0.53330010;25.60;0.042573;0.007983
CCW;416;155;155.00;-25.00;50;-0.43945012;0.52174984;25.60;0.032847;-0.000774;-0.43390004;0.52699990;25.60;0.040769;0.010056
CW;417;280;280.00;125.00;50;-0.43030000;0.51639976;25.59;0.035317;0.010168;-0.43374996;0.54025024;25.60;0.040188;-0.001477
CW;418;295;295.00;15.00;50;-0.43334990;0.52684990;25.58;0.035630;0.011284;-0.42775000;0.53525010;25.60;0.039478;-0.001943
CCW;419;140;140.00;-155.00;50;-0.42735000;0.53745030;25.60;0.034731;-0.001626;-0.43830004;0.51934990;25.60;0.039148;0.011270
CW;420;265;265.00;125.00;50;-0.43585010;0.52219984;25.60;0.033459;0.010059;-0.44384992;0.52354984;25.60;0.042224;-0.000520
CCW;421;260;260.00;-5.00;50;-0.42725000;0.52699996;25.60;0.032944;0.009541;-0.42950000;0.53895000;25.60;0.042639;-0.000466
CCW;422;190;190.00;-70.00;50;-0.44089996;0.53300010;25.60;0.032996;0.001213;-0.43785000;0.52825000;25.59;0.043271;0.007134
CCW;423;55;55.00;-135.00;50;-0.44744992;0.53325004;25.59;0.044351;0.001775;-0.43285008;0.53515020;25.60;0.029946;0.007605
CCW;424;250;-110.00;-165.00;50;-0.43760000;0.52189992;25.60;0.030115;0.008926;-0.43714988;0.52919996;25.60;0.041899;0.000806
CCW;425;75;-285.00;-175.00;50;-0.43110000;0.52625008;25.60;0.040576;0.001165;-0.43585016;0.52314996;25.60;0.030222;0.009517
CCW;426;315;-45.00;-45.00;50;-0.43029988;0.52360000;25.60;0.038970;0.011379;-0.43604996;0.53364990;25.60;0.036555;-0.001814
CCW;427;305;-55.00;-10.00;50;-0.44769990;0.51220010;25.60;0.037822;0.011345;-0.41975008;0.54055008;25.57;0.038254;-0.002324
CCW;428;275;-85.00;-30.00;50;-0.43789990;0.52164990;25.56;0.033301;0.010569;-0.42730000;0.53535010;25.60;0.040076;-0.000796
CCW;429;145;-215.00;-130.00;50;-0.42694996;0.53024996;25.60;0.034045;-0.001311;-0.43504990;0.52755004;25.59;0.039277;0.010315
CCW;430;70;-290.00;-75.00;50;-0.43815010;0.53305010;25.60;0.040737;0.000964;-0.43035004;0.52940000;25.59;0.030852;0.008796
CW;431;105;-255.00;35.00;50;-0.43650000;0.52199996;25.60;0.039058;-0.001362;-0.44085008;0.53440004;25.58;0.034312;0.011438
CCW;432;85;-275.00;-20.00;50;-0.42949992;0.53300024;25.56;0.040256;0.000239;-0.43730010;0.51504980;25.60;0.033989;0.010430
CW;433;90;-270.00;5.00;50;-0.43119990;0.52820000;25.60;0.039883;-0.000425;-0.43454992;0.52464984;25.60;0.032759;0.011172
CCW;434;295;-65.00;-65.00;50;-0.43955000;0.53500010;25.60;0.035706;0.012134;-0.42559992;0.52760000;25.56;0.038777;-0.002244
CCW;435;115;-245.00;-180.00;50;-0.44044996;0.52530010;25.60;0.038159;-0.001934;-0.44020004;0.52234984;25.58;0.034399;0.011970
CCW;436;65;-295.00;-50.00;50;-0.43235008;0.53505010;25.56;0.041853;0.001501;-0.43560004;0.52470010;25.58;0.030881;0.008191
CCW;437;335;-385.00;-90.00;50;-0.43020016;0.53160008;25.59;0.037451;0.010786;-0.42389996;0.52524996;25.59;0.032300;-0.000535
CCW;438;290;-70.00;-70.00;50;-0.43565000;0.51864992;25.50;0.035569;0.011340;-0.43709988;0.52885000;25.52;0.037817;-0.001479
CCW;439;170;-190.00;-120.00;50;-0.42259996;0.51704980;25.57;0.032197;0.000469;-0.43174984;0.52710010;25.57;0.041475;0.009336
CW;440;210;-150.00;40.00;50;-0.44249984;0.52220000;25.60;0.028743;0.005593;-0.42895008;0.52634990;25.59;0.044985;0.004009
CW;441;5;5.00;155.00;50;-0.43834990;0.52775010;25.60;0.042424;0.008306;-0.43270000;0.52689992;25.57;0.029812;0.001494
CW;442;95;95.00;90.00;50;-0.44180010;0.52800000;25.53;0.040452;-0.001191;-0.43565000;0.51789990;25.58;0.034229;0.010881
CW;443;220;220.00;125.00;50;-0.42920000;0.53080004;25.60;0.030718;0.005486;-0.44004990;0.54080010;25.60;0.043220;0.004209
CCW;444;175;175.00;-45.00;50;-0.43139990;0.52630000;25.60;0.032292;0.000938;-0.43379992;0.54365016;25.57;0.041953;0.008853
CCW;445;160;160.00;-15.00;50;-0.44245000;0.51609976;25.60;0.033281;-0.000466;-0.43409990;0.52399990;25.60;0.041638;0.009751
CCW;446;110;110.00;-50.00;50;-0.43289992;0.53110004;25.59;0.038723;-0.001675;-0.42244992;0.53340008;25.60;0.035754;0.011277
CW;447;285;285.00;175.00;50;-0.43575000;0.53155004;25.60;0.036243;0.010732;-0.43250000;0.53235008;25.60;0.040869;-0.001436
CW;448;325;325.00;40.00;50;-0.43415000;0.53169996;25.60;0.038840;0.011179;-0.43124992;0.52740000;25.60;0.035227;-0.002034
CW;449;350;350.00;25.00;50;-0.42779992;0.52395004;25.56;0.041611;0.009346;-0.43120004;0.52890010;25.58;0.034500;-0.000254
CW;450;165;165.00;165.00;50;-0.43910016;0.52200000;25.60;0.031963;0.000054;-0.44210000;0.53120008;25.52;0.040854;0.009819
CCW;451;70;70.00;-95.00;50;-0.42810008;0.52755000;25.56;0.041914;0.000928;-0.43145012;0.51769984;25.54;0.030942;0.009106
CW;452;100;100.00;30.00;50;-0.43389996;0.52660000;25.54;0.040352;-0.001135;-0.42939988;0.53245010;25.57;0.035029;0.010925
CCW;453;55;55.00;-45.00;50;-0.44019988;0.52925016;25.51;0.043167;0.002410;-0.43040016;0.52675000;25.57;0.031377;0.007161
CW;454;185;185.00;130.00;50;-0.44375008;0.52784984;25.60;0.031240;0.002090;-0.43635000;0.52749990;25.55;0.042141;0.008264
CCW;455;85;85.00;-100.00;50;-0.43389990;0.54225020;25.60;0.041926;-0.000393;-0.42634988;0.53275008;25.57;0.032566;0.010164
CCW;456;330;-30.00;-115.00;50;-0.43539984;0.52774996;25.59;0.040464;0.010493;-0.42154996;0.52599996;25.60;0.034976;-0.000977
CW;457;40;40.00;70.00;50;-0.43335016;0.52394984;25.56;0.043489;0.003950;-0.42084996;0.53635010;25.58;0.030381;0.005969
CCW;458;235;-125.00;-165.00;50;-0.44155000;0.51209976;25.54;0.029712;0.007134;-0.43895020;0.52935004;25.55;0.042874;0.001897
CW;459;315;-45.00;80.00;50;-0.43545000;0.53740020;25.59;0.038567;0.011118;-0.42859992;0.53200008;25.59;0.036526;-0.001824
CW;460;25;25.00;70.00;50;-0.43950000;0.54230030;25.60;0.043215;0.005903;-0.43009990;0.52049980;25.53;0.030994;0.003345
CCW;461;320;-40.00;-65.00;50;-0.43479990;0.52244990;25.55;0.038467;0.011023;-0.43120000;0.52334992;25.58;0.034617;-0.001545
CCW;462;190;-170.00;-130.00;50;-0.43900000;0.53570010;25.60;0.030657;0.002722;-0.42745004;0.52624992;25.59;0.042664;0.007788
CCW;463;75;-285.00;-115.00;50;-0.42770008;0.53235008;25.60;0.041060;0.000234;-0.44444984;0.50975010;25.58;0.031050;0.009971
CW;464;80;-280.00;5.00;50;-0.43635016;0.52515000;25.60;0.041311;0.000198;-0.43590010;0.52865004;25.60;0.032075;0.010112
CW;465;130;-230.00;50.00;50;-0.43669988;0.52590010;25.60;0.036001;-0.001365;-0.43684990;0.51924984;25.59;0.037097;0.011694
CW;466;225;-135.00;95.00;50;-0.42899992;0.52690008;25.59;0.028337;0.006748;-0.43485000;0.53269990;25.58;0.043015;0.003682
CW;467;345;-15.00;120.00;50;-0.42220004;0.53495000;25.60;0.040427;0.009641;-0.42395000;0.52829990;25.60;0.033438;-0.000227
CCW;468;230;-130.00;-115.00;50;-0.43165004;0.52830004;25.60;0.030151;0.007085;-0.43660010;0.53040004;25.50;0.041663;0.002913
CCW;469;180;-180.00;-50.00;50;-0.43450000;0.52925010;25.60;0.030852;0.001428;-0.43700000;0.52434990;25.60;0.041736;0.008745
CCW;470;45;-315.00;-135.00;50;-0.43929996;0.52259990;25.60;0.042412;0.004077;-0.43269980;0.52514976;25.60;0.029885;0.006311
CW;471;155;-205.00;110.00;50;-0.43264996;0.52629996;25.60;0.033162;-0.000137;-0.44459992;0.53190010;25.57;0.040762;0.010811
CW;472;300;-60.00;145.00;50;-0.44009990;0.52090000;25.60;0.036482;0.011506;-0.43410008;0.52924996;25.60;0.037861;-0.002427
CCW;473;260;-100.00;-40.00;50;-0.42970000;0.53535016;25.57;0.030723;0.009302;-0.43100000;0.53034996;25.60;0.043396;0.000586
CCW;474;135;-225.00;-125.00;50;-0.43714996;0.52234996;25.56;0.035166;-0.001313;-0.43739990;0.53720016;25.59;0.038147;0.011357
CW;475;215;-145.00;80.00;50;-0.44249996;0.52739996;25.59;0.030562;0.006040;-0.42860004;0.53800016;25.56;0.043064;0.004412
CW;476;310;-50.00;95.00;50;-0.44164992;0.51784980;25.55;0.038262;0.011489;-0.44569996;0.53585004;25.55;0.038088;-0.001631
CCW;477;275;-85.00;-35.00;50;-0.43505004;0.51924980;25.59;0.033379;0.010654;-0.43960000;0.53730010;25.60;0.039211;-0.000652
CCW;478;265;-95.00;-10.00;50;-0.43270004;0.53505010;25.60;0.034150;0.010488;-0.44160000;0.52730020;25.60;0.042629;-0.000500
CW;479;30;30.00;125.00;50;-0.42924980;0.53565030;25.60;0.043333;0.005435;-0.42789992;0.53825000;25.58;0.029795;0.004409
CCW;480;245;-115.00;-145.00;50;-0.44020000;0.51549984;25.58;0.031477;0.008074;-0.43264990;0.53645016;25.60;0.042227;0.001191
CW;481;10;10.00;125.00;50;-0.44634984;0.52439990;25.60;0.042522;0.007637;-0.43795000;0.52109990;25.60;0.029561;0.002551
CW;482;145;145.00;135.00;50;-0.43145000;0.52554992;25.60;0.033914;-0.000798;-0.43305012;0.54235010;25.56;0.039192;0.011511
CCW;483;35;35.00;-110.00;50;-0.44199980;0.53815020;25.60;0.042888;0.004773;-0.43235012;0.53550020;25.59;0.029343;0.005081
CW;484;195;195.00;160.00;50;-0.43250012;0.52389990;25.53;0.031609;0.002979;-0.43240016;0.53310008;25.60;0.045200;0.006750
CCW;485;60;60.00;-135.00;50;-0.41995004;0.53650010;25.60;0.042812;0.001577;-0.44005000;0.53225004;25.57;0.028713;0.009028
CCW;486;15;15.00;-45.00;50;-0.43465008;0.53239996;25.59;0.042896;0.007332;-0.42640004;0.52765010;25.58;0.030608;0.002600
CCW;487;200;-160.00;-175.00;50;-0.43765008;0.53555020;25.55;0.029248;0.003699;-0.44050000;0.52974980;25.59;0.043481;0.006411
CW;488;340;-20.00;140.00;50;-0.44309996;0.53855020;25.56;0.041121;0.010454;-0.43169992;0.53545010;25.55;0.033699;-0.000349
CW;489;125;125.00;145.00;50;-0.43430004;0.53900016;25.57;0.037288;-0.001802;-0.43645016;0.53385010;25.57;0.037307;0.011438
CW;490;250;250.00;125.00;50;-0.43495010;0.52824984;25.58;0.033123;0.008977;-0.42510010;0.52164996;25.56;0.044050;0.001016
CW;491;255;255.00;5.00;50;-0.42710000;0.52245000;25.53;0.032117;0.009526;-0.43559992;0.53500000;25.57;0.041853;0.000376
CW;492;270;270.00;15.00;50;-0.43440000;0.51704996;25.59;0.032744;0.010542;-0.41784990;0.53390010;25.60;0.042168;-0.000422
CW;493;20;380.00;110.00;50;-0.42019996;0.53235020;25.60;0.044055;0.006509;-0.43345000;0.51679990;25.59;0.031973;0.002451
CCW;494;305;305.00;-75.00;50;-0.43629990;0.53054992;25.59;0.037480;0.011257;-0.43059992;0.53515020;25.56;0.036714;-0.001992
CCW;495;280;280.00;-25.00;50;-0.43700000;0.52369992;25.59;0.034255;0.011348;-0.43425000;0.54035024;25.58;0.040020;-0.000840
CW;496;0;360.00;80.00;50;-0.43570000;0.52005000;25.57;0.041758;0.008582;-0.42789996;0.52754990;25.57;0.031641;0.000774
CW;497;150;150.00;150.00;50;-0.44040000;0.53825020;25.60;0.033665;-0.000767;-0.43960000;0.53284996;25.59;0.040881;0.010339
CCW;498;120;120.00;-30.00;50;-0.42829990;0.52805000;25.60;0.037827;-0.001936;-0.43870000;0.52174990;25.60;0.037417;0.011562
CCW;499;355;-5.00;-125.00;50;-0.44554996;0.51964984;25.60;0.042043;0.009092;-0.41624996;0.53305020;25.60;0.032454;0.000454
CW;500;105;105.00;110.00;50;-0.42785012;0.53730020;25.56;0.040090;-0.001814;-0.42835010;0.53055010;25.58;0.035122;0.010972
CCW;501;50;50.00;-55.00;50;-0.42630000;0.52529996;25.60;0.043293;0.002830;-0.42934992;0.52829990;25.53;0.031643;0.006477
CCW;502;240;-120.00;-170.00;50;-0.43524990;0.52815000;25.54;0.030605;0.008623;-0.43089992;0.53020000;25.53;0.042522;0.002214
CCW;503;205;-155.00;-35.00;50;-0.42935000;0.53390010;25.60;0.030188;0.004082;-0.43444988;0.53630024;25.54;0.043831;0.006274
CCW;504;140;-220.00;-65.00;50;-0.45079992;0.53615020;25.60;0.034402;-0.001226;-0.43279988;0.53215000;25.58;0.039451;0.011431
CCW;505;75;-285.00;-65.00;50;-0.43509980;0.53645016;25.60;0.040750;0.000781;-0.44125004;0.52934990;25.60;0.032117;0.009387
CCW;506;0;-360.00;-75.00;50;-0.42930020;0.54075016;25.56;0.042302;0.008735;-0.43655000;0.53080010;25.58;0.030933;0.001704
CW;507;55;-305.00;55.00;50;-0.44259990;0.54985010;25.54;0.042627;0.002817;-0.42275010;0.52729990;25.57;0.030100;0.007642
CW;508;155;-205.00;100.00;50;-0.43350000;0.53350000;25.60;0.033076;-0.001252;-0.43615000;0.53520008;25.55;0.039644;0.010493
CW;509;195;-165.00;40.00;50;-0.44005004;0.54395016;25.55;0.029658;0.003528;-0.43360000;0.54415030;25.56;0.043274;0.007195
CCW;510;175;-185.00;-20.00;50;-0.43739990;0.53680010;25.52;0.030403;0.001802;-0.43664990;0.53354996;25.54;0.040996;0.009714
CCW;511;10;-350.00;-165.00;50;-0.44179980;0.53064996;25.54;0.041750;0.008030;-0.43320000;0.54150030;25.56;0.030583;0.002510
CW;512;180;-180.00;170.00;50;-0.44565000;0.53480008;25.55;0.029470;0.001736;-0.42980004;0.53814996;25.52;0.041255;0.008765
CW;513;190;-170.00;10.00;50;-0.44055000;0.52564996;25.58;0.030259;0.002456;-0.44139984;0.53825016;25.60;0.042949;0.007563
CW;514;315;-45.00;125.00;50;-0.43270004;0.53800030;25.59;0.037612;0.011282;-0.43570016;0.54515000;25.54;0.034807;-0.001255
CCW;515;275;-85.00;-40.00;50;-0.43180000;0.53500000;25.54;0.033228;0.010684;-0.44799984;0.53560020;25.47;0.040525;-0.001184
CCW;516;265;-95.00;-10.00;50;-0.42774990;0.52649990;25.56;0.032603;0.010503;-0.43915000;0.52610000;25.55;0.041963;-0.000513
CCW;517;235;-125.00;-30.00;50;-0.43579996;0.52539990;25.49;0.030847;0.007798;-0.43790010;0.52344996;25.47;0.042625;0.002292
CW;518;355;-5.00;120.00;50;-0.43745004;0.54295020;25.54;0.042822;0.008635;-0.42539996;0.53570000;25.44;0.032295;0.000576
CW;519;15;15.00;20.00;50;-0.44424984;0.53545016;25.48;0.042505;0.006746;-0.43435000;0.54120016;25.46;0.030327;0.002627
CCW;520;5;5.00;-10.00;50;-0.44310008;0.54300020;25.47;0.042805;0.007593;-0.44135000;0.52249984;25.49;0.032576;0.001321
CCW;521;200;-160.00;-165.00;50;-0.43059992;0.52774990;25.44;0.029968;0.003506;-0.43889988;0.52395000;25.47;0.043435;0.006604
CW;522;260;-100.00;60.00;50;-0.43275000;0.52945000;25.50;0.033013;0.010361;-0.44455008;0.54760010;25.58;0.041902;-0.000303
CCW;523;165;-195.00;-95.00;50;-0.43149988;0.53240010;25.52;0.032332;0.000684;-0.43570012;0.53430000;25.57;0.040305;0.010269
CW;524;210;-150.00;45.00;50;-0.43420004;0.54160004;25.60;0.029331;0.004993;-0.44334980;0.54034990;25.57;0.042944;0.005698
CCW;525;70;-290.00;-140.00;50;-0.45045010;0.52699996;25.55;0.040930;0.001570;-0.42839996;0.54140020;25.48;0.031416;0.008853
CCW;526;30;-330.00;-40.00;50;-0.44809992;0.53274990;25.54;0.042722;0.006194;-0.42945008;0.52950000;25.53;0.029817;0.005134
CCW;527;305;-55.00;-55.00;50;-0.43454990;0.52345010;25.46;0.038611;0.011421;-0.43459990;0.53520008;25.53;0.037065;-0.001799
CW;528;350;-10.00;45.00;50;-0.43225000;0.53905020;25.53;0.042515;0.009194;-0.43065008;0.53755004;25.49;0.034534;0.000193
CCW;529;205;-155.00;-145.00;50;-0.43630012;0.53515030;25.53;0.029395;0.004629;-0.45085000;0.53325010;25.52;0.042566;0.005696
CW;530;270;-90.00;65.00;50;-0.44604984;0.52689992;25.48;0.032700;0.010378;-0.43984992;0.53435016;25.57;0.041211;-0.000464
CCW;531;255;-105.00;-15.00;50;-0.42834992;0.53310008;25.58;0.031106;0.009729;-0.44449984;0.53550016;25.56;0.042419;0.000168
CCW;532;220;-140.00;-35.00;50;-0.42775008;0.54290016;25.58;0.028972;0.006270;-0.42759988;0.54180020;25.56;0.044126;0.003818
CCW;533;80;-280.00;-140.00;50;-0.44090000;0.53610024;25.48;0.040808;0.000461;-0.43140000;0.53115004;25.50;0.031729;0.010027
CW;534;225;-135.00;145.00;50;-0.43754990;0.52699990;25.47;0.030427;0.007156;-0.44905000;0.54085030;25.56;0.041638;0.003442
CCW;535;105;-255.00;-120.00;50;-0.43445004;0.52870008;25.55;0.037820;-0.001548;-0.43860000;0.54220030;25.53;0.033718;0.011794
CCW;536;50;-310.00;-55.00;50;-0.43925000;0.54410016;25.52;0.041829;0.003684;-0.43835010;0.53040010;25.54;0.030393;0.008135
CCW;537;285;-75.00;-75.00;50;-0.42905008;0.53715000;25.52;0.033787;0.011155;-0.44869984;0.53405004;25.53;0.039858;-0.001255
CW;538;35;35.00;110.00;50;-0.43159996;0.54500024;25.49;0.043406;0.004795;-0.43949988;0.53150004;25.47;0.029434;0.004846
CCW;539;215;-145.00;-180.00;50;-0.43850010;0.54520010;25.46;0.030125;0.005625;-0.43850000;0.54480016;25.44;0.043225;0.004597
CW;540;330;-30.00;115.00;50;-0.43655004;0.53485008;25.48;0.040027;0.010244;-0.43159990;0.53810008;25.44;0.034092;-0.001362
CW;541;95;95.00;125.00;50;-0.43435000;0.52755010;25.51;0.041648;-0.001238;-0.43230008;0.53470020;25.53;0.034812;0.010374
CCW;542;85;85.00;-10.00;50;-0.42889990;0.54515010;25.45;0.042029;-0.000603;-0.43529990;0.54245012;25.47;0.033718;0.010537
CW;543;160;160.00;75.00;50;-0.42205010;0.54385020;25.56;0.032371;-0.000544;-0.44374992;0.54450010;25.44;0.043044;0.009531
CW;544;185;185.00;25.00;50;-0.43154992;0.53160020;25.48;0.030959;0.002053;-0.43230004;0.55255024;25.52;0.041372;0.007893
CCW;545;135;135.00;-50.00;50;-0.43370000;0.54255010;25.48;0.035701;-0.001235;-0.43275000;0.54060020;25.52;0.038625;0.011218
CW;546;145;145.00;10.00;50;-0.43070000;0.53910030;25.54;0.034238;-0.001006;-0.43884996;0.53695020;25.54;0.039487;0.010691
CW;547;245;245.00;100.00;50;-0.43230008;0.53390020;25.53;0.031370;0.008257;-0.42829992;0.53980016;25.51;0.042705;0.001353
CCW;548;140;140.00;-105.00;50;-0.43900010;0.54305000;25.47;0.035969;-0.001064;-0.43020008;0.53615000;25.47;0.040415;0.011467
CCW;549;340;-20.00;-160.00;50;-0.44324992;0.54800000;25.46;0.042078;0.009336;-0.42930000;0.53035000;25.48;0.034426;-0.000217
CCW;550;335;-25.00;-5.00;50;-0.43384990;0.53685010;25.49;0.039424;0.010532;-0.43565004;0.54115020;25.50;0.033586;-0.000676
CCW;551;240;-120.00;-95.00;50;-0.43604996;0.54100020;25.56;0.031396;0.008281;-0.43375024;0.54075000;25.57;0.042085;0.002104
CW;552;280;-80.00;40.00;50;-0.43340000;0.52600010;25.54;0.034329;0.011729;-0.43094988;0.53480020;25.55;0.040806;-0.001704
CCW;553;150;-210.00;-130.00;50;-0.42529992;0.52950000;25.54;0.033186;-0.000498;-0.43580000;0.53700008;25.47;0.040354;0.010647
CCW;554;115;-245.00;-35.00;50;-0.44130000;0.53240010;25.51;0.037798;-0.001948;-0.44004996;0.53395010;25.44;0.035098;0.011611
CCW;555;345;-375.00;-130.00;50;-0.43720000;0.53265020;25.49;0.039888;0.010293;-0.43060000;0.55059992;25.54;0.033542;0.000225
CW;556;20;-340.00;35.00;50;-0.42865000;0.53555008;25.49;0.042988;0.006953;-0.42444990;0.53605000;25.48;0.030605;0.003716
CCW;557;300;-60.00;-60.00;50;-0.43240000;0.54495024;25.48;0.037085;0.011667;-0.42465000;0.54320016;25.52;0.037246;-0.001982
CW;558;60;60.00;120.00;50;-0.42635010;0.54460024;25.47;0.042305;0.001719;-0.42974990;0.53280016;25.46;0.031230;0.008105
CCW;559;25;25.00;-35.00;50;-0.43305008;0.53470016;25.47;0.042910;0.005776;-0.43295004;0.54010016;25.44;0.031118;0.004058
CW;560;130;130.00;105.00;50;-0.41784992;0.54150004;25.45;0.037534;-0.001208;-0.43660012;0.53690020;25.47;0.038579;0.011689
CCW;561;110;110.00;-20.00;50;-0.42410020;0.54225030;25.42;0.038230;-0.001689;-0.43420000;0.52804980;25.42;0.035852;0.011125
CCW;562;320;-40.00;-150.00;50;-0.43510000;0.54700030;25.45;0.039875;0.011943;-0.43430008;0.54960000;25.49;0.034976;-0.001646
CCW;563;230;-130.00;-90.00;50;-0.42999996;0.54340010;25.46;0.030269;0.007366;-0.42879992;0.54700016;25.55;0.042332;0.003235
CCW;564;120;-240.00;-110.00;50;-0.43274990;0.55000016;25.50;0.036738;-0.001899;-0.43660000;0.53265008;25.59;0.037046;0.011482
CW;565;295;-65.00;175.00;50;-0.43340016;0.54250024;25.53;0.035068;0.011821;-0.43069992;0.53940020;25.44;0.038013;-0.001829
CCW;566;250;-110.00;-45.00;50;-0.43059992;0.53645016;25.47;0.031765;0.009448;-0.44254996;0.53535024;25.45;0.043228;0.000913
CW;567;65;65.00;175.00;50;-0.42950000;0.54375016;25.44;0.042217;0.001382;-0.43374996;0.54455010;25.47;0.031243;0.008276
CW;568;100;100.00;35.00;50;-0.43529990;0.54145016;25.49;0.039822;-0.001301;-0.44470000;0.53405010;25.44;0.034617;0.010779
CW;569;125;125.00;25.00;50;-0.43709990;0.53935016;25.46;0.037549;-0.001533;-0.43325000;0.53810030;25.49;0.039067;0.011543
CCW;570;45;45.00;-80.00;50;-0.44525000;0.53870032;25.47;0.043584;0.003513;-0.42109990;0.53345024;25.47;0.030481;0.005977
CW;571;90;90.00;45.00;50;-0.43150008;0.54070016;25.56;0.039385;-0.000498;-0.43194996;0.54130030;25.48;0.033838;0.010554
CW;572;170;170.00;80.00;50;-0.45045004;0.53004990;25.48;0.032856;0.000928;-0.43070004;0.54440010;25.44;0.041882;0.009888
CW;573;290;290.00;120.00;50;-0.44525000;0.53700020;25.48;0.035254;0.011458;-0.43299990;0.53385010;25.53;0.038784;-0.001250
CW;574;310;310.00;20.00;50;-0.43070000;0.53615016;25.43;0.038223;0.011677;-0.43010000;0.52750004;25.49;0.037158;-0.002146
CW;575;325;325.00;15.00;50;-0.44474984;0.52649990;25.44;0.038601;0.011028;-0.42474988;0.54550016;25.44;0.036162;-0.001521
CW;576;40;400.00;75.00;50;-0.43115004;0.53745010;25.47;0.042759;0.004194;-0.43084990;0.52640010;25.42;0.031770;0.004963
CCW;577;180;-180.00;-180.00;50;-0.43485010;0.53770010;25.50;0.030239;0.002410;-0.43475000;0.54495010;25.44;0.042197;0.008315
CW;578;355;-5.00;175.00;50;-0.43939996;0.52584992;25.48;0.041755;0.008936;-0.42390004;0.54080030;25.52;0.031243;0.000876
CCW;579;210;-150.00;-145.00;50;-0.42985000;0.53160008;25.43;0.030088;0.004897;-0.43579990;0.52660008;25.36;0.042188;0.004829
CW;580;25;25.00;175.00;50;-0.42470004;0.54045016;25.43;0.043826;0.005967;-0.44119996;0.53580016;25.43;0.029817;0.004585
CCW;581;260;-100.00;-125.00;50;-0.43640004;0.54330030;25.40;0.032341;0.010127;-0.43014990;0.54045030;25.46;0.041870;-0.000051
CCW;582;220;-140.00;-40.00;50;-0.43794990;0.53595008;25.42;0.030603;0.006013;-0.44515000;0.53605020;25.37;0.044478;0.003757
CCW;583;105;-255.00;-115.00;50;-0.42270008;0.53730008;25.47;0.038672;-0.001597;-0.42330004;0.53269992;25.46;0.036597;0.011201
CCW;584;0;-360.00;-105.00;50;-0.44445000;0.53595008;25.46;0.040996;0.008452;-0.43365000;0.54035020;25.42;0.029954;0.001592
CCW;585;275;-85.00;-85.00;50;-0.43155004;0.53550010;25.38;0.033870;0.010876;-0.42944996;0.54275010;25.44;0.039294;-0.001404
CCW;586;195;-165.00;-80.00;50;-0.42509996;0.54425016;25.40;0.030278;0.003752;-0.44325008;0.54020020;25.41;0.041614;0.006963
CW;587;215;-145.00;20.00;50;-0.43165000;0.53500010;25.33;0.029680;0.005532;-0.43189988;0.53750016;25.42;0.043853;0.004653
CCW;588;75;-285.00;-140.00;50;-0.43595004;0.53605020;25.42;0.041355;0.000576;-0.42675004;0.54495024;25.46;0.032722;0.009180
CW;589;170;-190.00;95.00;50;-0.42464996;0.52099996;25.54;0.032007;0.001226;-0.44065000;0.54505016;25.47;0.040718;0.009287
CW;590;245;-115.00;75.00;50;-0.42409984;0.52800000;25.48;0.030864;0.009277;-0.42695000;0.53305008;25.48;0.041982;0.001543
CW;591;345;-15.00;100.00;50;-0.43525004;0.52914992;25.48;0.041221;0.009924;-0.43715010;0.53235020;25.52;0.030911;0.000173
CW;592;95;95.00;110.00;50;-0.43969984;0.53705008;25.49;0.039956;-0.001086;-0.44840004;0.53905016;25.53;0.034534;0.010908
CCW;593;330;-30.00;-125.00;50;-0.43459996;0.53595030;25.45;0.038772;0.011008;-0.43744984;0.54110020;25.51;0.034492;-0.001265
CCW;594;230;-130.00;-100.00;50;-0.43675000;0.53125008;25.42;0.030178;0.007529;-0.44145004;0.53675020;25.44;0.041951;0.003132
CW;595;40;40.00;170.00;50;-0.44604988;0.54740010;25.46;0.043086;0.003994;-0.44289984;0.53125000;25.46;0.030906;0.005571
CCW;596;5;5.00;-35.00;50;-0.44150000;0.53630020;25.46;0.042490;0.008484;-0.43490004;0.52865004;25.46;0.032063;0.001851
CCW;597;315;-45.00;-50.00;50;-0.45370010;0.53715016;25.46;0.037739;0.011748;-0.43290000;0.52945000;25.43;0.035984;-0.001511
CCW;598;295;-65.00;-20.00;50;-0.43599996;0.53575028;25.48;0.036133;0.011550;-0.43029992;0.54890010;25.49;0.037847;-0.001643
CW;599;310;-50.00;15.00;50;-0.43995000;0.53555008;25.44;0.037844;0.011411;-0.44144992;0.53765004;25.43;0.035349;-0.001270
CCW;600;155;-205.00;-155.00;50;-0.43955000;0.53610010;25.44;0.032896;-0.000469;-0.43064990;0.53845024;25.55;0.039807;0.010920
CW;601;305;-55.00;150.00;50;-0.42769990;0.53435016;25.56;0.038013;0.012063;-0.43675000;0.52539990;25.50;0.037039;-0.001855
CW;602;15;15.00;70.00;50;-0.44165000;0.54560008;25.53;0.042769;0.007009;-0.43900000;0.53825016;25.50;0.031123;0.002942
CCW;603;255;-105.00;-120.00;50;-0.42874976;0.53029996;25.51;0.032271;0.009824;-0.43725000;0.55030010;25.52;0.041858;0.000264
CW;604;335;-25.00;80.00;50;-0.44130012;0.53755030;25.50;0.040537;0.009937;-0.42754990;0.54090020;25.49;0.032612;-0.000435
CCW;605;225;-135.00;-110.00;50;-0.43745000;0.54290020;25.43;0.030093;0.007158;-0.42120004;0.54525030;25.49;0.043098;0.003000
CCW;606;50;-310.00;-175.00;50;-0.44280008;0.54510030;25.46;0.042610;0.002952;-0.42949984;0.52835008;25.48;0.029019;0.007568
CCW;607;280;-80.00;-80.00;50;-0.43860004;0.52959996;25.51;0.036611;0.012991;-0.41840008;0.54815010;25.46;0.042144;-0.002249
CW;608;290;-70.00;10.00;50;-0.43600000;0.54225004;25.48;0.036172;0.011387;-0.42655000;0.53505020;25.45;0.038899;-0.001421
CCW;609;135;-225.00;-155.00;50;-0.42629990;0.53955010;25.54;0.034424;-0.001162;-0.42304996;0.55275010;25.50;0.037795;0.011167
CCW;610;35;-325.00;-100.00;50;-0.43445012;0.53705020;25.44;0.042114;0.004729;-0.43525000;0.53235000;25.46;0.029380;0.005833
CW;611;60;-300.00;25.00;50;-0.42979990;0.53725010;25.46;0.042117;0.001477;-0.43189990;0.55130000;25.51;0.031809;0.008311
CCW;612;30;-330.00;-30.00;50;-0.43035008;0.55185016;25.43;0.041050;0.005452;-0.44255000;0.53000000;25.45;0.030117;0.005088
CCW;613;300;-60.00;-60.00;50;-0.43649990;0.53600010;25.44;0.037317;0.011538;-0.43309992;0.54470016;25.41;0.038518;-0.001262
CW;614;55;55.00;115.00;50;-0.43605008;0.54070016;25.47;0.042886;0.001609;-0.43704996;0.53505010;25.47;0.031697;0.007817
CW;615;100;100.00;45.00;50;-0.43270004;0.54715016;25.40;0.039355;-0.000884;-0.43510000;0.54365016;25.41;0.035234;0.011267
CCW;616;70;70.00;-30.00;50;-0.43185000;0.54235010;25.42;0.041714;0.000479;-0.41954992;0.53340008;25.39;0.031094;0.009502
CW;617;190;190.00;120.00;50;-0.42990000;0.55299990;25.42;0.032012;0.002651;-0.43279988;0.55095000;25.47;0.043545;0.007507
CCW;618;80;80.00;-110.00;50;-0.43174980;0.55360016;25.44;0.040757;0.000000;-0.44335008;0.53490008;25.45;0.032476;0.009912
CW;619;110;110.00;30.00;50;-0.42725004;0.55275010;25.50;0.036606;-0.001245;-0.43770004;0.52529996;25.43;0.037834;0.012390
CW;620;160;160.00;50.00;50;-0.43650010;0.54205010;25.43;0.032998;-0.000098;-0.42310004;0.54310010;25.47;0.040540;0.010320
CW;621;175;175.00;15.00;50;-0.42755004;0.54475010;25.51;0.031433;0.001633;-0.43505004;0.54225016;25.41;0.041147;0.009102
CW;622;270;270.00;95.00;50;-0.42830008;0.54270020;25.43;0.034600;0.010825;-0.42925008;0.54965024;25.49;0.043511;-0.001677
CCW;623;240;240.00;-30.00;50;-0.43565000;0.52965004;25.41;0.031670;0.008376;-0.43240000;0.56689984;25.34;0.043528;0.001377
CW;624;20;380.00;140.00;50;-0.43475010;0.54725004;25.48;0.043975;0.006396;-0.42795000;0.53595020;25.36;0.031172;0.003750
CW;625;45;45.00;45.00;50;-0.43875000;0.53495010;25.37;0.042671;0.003372;-0.42599992;0.54085020;25.40;0.029280;0.006816
CCW;626;10;10.00;-35.00;50;-0.44659988;0.54195016;25.38;0.043245;0.007830;-0.42424976;0.54045030;25.45;0.031343;0.002957
CCW;627;325;-35.00;-45.00;50;-0.43520000;0.53650004;25.36;0.039944;0.011294;-0.42600008;0.54315020;25.42;0.034951;-0.000801
CCW;628;235;-125.00;-90.00;50;-0.43485000;0.53655030;25.40;0.030962;0.008398;-0.43565000;0.55255024;25.36;0.043088;0.002925
CW;629;340;-20.00;105.00;50;-0.43525000;0.54240020;25.34;0.040127;0.010391;-0.43525004;0.53890016;25.34;0.032295;0.000112
CW;630;350;-10.00;10.00;50;-0.43119992;0.54340010;25.42;0.041521;0.009448;-0.42824992;0.54734992;25.37;0.031980;0.000930
CCW;631;285;-75.00;-65.00;50;-0.44175016;0.54365000;25.37;0.034912;0.011802;-0.43794990;0.53840020;25.35;0.038596;-0.001323
CCW;632;250;-110.00;-35.00;50;-0.42950000;0.54650016;25.36;0.030803;0.009639;-0.43145012;0.55695020;25.36;0.041223;0.001172
CCW;633;90;-270.00;-160.00;50;-0.42859992;0.53520020;25.38;0.039392;-0.000317;-0.43675000;0.52995020;25.35;0.032832;0.011331
CW;634;200;-160.00;110.00;50;-0.43735000;0.53430010;25.30;0.028435;0.004497;-0.43890000;0.54845024;25.32;0.042893;0.006633
CW;635;320;-40.00;120.00;50;-0.43439996;0.53950024;25.32;0.038596;0.011719;-0.42489992;0.54580010;25.33;0.035496;-0.001301
CCW;636;150;-210.00;-170.00;50;-0.42755008;0.54800010;25.35;0.032947;-0.000098;-0.43129992;0.54095024;25.34;0.040066;0.010781
CW;637;205;-155.00;55.00;50;-0.43605008;0.53950020;25.33;0.029395;0.004976;-0.43615000;0.54700008;25.32;0.042993;0.005720
CCW;638;165;-195.00;-40.00;50;-0.43450000;0.55045010;25.32;0.031042;0.000830;-0.43214992;0.55145000;25.33;0.041487;0.009685
CCW;639;130;-230.00;-35.00;50;-0.42005000;0.54785016;25.36;0.035195;-0.001216;-0.43815000;0.55315010;25.33;0.038911;0.011470
CW;640;185;-175.00;55.00;50;-0.43359992;0.54515016;25.33;0.029807;0.002205;-0.43774996;0.55845010;25.39;0.041580;0.008306
CCW;641;140;-220.00;-45.00;50;-0.43170004;0.55415010;25.40;0.034402;-0.000618;-0.43075004;0.54465000;25.35;0.038809;0.011108
CW;642;265;-95.00;125.00;50;-0.43490004;0.54850008;25.37;0.033594;0.010217;-0.43725016;0.54340010;25.41;0.040947;-0.000659
CCW;643;125;-235.00;-140.00;50;-0.42989988;0.53945000;25.38;0.039392;-0.001265;-0.43935000;0.54094992;25.39;0.038030;0.012236
CCW;644;115;-245.00;-10.00;50;-0.44080012;0.54610000;25.36;0.036816;-0.000981;-0.43729990;0.54150010;25.40;0.035859;0.011851
CCW;645;65;-295.00;-50.00;50;-0.42610012;0.53925020;25.41;0.041938;0.001924;-0.43035004;0.53279990;25.36;0.032158;0.009124
CW;646;85;-275.00;20.00;50;-0.42590008;0.55025008;25.45;0.039607;-0.000593;-0.43110000;0.53820020;25.42;0.033398;0.010820
CW;647;120;-240.00;35.00;50;-0.43090004;0.55624990;25.39;0.036326;-0.001082;-0.43715016;0.55239990;25.38;0.037024;0.012102
CW;648;145;-215.00;25.00;50;-0.42530016;0.54395016;25.45;0.032659;-0.000696;-0.43065016;0.55050000;25.35;0.039170;0.011318
CW;649;235;-125.00;90.00;50;-0.42704988;0.55539996;25.44;0.030581;0.008252;-0.43239988;0.55275010;25.43;0.042847;0.002039
CCW;650;170;-190.00;-65.00;50;-0.42190016;0.55240010;25.42;0.030000;0.001414;-0.42970000;0.55660010;25.44;0.041504;0.008928
CW;651;185;-175.00;15.00;50;-0.42949984;0.54675010;25.33;0.031099;0.002349;-0.43189990;0.54205020;25.32;0.042605;0.008096
CW;652;0;0.00;175.00;50;-0.43279988;0.54859990;25.42;0.042231;0.008184;-0.43589990;0.55105000;25.36;0.032039;0.001514
CCW;653;275;-85.00;-85.00;50;-0.43919984;0.54100010;25.34;0.034800;0.011008;-0.43455000;0.55925010;25.36;0.040286;-0.001025
CW;654;25;25.00;110.00;50;-0.43835000;0.56010010;25.42;0.043530;0.004946;-0.42195008;0.53520030;25.42;0.030889;0.004431
CW;655;65;65.00;40.00;50;-0.43055012;0.55250008;25.46;0.039773;0.000503;-0.43260010;0.53815010;25.35;0.030647;0.008398
CW;656;155;155.00;90.00;50;-0.43584990;0.54710008;25.38;0.034727;-0.000225;-0.44270010;0.55509996;25.36;0.042000;0.010515
CCW;657;50;50.00;-105.00;50;-0.44394984;0.55895010;25.33;0.043201;0.002561;-0.43125000;0.54300020;25.41;0.031106;0.007554
CCW;658;290;-70.00;-120.00;50;-0.43874990;0.54515016;25.31;0.035728;0.011951;-0.42555000;0.54785016;25.37;0.038394;-0.001550
CW;659;55;55.00;125.00;50;-0.43350004;0.55874990;25.37;0.042168;0.002732;-0.42415004;0.54045010;25.38;0.032598;0.007905
CCW;660;270;-90.00;-145.00;50;-0.43870000;0.55000000;25.38;0.034824;0.012480;-0.43584990;0.55685024;25.35;0.038821;-0.000166
CCW;661;145;-215.00;-125.00;50;-0.42445008;0.55905000;25.44;0.033889;-0.000454;-0.42670000;0.55210010;25.43;0.040164;0.011111
CW;662;165;-195.00;20.00;50;-0.42829992;0.55465008;25.45;0.031277;0.001018;-0.42920000;0.56490016;25.43;0.041492;0.009966
CCW;663;35;-325.00;-130.00;50;-0.43380000;0.54495010;25.39;0.042861;0.004443;-0.43705004;0.54485024;25.35;0.029790;0.006008
CW;664;45;-315.00;10.00;50;-0.43585010;0.54875010;25.33;0.043201;0.003198;-0.43754984;0.53925024;25.34;0.031445;0.006755
CCW;665;310;-50.00;-50.00;50;-0.43339976;0.55605008;25.34;0.037500;0.012405;-0.42400000;0.56520016;25.33;0.037056;-0.001633
CW;666;90;90.00;140.00;50;-0.43435004;0.55710000;25.31;0.038872;-0.000630;-0.42839996;0.54190010;25.39;0.034272;0.010894
CCW;667;295;-65.00;-155.00;50;-0.44095000;0.53855016;25.38;0.037532;0.011694;-0.43990000;0.55775000;25.36;0.037986;-0.001194
CCW;668;250;-110.00;-45.00;50;-0.42089992;0.56285020;25.42;0.032522;0.009890;-0.44165024;0.55005000;25.37;0.041582;0.000771
CCW;669;115;-245.00;-135.00;50;-0.42569996;0.55559980;25.33;0.037612;-0.000615;-0.43365000;0.54975010;25.37;0.036550;0.011938
CW;670;150;-210.00;35.00;50;-0.42580004;0.54900016;25.38;0.032590;-0.000161;-0.44554988;0.55210000;25.43;0.039456;0.011294
CCW;671;20;-340.00;-130.00;50;-0.43919990;0.55225000;25.35;0.041692;0.007046;-0.43025000;0.55490010;25.36;0.029648;0.003867
CW;672;135;-225.00;115.00;50;-0.43755012;0.55230010;25.32;0.034019;-0.001492;-0.43865010;0.55285020;25.34;0.038708;0.011575
CCW;673;30;-330.00;-105.00;50;-0.43280016;0.55490020;25.38;0.042820;0.005610;-0.43365000;0.54030016;25.33;0.031292;0.004722
CW;674;75;-285.00;45.00;50;-0.43535008;0.55385000;25.35;0.042048;0.000076;-0.43565000;0.54245010;25.39;0.032522;0.010000
CW;675;80;-280.00;5.00;50;-0.43599996;0.55745008;25.34;0.040342;-0.000254;-0.42835000;0.54830016;25.38;0.031294;0.010544
CCW;676;40;-320.00;-40.00;50;-0.43335000;0.55600000;25.35;0.043137;0.004048;-0.42405004;0.55395010;25.36;0.030574;0.006807
CCW;677;15;-345.00;-25.00;50;-0.42650000;0.54815024;25.30;0.043145;0.007542;-0.43385000;0.55295000;25.31;0.030557;0.003406
CCW;678;245;-115.00;-115.00;50;-0.43464996;0.55010000;25.30;0.030757;0.008477;-0.43735000;0.55169992;25.36;0.043386;0.000491
CW;679;300;-60.00;55.00;50;-0.43140000;0.54135010;25.31;0.037356;0.011846;-0.43090004;0.54825010;25.30;0.037556;-0.001213
CW;680;320;-40.00;20.00;50;-0.42829990;0.55830016;25.30;0.040911;0.011257;-0.42630008;0.55070008;25.30;0.036272;-0.001472
CCW;681;315;-45.00;-5.00;50;-0.43234992;0.55574996;25.31;0.038723;0.011421;-0.43125000;0.53835016;25.31;0.035950;-0.001687
CW;682;120;120.00;165.00;50;-0.43180000;0.54595024;25.30;0.036995;-0.001519;-0.43029984;0.56560004;25.34;0.037732;0.011790
CCW;683;355;-5.00;-125.00;50;-0.42684980;0.55919990;25.31;0.042627;0.008521;-0.42574990;0.55730010;25.34;0.031128;0.001729
CCW;684;195;-165.00;-160.00;50;-0.43000004;0.54990000;25.33;0.030283;0.003596;-0.43769996;0.54700016;25.36;0.043406;0.006692
CCW;685;140;-220.00;-55.00;50;-0.42965008;0.54240010;25.36;0.034431;-0.001072;-0.44769992;0.53405004;25.30;0.040435;0.012187
CW;686;160;-200.00;20.00;50;-0.43229988;0.54445016;25.36;0.032749;0.000879;-0.42425008;0.55310004;25.30;0.040154;0.010500
CW;687;260;-100.00;100.00;50;-0.43959988;0.55005010;25.30;0.033569;0.010635;-0.44125010;0.56020010;25.30;0.042292;0.000259
CCW;688;100;-260.00;-160.00;50;-0.42824996;0.54235020;25.30;0.038494;-0.001155;-0.44544996;0.53685016;25.32;0.034917;0.011675
CCW;689;280;-80.00;-80.00;50;-0.43795000;0.53910010;25.30;0.034749;0.012041;-0.42384992;0.55294990;25.30;0.039890;-0.000164
CW;690;70;70.00;150.00;50;-0.43129992;0.55055010;25.33;0.042456;0.001040;-0.43810004;0.54660030;25.28;0.032695;0.010273
CCW;691;10;10.00;-60.00;50;-0.43665004;0.54570020;25.30;0.042925;0.007759;-0.43120004;0.53945016;25.27;0.031792;0.003523
CW;692;180;180.00;170.00;50;-0.43084992;0.55539996;25.30;0.030044;0.001685;-0.44669984;0.55175010;25.33;0.041868;0.008232
CW;693;210;210.00;30.00;50;-0.43845000;0.55050004;25.32;0.032097;0.005486;-0.42989992;0.55895008;25.30;0.043389;0.005442
CW;694;305;305.00;95.00;50;-0.44399996;0.54150004;25.31;0.038267;0.011880;-0.43250004;0.54810010;25.30;0.037859;-0.002014
CW;695;340;340.00;35.00;50;-0.43005004;0.56835016;25.30;0.040740;0.010652;-0.43100000;0.54785020;25.30;0.034971;-0.000266
CCW;696;225;225.00;-115.00;50;-0.43515008;0.55770020;25.30;0.034634;0.006938;-0.42975000;0.55785020;25.30;0.044270;0.003796
CW;697;325;325.00;100.00;50;-0.44265000;0.55624984;25.30;0.040881;0.011433;-0.42700000;0.55075000;25.30;0.035667;-0.000432
CW;698;95;95.00;95.00;50;-0.43700010;0.55445004;25.30;0.039465;-0.000583;-0.43775000;0.52914992;25.30;0.034998;0.011328
CCW;699;335;-25.00;-120.00;50;-0.43479996;0.53785020;25.30;0.041152;0.010435;-0.42579996;0.55125004;25.30;0.033149;-0.000068
CW;700;110;110.00;135.00;50;-0.42824990;0.56035008;25.30;0.038735;-0.000618;-0.43239990;0.54445016;25.30;0.036663;0.011838
CCW;701;350;-10.00;-120.00;50;-0.42910008;0.56595000;25.30;0.042969;0.009651;-0.42290000;0.55114996;25.28;0.031130;0.001067
CW;702;130;130.00;140.00;50;-0.42840000;0.55500008;25.30;0.035820;-0.000691;-0.44090000;0.54545020;25.30;0.038027;0.011741
CCW;703;85;85.00;-45.00;50;-0.43719990;0.56030008;25.30;0.040266;-0.000327;-0.43135000;0.54960000;25.30;0.034624;0.011011
CCW;704;5;5.00;-80.00;50;-0.43210000;0.55660000;25.34;0.042947;0.008003;-0.42185008;0.55195016;25.34;0.030454;0.002878
CCW;705;240;-120.00;-125.00;50;-0.43294984;0.53010010;25.30;0.031143;0.008811;-0.43205004;0.54805010;25.30;0.042747;0.002017
CCW;706;105;-255.00;-135.00;50;-0.42095008;0.55450000;25.32;0.036777;-0.000730;-0.42565000;0.55579996;25.33;0.036243;0.011570
CW;707;200;-160.00;95.00;50;-0.44115010;0.55995008;25.34;0.026770;0.004739;-0.39865000;0.54115016;25.30;0.045474;0.005962
CW;708;255;-105.00;55.00;50;-0.43235000;0.55980010;25.37;0.033418;0.010745;-0.43535000;0.56765010;25.34;0.042124;0.000244
CCW;709;125;-235.00;-130.00;50;-0.43350000;0.55630000;25.34;0.035007;-0.000781;-0.43630000;0.53705010;25.32;0.037637;0.011738
CW;710;230;-130.00;105.00;50;-0.44334992;0.54265030;25.36;0.030916;0.007734;-0.43005004;0.54805010;25.30;0.043066;0.002744
CCW;711;190;-170.00;-40.00;50;-0.43720000;0.55675008;25.35;0.030010;0.002979;-0.43015016;0.54605020;25.33;0.043047;0.007424
CCW;712;175;-185.00;-15.00;50;-0.43640000;0.54955020;25.41;0.032297;0.001956;-0.43409996;0.54550016;25.30;0.042988;0.008745
CW;713;215;-145.00;40.00;50;-0.42610000;0.55120004;25.33;0.030046;0.005999;-0.43230004;0.54395000;25.30;0.043804;0.004121
CCW;714;60;-300.00;-155.00;50;-0.45059984;0.54370010;25.30;0.042627;0.002112;-0.42604992;0.54685010;25.30;0.030776;0.008735
CCW;715;345;-375.00;-75.00;50;-0.44000000;0.54125004;25.32;0.041104;0.009978;-0.43075000;0.54875000;25.30;0.032078;0.000637
CCW;716;265;-95.00;-95.00;50;-0.42860008;0.55359996;25.32;0.033936;0.010923;-0.43779996;0.54190016;25.32;0.040774;-0.000508
CCW;717;220;-140.00;-45.00;50;-0.43295004;0.54100024;25.36;0.029097;0.007051;-0.43550000;0.54130020;25.30;0.043010;0.004102
CW;718;330;-30.00;110.00;50;-0.44924992;0.55365010;25.30;0.040803;0.010769;-0.43569988;0.55619990;25.30;0.034553;-0.000259
CCW;719;205;-155.00;-125.00;50;-0.42540004;0.54710008;25.30;0.029175;0.005100;-0.45024980;0.54690030;25.30;0.044104;0.005498
CW;720;285;-75.00;80.00;50;-0.43879990;0.53765016;25.28;0.035857;0.011587;-0.43685012;0.54995000;25.30;0.039104;-0.001169
CCW;721;235;-125.00;-50.00;50;-0.44464996;0.54455008;25.28;0.030508;0.008513;-0.43649996;0.55195000;25.30;0.042312;0.001831
CW;722;260;-100.00;25.00;50;-0.44474992;0.53975010;25.26;0.033467;0.011050;-0.44235004;0.55210008;25.23;0.042603;0.000022
CCW;723;85;-275.00;-175.00;50;-0.44534980;0.55449990;25.30;0.040247;-0.000361;-0.43869988;0.54145010;25.30;0.033682;0.010974
CW;724;125;-235.00;40.00;50;-0.43310000;0.55045000;25.30;0.036460;-0.001003;-0.42960008;0.53515020;25.30;0.038096;0.012041
CCW;725;95;-265.00;-30.00;50;-0.43265000;0.55420010;25.30;0.039836;-0.000818;-0.43734990;0.55230000;25.28;0.033667;0.011472
CW;726;265;-95.00;170.00;50;-0.43379992;0.56330016;25.29;0.033962;0.010884;-0.43680000;0.55250010;25.25;0.041409;-0.000442
CCW;727;135;-225.00;-130.00;50;-0.43525000;0.55030010;25.30;0.034458;-0.001016;-0.44775000;0.54980010;25.28;0.038943;0.011445
CW;728;180;-180.00;45.00;50;-0.44155000;0.55225000;25.29;0.031392;0.002563;-0.43700000;0.54275010;25.30;0.042969;0.008083
CCW;729;10;-350.00;-170.00;50;-0.44060000;0.54615000;25.27;0.041294;0.007456;-0.43055000;0.53975010;25.28;0.030974;0.003306
CW;730;30;-330.00;20.00;50;-0.43590004;0.55010020;25.30;0.043433;0.005261;-0.43275000;0.54145024;25.30;0.029802;0.005933
CW;731;140;-220.00;110.00;50;-0.43984984;0.54600020;25.29;0.034133;-0.000864;-0.43660004;0.54450030;25.27;0.038879;0.011519
CCW;732;60;-300.00;-80.00;50;-0.43365010;0.55125000;25.25;0.041423;0.001538;-0.42919988;0.54705010;25.28;0.031257;0.009233
CCW;733;350;-370.00;-70.00;50;-0.43930010;0.55345016;25.29;0.041040;0.009854;-0.43530004;0.54180016;25.30;0.031604;0.001436
CW;734;45;-315.00;55.00;50;-0.42879992;0.54950000;25.28;0.042585;0.003704;-0.42224976;0.54919992;25.30;0.030415;0.007522
CCW;735;275;-85.00;-85.00;50;-0.43660004;0.55205024;25.30;0.034463;0.011416;-0.42709980;0.55390008;25.27;0.039993;-0.000901
CCW;736;185;-175.00;-90.00;50;-0.41890004;0.54335016;25.30;0.030681;0.003037;-0.42484996;0.55785010;25.30;0.042903;0.007942
CCW;737;80;-280.00;-105.00;50;-0.43155004;0.56220020;25.30;0.041741;-0.000305;-0.42765000;0.54795000;25.30;0.031521;0.011086
CW;738;220;-140.00;140.00;50;-0.42354984;0.56095000;25.30;0.030010;0.006499;-0.43270000;0.55130004;25.30;0.044082;0.003210
CW;739;345;-15.00;125.00;50;-0.43145004;0.55705000;25.29;0.042102;0.009556;-0.42830004;0.55279992;25.30;0.031965;0.000811
CW;740;70;70.00;85.00;50;-0.43074992;0.56644992;25.30;0.042329;0.000911;-0.43315000;0.54990024;25.25;0.032986;0.009216
CW;741;195;195.00;125.00;50;-0.43219988;0.54405016;25.25;0.031001;0.003533;-0.44194992;0.55090004;25.30;0.044434;0.006348
CW;742;340;340.00;145.00;50;-0.43509996;0.54320024;25.29;0.041230;0.010076;-0.44165000;0.55275010;25.30;0.034011;-0.000078
CW;743;75;75.00;75.00;50;-0.43609992;0.55025008;25.25;0.041885;0.000300;-0.42974976;0.53985008;25.23;0.032632;0.010303
CCW;744;335;-25.00;-100.00;50;-0.43785000;0.55015010;25.27;0.040452;0.010603;-0.43684984;0.55410004;25.24;0.033093;-0.000093
CCW;745;320;-40.00;-15.00;50;-0.43190000;0.56095010;25.22;0.039565;0.011179;-0.42919992;0.54630000;25.28;0.034888;-0.001128
CW;746;5;5.00;45.00;50;-0.43404996;0.54855024;25.28;0.043074;0.007800;-0.43610004;0.53950008;25.25;0.031475;0.002983
CCW;747;230;-130.00;-135.00;50;-0.43599996;0.54325016;25.30;0.030938;0.008000;-0.43169990;0.54415030;25.30;0.043025;0.002500
CW;748;250;-110.00;20.00;50;-0.42915000;0.53990020;25.30;0.032183;0.009902;-0.43100000;0.55095010;25.30;0.043066;0.000811
CW;749;55;55.00;165.00;50;-0.43210012;0.54885000;25.30;0.041941;0.002615;-0.42264996;0.53950030;25.27;0.030498;0.008745
CCW;750;270;-90.00;-145.00;50;-0.42804992;0.53860016;25.29;0.034868;0.011455;-0.42985000;0.55189996;25.28;0.040298;-0.000420
CCW;751;145;-215.00;-125.00;50;-0.42164984;0.54815024;25.30;0.033013;0.000032;-0.43194996;0.55350000;25.24;0.040266;0.010920
CW;752;170;-190.00;25.00;50;-0.43270000;0.54860010;25.29;0.030793;0.001467;-0.45059990;0.54800010;25.30;0.041016;0.009553
CCW;753;40;-320.00;-130.00;50;-0.43274992;0.54925010;25.20;0.042598;0.003506;-0.43225000;0.55324996;25.22;0.029436;0.006594
CW;754;190;-170.00;150.00;50;-0.43549972;0.55285010;25.15;0.029585;0.003699;-0.42780000;0.55289996;25.21;0.043391;0.007922
CW;755;225;-135.00;35.00;50;-0.44075000;0.54490010;25.17;0.031279;0.007485;-0.43354990;0.54440020;25.23;0.043379;0.002910
CCW;756;130;-230.00;-95.00;50;-0.42349996;0.54355000;25.21;0.036924;-0.001011;-0.44834996;0.52270010;25.20;0.037810;0.011838
CCW;757;105;-255.00;-25.00;50;-0.45230000;0.54135020;25.18;0.038328;-0.001018;-0.45149990;0.54525010;25.12;0.037078;0.011797
CCW;758;90;-270.00;-15.00;50;-0.44225000;0.55600010;25.15;0.041018;0.000093;-0.44659992;0.55305010;25.14;0.033933;0.011372
CW;759;200;-160.00;110.00;50;-0.42935000;0.54935010;25.15;0.029229;0.004675;-0.43164990;0.56150010;25.18;0.043760;0.005996
CW;760;295;-65.00;95.00;50;-0.43970000;0.54860000;25.14;0.035237;0.012429;-0.43355004;0.56029990;25.18;0.037952;-0.001436
CW;761;0;0.00;65.00;50;-0.43849996;0.55584990;25.14;0.042593;0.008591;-0.44064990;0.54730010;25.15;0.031702;0.002292
CCW;762;215;-145.00;-145.00;50;-0.42750008;0.55315010;25.18;0.028728;0.006924;-0.44059990;0.55925008;25.24;0.044856;0.004802
CW;763;15;15.00;160.00;50;-0.43635010;0.56105008;25.19;0.043994;0.006406;-0.43620004;0.54970000;25.21;0.031013;0.003303
CCW;764;315;-45.00;-60.00;50;-0.44695000;0.54730004;25.19;0.039470;0.011626;-0.43749996;0.55064990;25.23;0.034458;-0.001135
CCW;765;155;-205.00;-160.00;50;-0.43395004;0.56264990;25.13;0.032864;0.000725;-0.43820012;0.54690032;25.14;0.040527;0.010940
CCW;766;25;-335.00;-130.00;50;-0.43815004;0.54915016;25.18;0.042925;0.005994;-0.43745000;0.54710010;25.15;0.030425;0.004546
CCW;767;205;-155.00;-155.00;50;-0.42340004;0.55410010;25.16;0.030627;0.005347;-0.44354992;0.54840010;25.17;0.043650;0.005493
CW;768;210;-150.00;5.00;50;-0.44145012;0.54255024;25.13;0.031716;0.005630;-0.44615000;0.55580000;25.18;0.043064;0.005264
CW;769;305;-55.00;95.00;50;-0.44745000;0.53760020;25.27;0.037917;0.011843;-0.42714992;0.56640008;25.25;0.036560;-0.001440
CCW;770;290;-70.00;-15.00;50;-0.44249992;0.54540000;25.21;0.033113;0.011960;-0.43679996;0.54430000;25.22;0.040962;-0.001223
CCW;771;285;-75.00;-5.00;50;-0.43525000;0.55815010;25.21;0.036272;0.011919;-0.43265008;0.56019990;25.23;0.038184;-0.000632
CCW;772;165;-195.00;-120.00;50;-0.43885004;0.54880024;25.19;0.032388;0.000691;-0.44079984;0.55055010;25.18;0.040850;0.009387
CCW;773;160;-200.00;-5.00;50;-0.43960000;0.55380010;25.19;0.032483;0.000266;-0.44585000;0.55904996;25.17;0.041860;0.009683
CW;774;175;-185.00;15.00;50;-0.43150000;0.55395010;25.19;0.031045;0.001565;-0.43824996;0.55544984;25.23;0.041921;0.008992
CCW;775;65;-295.00;-110.00;50;-0.43350000;0.55200000;25.16;0.041973;0.001692;-0.42989990;0.54595020;25.23;0.031458;0.009175
CW;776;115;-245.00;50.00;50;-0.44410000;0.54435016;25.22;0.036736;-0.000674;-0.43919984;0.55234990;25.22;0.035327;0.011523
CW;777;245;-115.00;130.00;50;-0.43709996;0.54110016;25.19;0.032141;0.009404;-0.43529988;0.54495020;25.16;0.043062;0.001418
CW;778;310;-50.00;65.00;50;-0.45204996;0.54480016;25.20;0.039243;0.011716;-0.43100000;0.54770004;25.21;0.037473;-0.001018
CW;779;35;35.00;85.00;50;-0.43655000;0.55930008;25.15;0.043740;0.003826;-0.44039984;0.55210000;25.22;0.032290;0.006023
CCW;780;355;-5.00;-40.00;50;-0.43715010;0.55564990;25.18;0.042361;0.008479;-0.43029992;0.54520004;25.13;0.033203;0.001907
CW;781;110;110.00;115.00;50;-0.43560000;0.56085000;25.15;0.037959;-0.001211;-0.43869990;0.55425000;25.19;0.036499;0.011445
CW;782;255;255.00;145.00;50;-0.43775010;0.56245008;25.16;0.031646;0.009497;-0.44159992;0.55240010;25.18;0.042378;-0.000664
CCW;783;150;150.00;-105.00;50;-0.43694988;0.55445000;25.18;0.033894;-0.000251;-0.43639990;0.55269990;25.16;0.041479;0.010806
CCW;784;20;20.00;-130.00;50;-0.42695010;0.55319990;25.22;0.044084;0.006436;-0.42950020;0.54200020;25.20;0.030896;0.004138
CCW;785;280;-80.00;-100.00;50;-0.44085000;0.55410000;25.19;0.034224;0.011387;-0.43040000;0.55825000;25.29;0.039084;-0.001304
CW;786;325;-35.00;45.00;50;-0.44019992;0.54665010;25.22;0.039883;0.011519;-0.44014990;0.55120016;25.25;0.035168;-0.000554
CW;787;120;120.00;155.00;50;-0.44280000;0.55135000;25.16;0.036721;-0.000962;-0.43289992;0.55160000;25.17;0.037854;0.010940
CCW;788;300;-60.00;-180.00;50;-0.44064996;0.54700008;25.14;0.037849;0.011150;-0.44044996;0.55530010;25.20;0.037014;-0.001201
CW;789;50;50.00;110.00;50;-0.43115000;0.55820008;25.16;0.043643;0.002305;-0.43720000;0.54470016;25.18;0.032407;0.006733
CCW;790;330;-30.00;-80.00;50;-0.43190010;0.54280010;25.21;0.040259;0.010164;-0.43029988;0.54795010;25.20;0.033892;-0.000525
CCW;791;240;-120.00;-90.00;50;-0.42524996;0.54355016;25.17;0.030315;0.008750;-0.44010008;0.55305010;25.22;0.042888;0.001670
CCW;792;100;-260.00;-140.00;50;-0.43449992;0.56054990;25.16;0.037664;-0.000693;-0.44144976;0.55345000;25.15;0.035037;0.011621
CW;793;170;-190.00;70.00;50;-0.43685010;0.55365010;25.21;0.032239;0.001438;-0.43725004;0.55705000;25.17;0.041995;0.009395
CCW;794;40;-320.00;-130.00;50;-0.43545000;0.55585016;25.12;0.043496;0.004187;-0.42669988;0.55905010;25.20;0.029731;0.006565
CW;795;90;-270.00;50.00;50;-0.43970004;0.55685010;25.13;0.040461;-0.001431;-0.43740010;0.54565020;25.16;0.032920;0.010940
CCW;796;60;-300.00;-30.00;50;-0.43580004;0.55519990;25.10;0.042209;0.001917;-0.43544988;0.54580004;25.12;0.032786;0.008696
CW;797;105;-255.00;45.00;50;-0.43005004;0.56285010;25.13;0.038291;-0.000530;-0.43185000;0.56825008;25.20;0.036333;0.011001
CW;798;240;-120.00;135.00;50;-0.44015000;0.54655020;25.13;0.032136;0.008984;-0.43260000;0.56455010;25.17;0.042039;0.001536
CCW;799;185;-175.00;-55.00;50;-0.42730004;0.56130004;25.12;0.029636;0.003223;-0.42885000;0.55980010;25.14;0.043706;0.007917
CCW;800;55;-305.00;-130.00;50;-0.43784996;0.55890008;25.14;0.042991;0.002134;-0.42990004;0.56315016;25.17;0.031572;0.008015
CCW;801;335;-385.00;-80.00;50;-0.43535004;0.56879984;25.10;0.038757;0.010667;-0.43159992;0.55720010;25.17;0.031594;0.000190
CCW;802;270;-90.00;-90.00;50;-0.42739980;0.54685000;25.16;0.034106;0.011052;-0.44190000;0.55344984;25.14;0.042690;-0.001145
CCW;803;205;-155.00;-65.00;50;-0.44000004;0.56135010;25.12;0.033320;0.005264;-0.42390008;0.57244990;25.13;0.042195;0.006047
CW;804;20;20.00;175.00;50;-0.44539984;0.56449990;25.12;0.042720;0.006484;-0.43340000;0.55074990;25.10;0.030867;0.003984
CW;805;135;135.00;115.00;50;-0.42710000;0.56745000;25.14;0.035522;-0.001289;-0.43995000;0.56960016;25.14;0.038892;0.011152
CCW;806;320;-40.00;-175.00;50;-0.43734992;0.54890020;25.16;0.039358;0.011960;-0.43645000;0.55455000;25.14;0.035024;-0.000955
CCW;807;145;-215.00;-175.00;50;-0.43979996;0.55295010;25.21;0.033811;-0.000364;-0.44149990;0.55104992;25.16;0.039221;0.010964
CCW;808;350;-370.00;-155.00;50;-0.44114990;0.54914992;25.10;0.042771;0.009255;-0.43265008;0.55229984;25.20;0.032263;0.001409
CCW;809;230;-130.00;-130.00;50;-0.43705000;0.54890010;25.16;0.031021;0.007419;-0.44260000;0.55795010;25.14;0.043237;0.002461
CCW;810;140;-220.00;-90.00;50;-0.43250000;0.55555000;25.17;0.034094;-0.000605;-0.43385004;0.54855000;25.19;0.039541;0.011411
CW;811;220;-140.00;80.00;50;-0.43605000;0.54830016;25.16;0.030256;0.007056;-0.42800016;0.55340016;25.20;0.043228;0.003853
CW;812;340;-20.00;120.00;50;-0.44175016;0.56605020;25.14;0.040923;0.009861;-0.43544996;0.55934984;25.18;0.035374;0.000066
CW;813;95;95.00;115.00;50;-0.43575010;0.56189996;25.10;0.040981;-0.000898;-0.44870000;0.55010010;25.15;0.034880;0.011060
CW;814;120;120.00;25.00;50;-0.42950000;0.55580016;25.14;0.036646;-0.001523;-0.44330008;0.55305020;25.10;0.036997;0.010884
CCW;815;65;65.00;-55.00;50;-0.43525000;0.56170000;25.14;0.041919;0.001196;-0.42734990;0.54575000;25.19;0.031785;0.008965
CCW;816;260;-100.00;-165.00;50;-0.43670000;0.56385004;25.12;0.032593;0.010181;-0.43609984;0.55979996;25.11;0.040552;-0.000088
CW;817;25;25.00;125.00;50;-0.43540000;0.55985004;25.11;0.043796;0.005872;-0.43624984;0.55985004;25.10;0.031628;0.004036
CCW;818;330;-30.00;-55.00;50;-0.44344984;0.55725000;25.11;0.041211;0.009971;-0.43650010;0.56104992;25.10;0.034185;-0.000818
CCW;819;245;-115.00;-85.00;50;-0.43885004;0.54760000;25.13;0.031423;0.009170;-0.44239996;0.56135004;25.14;0.042097;0.001284
CW;820;280;-80.00;35.00;50;-0.44689996;0.55749992;25.18;0.035923;0.011348;-0.43150016;0.55219996;25.15;0.039299;-0.001179
CW;821;345;-15.00;65.00;50;-0.43835000;0.55104992;25.10;0.041943;0.009534;-0.43310000;0.54665020;25.10;0.032959;-0.000149
CCW;822;225;-135.00;-120.00;50;-0.42940008;0.54690000;25.10;0.030713;0.006689;-0.43774996;0.55375010;25.10;0.043767;0.003125
CCW;823;210;-150.00;-15.00;50;-0.43640012;0.56314990;25.10;0.031177;0.005164;-0.44454976;0.56535020;25.10;0.042620;0.004871
CW;824;285;-75.00;75.00;50;-0.43405004;0.55310010;25.10;0.036506;0.011658;-0.42589990;0.55675008;25.10;0.039729;-0.001292
CCW;825;130;-230.00;-155.00;50;-0.43250000;0.56329990;25.13;0.035630;-0.000913;-0.44199980;0.54864996;25.15;0.038750;0.011633
CW;826;265;-95.00;135.00;50;-0.43950012;0.55844990;25.15;0.033752;0.010784;-0.44064990;0.55885000;25.11;0.041667;-0.000378
CCW;827;250;-110.00;-15.00;50;-0.43860004;0.56699990;25.13;0.031426;0.009448;-0.45014996;0.56030010;25.10;0.041531;0.001172
CW;828;305;-55.00;55.00;50;-0.44000004;0.54810000;25.12;0.038516;0.011306;-0.44324996;0.56330010;25.14;0.037502;-0.001355
CW;829;110;110.00;165.00;50;-0.45145000;0.56269990;25.15;0.038542;-0.001631;-0.43685004;0.55340020;25.14;0.038220;0.011548
CCW;830;355;-5.00;-115.00;50;-0.44804984;0.55205010;25.11;0.042500;0.008186;-0.44034996;0.55465000;25.10;0.031418;0.001636
CW;831;150;150.00;155.00;50;-0.43369984;0.56230016;25.10;0.034521;-0.000806;-0.43945010;0.55080010;25.10;0.042007;0.010728
CCW;832;10;10.00;-140.00;50;-0.43940010;0.55814992;25.06;0.042830;0.007107;-0.43829976;0.55710000;25.10;0.030847;0.002754
CW;833;175;175.00;165.00;50;-0.42644996;0.54965000;25.10;0.035818;0.001758;-0.45219990;0.55165010;25.10;0.043406;0.008977
CW;834;300;300.00;125.00;50;-0.44494992;0.55235000;25.10;0.038196;0.011829;-0.42884988;0.56030008;25.06;0.038740;-0.001926
CCW;835;295;295.00;-5.00;50;-0.44005000;0.55780008;25.09;0.038137;0.011489;-0.43345000;0.55455010;25.08;0.038552;-0.001228
CW;836;85;85.00;85.00;50;-0.43849996;0.54675024;25.10;0.040811;-0.000596;-0.44044990;0.54940004;25.10;0.031951;0.010439
CCW;837;75;75.00;-10.00;50;-0.43815000;0.55150016;25.10;0.041765;0.000078;-0.43590004;0.54725010;25.10;0.033901;0.010024
CW;838;235;235.00;160.00;50;-0.43419990;0.55589990;25.10;0.030959;0.008176;-0.43719990;0.55319992;25.10;0.044009;0.002771
CW;839;50;50.00;50.00;50;-0.43975016;0.55710008;25.08;0.043169;0.003127;-0.42144996;0.56465000;25.05;0.031802;0.007300
CW;840;195;195.00;145.00;50;-0.43300000;0.55035008;25.10;0.032051;0.003257;-0.43160016;0.55655010;25.09;0.043826;0.007078
CCW;841;180;180.00;-15.00;50;-0.42500000;0.55115016;25.10;0.030818;0.001804;-0.43780000;0.55910010;25.10;0.042888;0.008125
CCW;842;160;160.00;-20.00;50;-0.43364992;0.55685010;25.10;0.032915;0.000029;-0.44355000;0.54485010;25.10;0.040825;0.009988
CCW;843;30;30.00;-130.00;50;-0.44359988;0.55155000;25.08;0.043513;0.005212;-0.44124992;0.55090016;25.10;0.029226;0.005071
CCW;844;325;-35.00;-65.00;50;-0.44534992;0.55395024;25.10;0.039819;0.010835;-0.42914990;0.55945004;25.10;0.033071;-0.000762
CW;845;125;125.00;160.00;50;-0.42675004;0.55110000;25.10;0.037412;-0.001658;-0.43879996;0.55945010;25.10;0.038604;0.012334
CCW;846;15;15.00;-110.00;50;-0.44245000;0.55445016;25.10;0.044648;0.006428;-0.43520010;0.54425024;25.10;0.032324;0.003433
CCW;847;275;-85.00;-100.00;50;-0.44075016;0.54480010;25.05;0.033989;0.011104;-0.43940024;0.55970020;25.10;0.039373;-0.000640
CW;848;0;0.00;85.00;50;-0.44005004;0.55685010;25.10;0.042759;0.008523;-0.44509980;0.55240000;25.10;0.032188;0.002231
CCW;849;315;-45.00;-45.00;50;-0.44205010;0.54870000;25.10;0.037434;0.011680;-0.44195000;0.55345004;25.06;0.036360;-0.000938
CW;850;35;35.00;80.00;50;-0.44689996;0.55120000;25.07;0.042854;0.004551;-0.43275000;0.55634992;25.09;0.030415;0.005713
CW;851;165;165.00;130.00;50;-0.42274996;0.55320008;25.07;0.032126;0.000791;-0.44480000;0.56139992;25.07;0.042219;0.010098
CW;852;215;215.00;50.00;50;-0.43295010;0.55249996;25.10;0.030881;0.005950;-0.45049990;0.54720030;25.06;0.043210;0.003916
CW;853;5;365.00;150.00;50;-0.43760000;0.56925004;25.10;0.042825;0.008037;-0.43930004;0.56005012;25.10;0.032495;0.002063
CW;854;155;155.00;155.00;50;-0.42475008;0.56085010;25.10;0.033755;-0.000356;-0.44150000;0.55165000;25.10;0.041665;0.010645
CCW;855;100;100.00;-55.00;50;-0.43099992;0.55799996;25.10;0.039353;-0.000879;-0.43425000;0.55689996;25.10;0.035547;0.011245
CW;856;255;255.00;155.00;50;-0.43714990;0.54670008;25.10;0.034617;0.009883;-0.43670016;0.57165000;25.10;0.044387;-0.000425
CW;857;45;45.00;45.00;50;-0.43375004;0.55575010;25.10;0.043936;0.003369;-0.43749990;0.56625000;25.11;0.031426;0.007026
CCW;858;310;-50.00;-95.00;50;-0.43590004;0.55139992;25.09;0.038464;0.011997;-0.43360008;0.55695010;25.10;0.035239;-0.000823
CCW;859;190;-170.00;-120.00;50;-0.43450000;0.55520004;25.10;0.032822;0.003267;-0.42865008;0.55730016;25.08;0.042566;0.008928
CCW;860;70;-290.00;-120.00;50;-0.44850004;0.54915004;25.07;0.041023;0.001152;-0.43049992;0.54540020;25.06;0.031682;0.009934
CCW;861;290;-70.00;-70.00;50;-0.45394996;0.55380000;25.10;0.036958;0.011567;-0.44779984;0.55925008;25.09;0.038645;-0.001455
CCW;862;115;-245.00;-175.00;50;-0.44405008;0.54805010;25.10;0.037192;-0.001038;-0.43864984;0.55724990;25.10;0.036301;0.012004
CCW;863;80;-280.00;-35.00;50;-0.44614996;0.56090010;25.09;0.040740;0.000667;-0.43145008;0.54945020;25.07;0.034497;0.010024
CW;864;200;-160.00;120.00;50;-0.43639990;0.55139992;25.10;0.031047;0.004170;-0.42845000;0.56435008;25.06;0.043459;0.006653
CCW;865;195;-165.00;-5.00;50;-0.43850000;0.55010016;25.07;0.031465;0.004036;-0.43354976;0.56069992;25.07;0.043372;0.007722
CCW;866;75;-285.00;-120.00;50;-0.44260000;0.57045008;25.10;0.040991;0.000801;-0.43515008;0.55550000;25.10;0.031611;0.010662
CCW;867;325;-395.00;-110.00;50;-0.42480004;0.55884980;25.05;0.038667;0.011499;-0.42159992;0.56085016;25.00;0.033115;-0.000266
CCW;868;235;-125.00;-125.00;50;-0.44269992;0.55715008;25.07;0.030420;0.008374;-0.44360008;0.55950000;25.09;0.044160;0.002178
CCW;869;80;-280.00;-155.00;50;-0.43149990;0.56120000;25.07;0.040598;-0.000667;-0.43645004;0.54310020;25.07;0.033345;0.010820
CW;870;255;-105.00;175.00;50;-0.43200008;0.55320000;25.07;0.033376;0.010237;-0.45159992;0.56205004;25.07;0.042310;0.000156
CW;871;340;-20.00;85.00;50;-0.44869996;0.55490010;25.05;0.040491;0.010110;-0.43189990;0.55424992;25.08;0.033232;0.000398
CCW;872;215;-145.00;-125.00;50;-0.44619992;0.54000024;25.07;0.029822;0.006523;-0.43120004;0.56460000;25.10;0.043772;0.004963
CCW;873;110;-250.00;-105.00;50;-0.43024990;0.55605010;25.10;0.038247;-0.001221;-0.43364990;0.55455000;25.10;0.035830;0.012131
CCW;874;85;-275.00;-25.00;50;-0.44509996;0.55505010;25.10;0.040178;-0.000483;-0.42730004;0.55090010;25.10;0.033882;0.011333
CW;875;180;-180.00;95.00;50;-0.43889990;0.54400016;25.10;0.028459;0.002412;-0.44720000;0.54550004;25.10;0.042090;0.008513
CW;876;190;-170.00;10.00;50;-0.44474996;0.54745008;25.10;0.030371;0.003496;-0.44424996;0.55144996;25.10;0.044014;0.007751
CCW;877;140;-220.00;-50.00;50;-0.44259984;0.54955000;25.10;0.034229;-0.000298;-0.44419992;0.54830016;25.11;0.040073;0.011624
CW;878;155;-205.00;15.00;50;-0.44654992;0.55160010;25.10;0.032488;0.000872;-0.43395000;0.56485020;25.08;0.040898;0.010200
CW;879;315;-45.00;160.00;50;-0.43535000;0.55265010;25.08;0.039805;0.011665;-0.43824996;0.55660000;25.10;0.035742;-0.000869
CCW;880;245;-115.00;-70.00;50;-0.44140000;0.56240010;25.10;0.031626;0.009329;-0.43715004;0.55960008;25.10;0.042478;0.000952
CCW;881;165;-195.00;-80.00;50;-0.43585000;0.56580020;25.09;0.032219;0.000962;-0.43699992;0.55945004;25.09;0.042600;0.009209
CW;882;185;-175.00;20.00;50;-0.44495000;0.56145008;25.06;0.030234;0.002554;-0.43775010;0.55195010;25.07;0.042791;0.007878
CCW;883;40;-320.00;-145.00;50;-0.45185004;0.56270004;25.09;0.043213;0.004309;-0.43444984;0.55280008;25.09;0.030476;0.006562
CCW;884;230;-130.00;-130.00;50;-0.43900000;0.56215008;25.06;0.030669;0.008491;-0.43214992;0.54990020;25.04;0.043289;0.002710
CW;885;30;30.00;160.00;50;-0.42664988;0.54310010;25.07;0.043125;0.004736;-0.43225016;0.55420020;25.10;0.031877;0.005681
CW;886;95;95.00;65.00;50;-0.43190004;0.56260016;25.10;0.041460;-0.000164;-0.43580000;0.55295010;25.10;0.038286;0.011626
CW;887;175;175.00;80.00;50;-0.45109992;0.55490010;25.10;0.032188;0.001560;-0.43620000;0.55829996;25.09;0.042625;0.008423
CW;888;280;280.00;105.00;50;-0.43594992;0.55420010;25.08;0.036990;0.011636;-0.43445004;0.54220016;25.07;0.041208;-0.001069
CW;889;290;290.00;10.00;50;-0.43635000;0.55450000;25.05;0.037439;0.011841;-0.43529988;0.55789996;25.07;0.038806;-0.001941
CCW;890;275;275.00;-15.00;50;-0.42305000;0.57110010;25.04;0.034792;0.011125;-0.43459988;0.55684996;25.04;0.039773;-0.001099
CCW;891;150;150.00;-125.00;50;-0.43145008;0.56645010;25.10;0.034238;-0.000142;-0.44375000;0.55854992;25.10;0.041338;0.011145
CW;892;240;240.00;90.00;50;-0.42919992;0.55215000;25.09;0.033311;0.008435;-0.43505000;0.56525004;25.09;0.041785;0.001594
CCW;893;100;100.00;-140.00;50;-0.43805000;0.55509996;25.09;0.039263;-0.001016;-0.44190008;0.56015000;25.06;0.034465;0.011458
CCW;894;350;-10.00;-110.00;50;-0.44680008;0.54845010;25.09;0.042327;0.009258;-0.43629992;0.56775016;25.06;0.031235;0.001060
CW;895;135;135.00;145.00;50;-0.43655000;0.55885000;25.10;0.034297;-0.000996;-0.43760004;0.55060000;25.10;0.039243;0.011929
CCW;896;20;20.00;-115.00;50;-0.44389992;0.55595000;25.08;0.043809;0.006704;-0.43180000;0.55715000;25.09;0.030142;0.004219
CCW;897;260;-100.00;-120.00;50;-0.43455000;0.55330016;25.10;0.032886;0.010571;-0.43635000;0.55830000;25.10;0.041716;0.000396
CW;898;45;45.00;145.00;50;-0.42625000;0.55560004;25.10;0.042905;0.003254;-0.43104988;0.55070024;25.10;0.030486;0.007275
CCW;899;330;-30.00;-75.00;50;-0.43779990;0.55000000;25.10;0.039929;0.010693;-0.43039992;0.55415010;25.10;0.033694;-0.000420
CW;900;35;35.00;65.00;50;-0.43019990;0.56090000;25.10;0.043315;0.004487;-0.44299976;0.53935020;25.10;0.031252;0.005952
CCW;901;250;-110.00;-145.00;50;-0.44170000;0.55805000;25.06;0.031150;0.010071;-0.43940000;0.55770010;25.05;0.041565;0.000981
CW;902;10;10.00;120.00;50;-0.43295004;0.55750008;25.05;0.043186;0.007568;-0.43420000;0.55524988;25.07;0.031836;0.003250
CW;903;115;115.00;105.00;50;-0.43519990;0.56415016;25.10;0.037173;-0.001038;-0.43709996;0.57209990;25.07;0.037073;0.010884
CW;904;285;285.00;170.00;50;-0.43495000;0.56355008;25.10;0.036875;0.011882;-0.43765008;0.56445010;25.08;0.040542;-0.001311
CW;905;25;385.00;100.00;50;-0.42864990;0.56490010;25.07;0.043833;0.005410;-0.42990000;0.56320008;25.06;0.030952;0.004609
CW;906;90;90.00;90.00;50;-0.42609996;0.56395010;25.07;0.040344;-0.001023;-0.42714996;0.55625004;25.10;0.034976;0.010959
CCW;907;60;60.00;-30.00;50;-0.43839988;0.55734984;25.08;0.042607;0.001416;-0.43840000;0.55340016;25.07;0.032207;0.009077
CCW;908;0;0.00;-60.00;50;-0.44150000;0.55560020;25.06;0.042681;0.008174;-0.43760010;0.56190010;25.04;0.032026;0.001812
CW;909;65;65.00;65.00;50;-0.43219992;0.55699990;25.04;0.043423;0.001104;-0.44535010;0.56005000;25.07;0.032583;0.009678
CCW;910;50;50.00;-15.00;50;-0.41970012;0.57229990;25.07;0.045591;0.002302;-0.42639996;0.54875010;25.10;0.028833;0.008728
CW;911;105;105.00;55.00;50;-0.43439988;0.55710008;25.08;0.038206;-0.001616;-0.43095000;0.55365000;25.02;0.035864;0.012341
CW;912;200;200.00;95.00;50;-0.44624988;0.55315000;25.04;0.030945;0.004563;-0.45314988;0.56615024;25.06;0.043569;0.006252
CW;913;295;295.00;95.00;50;-0.43350000;0.56360008;25.03;0.037700;0.011479;-0.42990000;0.56950010;25.06;0.039573;-0.001394
CW;914;335;335.00;40.00;50;-0.44030008;0.55384992;25.01;0.041721;0.010044;-0.43685010;0.55464992;25.08;0.034268;-0.000608
CCW;915;225;225.00;-110.00;50;-0.44754990;0.56125010;25.03;0.030496;0.007488;-0.44760000;0.56500008;25.02;0.044485;0.002734
CW;916;265;265.00;40.00;50;-0.43134992;0.55679980;25.03;0.035007;0.010811;-0.44375000;0.56574992;25.02;0.042158;0.000015
CCW;917;220;220.00;-45.00;50;-0.43829984;0.55485016;25.03;0.031050;0.007209;-0.43675000;0.55245000;25.02;0.043320;0.004307
CCW;918;70;70.00;-150.00;50;-0.43710010;0.57565010;25.07;0.041394;0.001338;-0.43795012;0.54940010;25.04;0.031694;0.009731
CCW;919;15;15.00;-55.00;50;-0.43470004;0.56159996;25.03;0.043179;0.007034;-0.43970000;0.55170020;25.05;0.030879;0.003911
CW;920;120;120.00;105.00;50;-0.44220000;0.56725010;25.00;0.037537;-0.001570;-0.43089992;0.54380010;25.07;0.038835;0.011843
CW;921;170;170.00;50.00;50;-0.43560000;0.56139992;25.01;0.031697;0.001399;-0.44459988;0.56870000;25.03;0.042512;0.009666
CW;922;205;205.00;35.00;50;-0.43580010;0.54420020;25.03;0.029465;0.004221;-0.42794980;0.55305020;25.03;0.043406;0.006599
CW;923;310;310.00;105.00;50;-0.44979980;0.55509990;24.99;0.039563;0.011433;-0.43900010;0.55910010;24.97;0.037415;-0.001099
CW;924;355;355.00;45.00;50;-0.44335000;0.55665004;25.03;0.043064;0.008521;-0.43819984;0.55915004;25.01;0.033040;0.000728
CCW;925;210;210.00;-145.00;50;-0.43499996;0.55380010;25.00;0.030313;0.005417;-0.43700004;0.55365016;25.06;0.043577;0.004734
CCW;926;145;145.00;-65.00;50;-0.44109992;0.55400000;25.05;0.034270;-0.000400;-0.44950004;0.54750016;25.06;0.040955;0.010911
CCW;927;125;125.00;-20.00;50;-0.43474996;0.57610010;25.06;0.036777;-0.001345;-0.44075000;0.55584996;25.06;0.038335;0.011724
CW;928;270;270.00;145.00;50;-0.45110008;0.55295016;25.06;0.033374;0.011438;-0.43694996;0.55730000;25.01;0.041453;-0.000200
CW;929;55;55.00;55.00;50;-0.44744984;0.54725016;25.03;0.042949;0.002214;-0.43594990;0.56100004;24.98;0.031780;0.008518
CW;930;130;130.00;75.00;50;-0.44894996;0.54999996;25.03;0.036387;-0.001531;-0.44449996;0.55260010;24.95;0.039041;0.011440
CW;931;300;300.00;170.00;50;-0.44599984;0.55160010;24.98;0.037441;0.012095;-0.44819996;0.55389992;25.05;0.038804;-0.001726
CW;932;320;320.00;20.00;50;-0.44409988;0.54780010;25.01;0.041345;0.010925;-0.44410000;0.55269990;25.03;0.036843;-0.001121
CW;933;345;345.00;25.00;50;-0.44444996;0.54935000;25.03;0.041121;0.009368;-0.43185000;0.55300004;25.03;0.034314;0.000208
CCW;934;305;305.00;-40.00;50;-0.43995000;0.55574990;25.07;0.038716;0.011917;-0.44294990;0.54790024;25.04;0.037832;-0.001184
CCW;935;160;160.00;-145.00;50;-0.42954992;0.56090000;25.05;0.030957;0.000493;-0.44739980;0.56774990;25.09;0.040598;0.010181
CCW;936;5;5.00;-155.00;50;-0.43780000;0.55785010;24.99;0.043625;0.007866;-0.44259990;0.55590004;24.95;0.030039;0.003032
CW;937;85;85.00;80.00;50;-0.43405000;0.56975012;25.06;0.038252;0.000356;-0.44964996;0.55990010;25.07;0.034224;0.010955
CW;938;210;210.00;125.00;50;-0.43885000;0.54370030;25.08;0.031724;0.005388;-0.43380000;0.55920016;25.05;0.044097;0.004609
CW;939;350;350.00;140.00;50;-0.45394990;0.55829996;25.04;0.042131;0.009802;-0.44369992;0.55095010;25.04;0.033389;0.000557
CW;940;55;55.00;55.00;50;-0.43684990;0.56890004;25.05;0.042502;0.002383;-0.44150000;0.55955016;25.05;0.030022;0.007749
CW;941;70;70.00;15.00;50;-0.43554996;0.55855024;25.09;0.041025;0.001064;-0.43799984;0.55775004;25.03;0.032976;0.009324
CW;942;160;160.00;90.00;50;-0.43540000;0.56470008;25.04;0.033474;0.000232;-0.44894990;0.56160010;25.04;0.040872;0.010286
CCW;943;25;25.00;-135.00;50;-0.44339992;0.56135004;25.08;0.043723;0.005195;-0.43675000;0.56040020;25.06;0.029167;0.005454
CW;944;150;150.00;125.00;50;-0.44810000;0.55410004;25.06;0.034978;-0.000002;-0.44174992;0.55780020;25.06;0.041196;0.011003
CW;945;225;225.00;75.00;50;-0.43204992;0.56170004;25.07;0.030767;0.007449;-0.44155016;0.56805000;25.04;0.043716;0.003005
CCW;946;195;195.00;-30.00;50;-0.43605004;0.54820024;25.03;0.031230;0.003911;-0.43194990;0.55315008;25.03;0.043977;0.006711
CCW;947;135;135.00;-60.00;50;-0.43130000;0.55325000;25.04;0.034131;-0.000791;-0.43295000;0.56605008;25.02;0.039866;0.011467
CW;948;275;275.00;140.00;50;-0.44534984;0.56115000;25.03;0.035369;0.011995;-0.44854988;0.57060004;24.98;0.040669;-0.001125
CCW;949;245;245.00;-30.00;50;-0.44389996;0.56070008;25.00;0.031584;0.009363;-0.45065010;0.56009990;25.05;0.042166;0.001218
CCW;950;120;120.00;-125.00;50;-0.43714990;0.55870010;24.99;0.037444;-0.001133;-0.44220000;0.55870000;25.03;0.038123;0.011455
CCW;951;315;-45.00;-165.00;50;-0.44534996;0.56355008;25.01;0.040176;0.010786;-0.43000016;0.55805010;24.96;0.034143;-0.000500
CW;952;325;-35.00;10.00;50;-0.45434996;0.55664990;25.03;0.040483;0.011252;-0.43249992;0.55305010;25.05;0.035366;-0.000974
CW;953;10;10.00;45.00;50;-0.44354984;0.56105020;25.06;0.043967;0.007263;-0.43605012;0.55979990;25.05;0.031819;0.003235
CW;954;40;40.00;30.00;50;-0.43909988;0.54325020;25.03;0.042920;0.003572;-0.43159992;0.56000008;24.99;0.030410;0.006448
CCW;955;30;30.00;-10.00;50;-0.44904976;0.55435016;25.02;0.043818;0.004937;-0.45109996;0.55489992;24.99;0.031492;0.005425
CCW;956;345;-15.00;-45.00;50;-0.45034990;0.55980000;24.98;0.041765;0.009519;-0.44125000;0.55934996;24.99;0.033582;0.000491
CCW;957;230;-130.00;-115.00;50;-0.43614988;0.55205008;25.03;0.030298;0.007925;-0.43874990;0.57080020;24.98;0.043838;0.002747
CW;958;5;5.00;135.00;50;-0.43275000;0.55545016;25.04;0.042195;0.007886;-0.43865000;0.56310010;25.04;0.029639;0.002932
CW;959;170;170.00;165.00;50;-0.43844984;0.56219990;24.97;0.032319;0.001038;-0.43515012;0.55285000;24.95;0.042241;0.009404
CW;960;200;200.00;30.00;50;-0.44155000;0.57445000;24.97;0.031514;0.003821;-0.45049992;0.55249996;24.92;0.044294;0.006321
CCW;961;20;20.00;-180.00;50;-0.44050016;0.57750004;24.92;0.042964;0.006201;-0.43455000;0.55085004;24.95;0.031851;0.005017
CCW;962;310;-50.00;-70.00;50;-0.42695000;0.56900008;24.99;0.038281;0.011704;-0.44619992;0.56939996;24.89;0.035876;-0.001519
CCW;963;290;-70.00;-20.00;50;-0.44664984;0.55370000;24.95;0.036382;0.012153;-0.45109980;0.55904996;24.98;0.038528;-0.001218
CW;964;35;35.00;105.00;50;-0.44624988;0.55865010;24.89;0.043967;0.004502;-0.44535000;0.55799996;24.91;0.031235;0.005815
CW;965;80;80.00;45.00;50;-0.44434984;0.56460010;24.95;0.042019;-0.000195;-0.44034996;0.54550016;24.98;0.035620;0.010061
CCW;966;335;-25.00;-105.00;50;-0.44355010;0.55120010;24.93;0.041653;0.010706;-0.44044984;0.56270000;24.99;0.033408;0.000122
CW;967;0;0.00;25.00;50;-0.44109976;0.55035000;24.98;0.043408;0.007800;-0.43635000;0.55545016;24.97;0.031895;0.002114
CCW;968;285;-75.00;-75.00;50;-0.43330000;0.55869990;24.96;0.034299;0.012136;-0.44470000;0.56885020;24.96;0.037844;-0.001243
CW;969;305;-55.00;20.00;50;-0.45509996;0.56485004;24.95;0.038098;0.012073;-0.44679984;0.56504990;24.88;0.037527;-0.001270
CCW;970;220;-140.00;-85.00;50;-0.45379992;0.56504992;24.89;0.029941;0.006733;-0.45119990;0.56585016;24.94;0.043191;0.003523
CCW;971;90;-270.00;-130.00;50;-0.43655000;0.55985016;24.94;0.039905;-0.000525;-0.44444992;0.56600016;24.84;0.034282;0.010920
CW;972;110;-250.00;20.00;50;-0.44874990;0.55420010;24.83;0.041384;-0.001064;-0.45389984;0.55410020;24.84;0.036948;0.010710
CCW;973;60;-300.00;-50.00;50;-0.44374992;0.56965010;24.91;0.042581;0.001975;-0.43215008;0.57189990;24.94;0.033582;0.009360
CW;974;100;-260.00;40.00;50;-0.44849984;0.56610000;24.95;0.038464;-0.000957;-0.44295000;0.57280004;24.90;0.035061;0.011646
CW;975;215;-145.00;115.00;50;-0.44599992;0.57065016;24.92;0.029775;0.006729;-0.44669996;0.57500004;24.89;0.042812;0.004683
CCW;976;180;-180.00;-35.00;50;-0.44054992;0.56900010;24.94;0.030886;0.002649;-0.43860010;0.56770000;24.84;0.042358;0.008533
CW;977;205;-155.00;25.00;50;-0.44839990;0.56215008;24.88;0.029856;0.005574;-0.43900010;0.56060000;24.93;0.043293;0.006240
CW;978;320;-40.00;115.00;50;-0.43849990;0.56565030;24.89;0.039285;0.012034;-0.43925000;0.55885004;24.87;0.035405;-0.000671
CCW;979;165;-195.00;-155.00;50;-0.43184992;0.55580010;24.84;0.032346;0.001245;-0.43085012;0.56960016;24.89;0.041624;0.009973
CW;980;240;-120.00;75.00;50;-0.43195012;0.55745010;24.87;0.031499;0.009287;-0.44040004;0.56380010;24.91;0.042234;0.001963
CW;981;300;-60.00;60.00;50;-0.43975000;0.56175010;24.87;0.036204;0.011892;-0.43839996;0.55819990;24.88;0.037263;-0.001086
CW;982;330;-30.00;30.00;50;-0.43529990;0.58030004;24.92;0.041223;0.010889;-0.44025010;0.56249990;24.96;0.034653;0.000088
CW;983;105;105.00;135.00;50;-0.44529984;0.56660000;24.93;0.038438;-0.001116;-0.44240000;0.56885016;24.90;0.035725;0.011882
CCW;984;75;75.00;-30.00;50;-0.44634980;0.57675016;24.91;0.042576;0.000735;-0.44284988;0.56205004;24.90;0.032476;0.009917
CCW;985;340;-20.00;-95.00;50;-0.44410008;0.57330008;24.87;0.041272;0.010630;-0.42639996;0.56545000;24.86;0.033809;0.000620
CCW;986;255;-105.00;-85.00;50;-0.44144988;0.56030010;24.82;0.031338;0.010693;-0.45244992;0.56410010;24.82;0.042656;0.000598
CW;987;265;-95.00;10.00;50;-0.44340000;0.56519990;24.80;0.033359;0.010706;-0.44490012;0.57395030;24.80;0.040457;-0.000352
CW;988;270;-90.00;5.00;50;-0.44774980;0.55824996;24.82;0.034006;0.011343;-0.44255016;0.57474992;24.84;0.042129;-0.000254
CCW;989;250;-110.00;-20.00;50;-0.43355000;0.57430000;24.90;0.032148;0.010261;-0.43374984;0.56415004;24.85;0.042126;0.001255
CCW;990;155;-205.00;-95.00;50;-0.42350008;0.56330000;24.86;0.033152;0.000415;-0.45199984;0.56815004;24.82;0.041655;0.010610
CW;991;280;-80.00;125.00;50;-0.44180016;0.56090000;24.80;0.036521;0.011697;-0.44424988;0.56560016;24.84;0.037205;-0.000793
CCW;992;235;-125.00;-45.00;50;-0.43509996;0.56500010;24.87;0.030532;0.007908;-0.44859996;0.57190010;24.87;0.042991;0.002627
CCW;993;65;-295.00;-170.00;50;-0.44770000;0.57194984;24.82;0.041331;0.001694;-0.44270004;0.56140010;24.83;0.032649;0.009060
CW;994;185;-175.00;120.00;50;-0.43379990;0.57010010;24.78;0.031194;0.002725;-0.44015000;0.56690016;24.80;0.042629;0.008472
CCW;995;50;-310.00;-135.00;50;-0.45220008;0.56410000;24.82;0.042283;0.003479;-0.42685008;0.56269990;24.85;0.031123;0.007878
CW;996;115;-245.00;65.00;50;-0.43935000;0.56685010;24.85;0.037139;-0.001047;-0.44334992;0.56740016;24.85;0.036726;0.012163
CW;997;130;-230.00;15.00;50;-0.44844990;0.57170010;24.82;0.036042;-0.001292;-0.45180000;0.57080024;24.85;0.038035;0.011868
CCW;998;45;-315.00;-85.00;50;-0.44280000;0.56895010;24.80;0.043562;0.004011;-0.43959988;0.56730000;24.86;0.030977;0.007607
CCW;999;15;-345.00;-30.00;50;-0.44740010;0.56720008;24.82;0.041475;0.007256;-0.43330000;0.56320020;24.88;0.032031;0.003911
CCW;1000;260;-100.00;-100.00;50;-0.44384996;0.56255008;24.88;0.032512;0.011360;-0.43750010;0.57475008;24.86;0.041887;0.000500
CCW;1001;175;-185.00;-85.00;50;-0.44070016;0.57294990;24.88;0.031946;0.002068;-0.44479992;0.56435010;24.83;0.042178;0.009209
CW;1002;295;-65.00;120.00;50;-0.42830004;0.56630004;24.83;0.036587;0.012141;-0.43679990;0.57875016;24.83;0.038223;-0.001362
CW;1003;95;95.00;160.00;50;-0.43700012;0.58010020;24.80;0.041072;-0.000752;-0.44300000;0.55729984;24.82;0.035562;0.011343
CW;1004;145;145.00;50.00;50;-0.43540004;0.57240004;24.81;0.034441;-0.000332;-0.45050010;0.56920004;24.84;0.040339;0.010884
CCW;1005;125;125.00;-20.00;50;-0.42875004;0.57270000;24.82;0.036794;-0.001079;-0.44559990;0.55579996;24.80;0.039170;0.011943
CW;1006;190;190.00;65.00;50;-0.44599996;0.56860008;24.81;0.032610;0.002786;-0.43424990;0.57530004;24.83;0.043047;0.008030
CCW;1007;140;140.00;-50.00;50;-0.43885004;0.57555016;24.81;0.035674;-0.001316;-0.44390000;0.57140004;24.81;0.039492;0.011633
CCW;1008;355;-5.00;-145.00;50;-0.44545000;0.58230010;24.81;0.042878;0.009072;-0.43520000;0.57219992;24.80;0.033308;0.001182
CCW;1009;270;-90.00;-85.00;50;-0.44535004;0.56709990;24.82;0.034980;0.011458;-0.44529992;0.57575008;24.82;0.041541;0.000088
CCW;1010;180;-180.00;-90.00;50;-0.42724988;0.57495000;24.80;0.031616;0.002524;-0.44350010;0.55455020;24.80;0.043215;0.008618
CW;1011;220;-140.00;40.00;50;-0.43239992;0.56690000;24.80;0.031035;0.007012;-0.44824984;0.56865010;24.80;0.043347;0.004053
CCW;1012;160;-200.00;-60.00;50;-0.43419984;0.57365020;24.80;0.031843;0.001069;-0.44474984;0.56514996;24.80;0.041074;0.010242
CCW;1013;110;-250.00;-50.00;50;-0.43770000;0.57765010;24.82;0.038774;-0.000654;-0.45704992;0.56930030;24.82;0.037336;0.012219
CW;1014;175;-185.00;65.00;50;-0.43990000;0.56945000;24.80;0.032512;0.001729;-0.43665000;0.56579990;24.80;0.042537;0.009106
CW;1015;200;-160.00;25.00;50;-0.44709996;0.56870000;24.80;0.031067;0.004138;-0.44150000;0.56670004;24.80;0.043479;0.006628
CW;1016;335;-25.00;135.00;50;-0.44359996;0.57050000;24.80;0.042012;0.010950;-0.44604988;0.56980010;24.80;0.035566;-0.000186
CCW;1017;155;-205.00;-180.00;50;-0.43545010;0.57090010;24.80;0.033455;0.000564;-0.44834992;0.58019996;24.80;0.042251;0.010620
CCW;1018;145;-215.00;-10.00;50;-0.43525000;0.56930010;24.76;0.034314;-0.000276;-0.44054996;0.57975024;24.80;0.040781;0.011179
CW;1019;305;-55.00;160.00;50;-0.43090004;0.58024996;24.78;0.041194;0.011663;-0.43570004;0.57935000;24.78;0.040537;-0.000847
CW;1020;115;115.00;170.00;50;-0.43610004;0.57645000;24.79;0.037410;-0.000894;-0.44804984;0.58070016;24.80;0.037690;0.011589
CCW;1021;100;100.00;-15.00;50;-0.43099988;0.58840008;24.80;0.040381;-0.001003;-0.44079996;0.58390000;24.80;0.037292;0.011702
CCW;1022;340;-20.00;-120.00;50;-0.43850000;0.57925000;24.79;0.042539;0.010085;-0.43705010;0.57400000;24.80;0.033530;0.000288
CW;1023;105;105.00;125.00;50;-0.43640008;0.57130000;24.80;0.039851;-0.000940;-0.44674996;0.57960000;24.82;0.037942;0.011548
CW;1024;275;275.00;170.00;50;-0.44030010;0.57585010;24.80;0.035212;0.011038;-0.44110000;0.57925016;24.80;0.040344;-0.000630
CW;1025;10;370.00;95.00;50;-0.45319976;0.56855000;24.80;0.042129;0.007546;-0.43470000;0.56500020;24.80;0.033462;0.001558
CCW;1026;355;355.00;-15.00;50;-0.43925000;0.57455010;24.80;0.041890;0.009204;-0.44110000;0.58405020;24.80;0.033188;0.001064
CW;1027;55;55.00;55.00;50;-0.44899990;0.56775004;24.80;0.043738;0.002065;-0.43255000;0.56370010;24.80;0.032373;0.008438
CW;1028;230;230.00;175.00;50;-0.45149996;0.57380016;24.78;0.030229;0.007283;-0.44115000;0.59409990;24.78;0.042993;0.003069
CW;1029;330;330.00;100.00;50;-0.45279970;0.57065000;24.76;0.043064;0.010452;-0.43790010;0.56865020;24.72;0.036128;-0.000730
CCW;1030;165;165.00;-165.00;50;-0.43625000;0.57230016;24.78;0.032544;0.001077;-0.43039992;0.57465010;24.75;0.040874;0.010356
CW;1031;205;205.00;40.00;50;-0.42584988;0.57695000;24.79;0.030103;0.005181;-0.44140008;0.56610008;24.78;0.044167;0.006384
CCW;1032;95;95.00;-110.00;50;-0.43525004;0.57500000;24.79;0.040479;-0.000454;-0.44410000;0.57430008;24.79;0.034329;0.011284
CW;1033;265;265.00;170.00;50;-0.45024990;0.56485010;24.79;0.033486;0.010603;-0.43284976;0.58305000;24.79;0.042166;-0.000100
CW;1034;45;45.00;45.00;50;-0.43725004;0.57880000;24.73;0.044216;0.003848;-0.44075000;0.57650008;24.77;0.029250;0.007297
CW;1035;190;190.00;145.00;50;-0.44579996;0.57809996;24.76;0.031675;0.002627;-0.44390000;0.57130000;24.80;0.042822;0.007590
CCW;1036;15;15.00;-175.00;50;-0.44200000;0.58355030;24.75;0.043982;0.007651;-0.45485008;0.56880020;24.74;0.031965;0.003274
CCW;1037;215;-145.00;-160.00;50;-0.43079992;0.57090000;24.71;0.030161;0.005457;-0.45369984;0.57350016;24.71;0.042866;0.004922
CW;1038;245;-115.00;30.00;50;-0.43585000;0.57870000;24.68;0.032341;0.010225;-0.45199992;0.58145030;24.77;0.044280;0.001550
CW;1039;250;-110.00;5.00;50;-0.44560000;0.57155016;24.75;0.032053;0.010354;-0.45924990;0.57035010;24.77;0.041423;0.001416
CCW;1040;140;-220.00;-110.00;50;-0.43635004;0.56959990;24.72;0.034727;-0.000938;-0.44079996;0.56955004;24.75;0.038994;0.011792
CCW;1041;120;-240.00;-20.00;50;-0.43835016;0.58230000;24.75;0.037114;-0.000593;-0.43664990;0.57069992;24.74;0.037278;0.012891
CCW;1042;30;-330.00;-90.00;50;-0.44715000;0.56760024;24.78;0.043884;0.005361;-0.44485010;0.56855008;24.80;0.030796;0.004873
CW;1043;135;-225.00;105.00;50;-0.43754990;0.58075004;24.77;0.035771;-0.000422;-0.44335008;0.57215000;24.79;0.039128;0.011885
CCW;1044;35;-325.00;-100.00;50;-0.43445012;0.57540000;24.76;0.044771;0.004666;-0.43849996;0.56805000;24.76;0.026777;0.006606
CCW;1045;325;-395.00;-70.00;50;-0.43954996;0.57400008;24.70;0.039048;0.011392;-0.43295010;0.56215020;24.74;0.033779;-0.000227
CCW;1046;210;-150.00;-150.00;50;-0.44055000;0.56790010;24.76;0.030779;0.005542;-0.45129996;0.57650010;24.79;0.044773;0.005220
CW;1047;285;-75.00;75.00;50;-0.43709984;0.56275010;24.80;0.035837;0.012063;-0.44769992;0.57735000;24.80;0.039590;-0.001208
CW;1048;345;-15.00;60.00;50;-0.44079990;0.58395000;24.76;0.042502;0.009985;-0.43510000;0.57625000;24.76;0.037283;-0.000720
CCW;1049;295;-65.00;-50.00;50;-0.45224992;0.57395000;24.73;0.036294;0.011633;-0.43870000;0.57790010;24.75;0.037012;-0.001245
CCW;1050;235;-125.00;-60.00;50;-0.44035004;0.57240004;24.77;0.031685;0.008132;-0.42529990;0.58065000;24.79;0.042615;0.002720
CW;1051;290;-70.00;55.00;50;-0.44409996;0.56525000;24.69;0.035769;0.011614;-0.44195008;0.56625010;24.79;0.038538;-0.001199
CW;1052;310;-50.00;20.00;50;-0.44304988;0.57149990;24.78;0.038237;0.011892;-0.43139992;0.56365000;24.76;0.036672;-0.001267
CW;1053;70;70.00;120.00;50;-0.43540004;0.57440020;24.79;0.041570;0.001357;-0.44434992;0.57405000;24.78;0.032437;0.008501
CCW;1054;300;-60.00;-130.00;50;-0.43830004;0.56520024;24.79;0.037390;0.012534;-0.42324992;0.56680010;24.80;0.037920;-0.000679
CCW;1055;170;-190.00;-130.00;50;-0.44474992;0.57985016;24.79;0.032468;0.001621;-0.43470000;0.57735000;24.80;0.042251;0.010225
CCW;1056;60;-300.00;-110.00;50;-0.45349996;0.57495010;24.74;0.043132;0.002310;-0.43804996;0.57610010;24.76;0.031509;0.008948
CCW;1057;260;-100.00;-100.00;50;-0.43045000;0.56154990;24.78;0.032930;0.010842;-0.44340000;0.57120010;24.75;0.042148;0.000359
CW;1058;350;-10.00;90.00;50;-0.44324996;0.56860000;24.80;0.041882;0.009712;-0.43245008;0.57800000;24.79;0.033188;0.001362
CCW;1059;255;-105.00;-95.00;50;-0.43870008;0.56470010;24.77;0.032390;0.010205;-0.43735000;0.57045000;24.78;0.042844;0.000820
CCW;1060;90;-270.00;-165.00;50;-0.45079984;0.56614996;24.76;0.038059;0.001316;-0.43470000;0.57275004;24.75;0.032837;0.011792
CCW;1061;50;-310.00;-40.00;50;-0.43610000;0.58180016;24.79;0.042598;0.003872;-0.42999996;0.57845000;24.77;0.031479;0.007676
CCW;1062;25;-335.00;-25.00;50;-0.44374988;0.58040004;24.78;0.043088;0.006865;-0.43939996;0.56975000;24.80;0.031648;0.005562
CCW;1063;0;-360.00;-25.00;50;-0.44455010;0.57134990;24.75;0.042222;0.009583;-0.43975010;0.57630000;24.77;0.031575;0.002607
CW;1064;125;-235.00;125.00;50;-0.43660000;0.57020020;24.70;0.035549;-0.000881;-0.45934980;0.56320000;24.80;0.037078;0.011855
CW;1065;240;-120.00;115.00;50;-0.43950004;0.56995004;24.80;0.032346;0.009390;-0.43445008;0.56650008;24.78;0.043340;0.001814
CW;1066;40;40.00;160.00;50;-0.43230016;0.56455000;24.77;0.044861;0.004631;-0.43125012;0.57130000;24.80;0.031387;0.006091
CW;1067;85;85.00;45.00;50;-0.44280008;0.57740010;24.80;0.042878;-0.000520;-0.44634992;0.56785008;24.80;0.034534;0.011294
CW;1068;225;225.00;140.00;50;-0.42529988;0.57065004;24.75;0.033315;0.006782;-0.42944976;0.57825010;24.80;0.044021;0.003467
CW;1069;20;380.00;155.00;50;-0.43795000;0.57560000;24.77;0.045181;0.007056;-0.44609992;0.57515000;24.79;0.032656;0.003630
CW;1070;130;130.00;130.00;50;-0.42985000;0.57624996;24.79;0.036599;0.000317;-0.44944996;0.57590000;24.79;0.038250;0.011602
CCW;1071;75;75.00;-55.00;50;-0.44134996;0.57665016;24.77;0.041458;0.001372;-0.43075000;0.56360000;24.72;0.032434;0.010066
CW;1072;195;195.00;120.00;50;-0.44104992;0.57669976;24.77;0.028022;0.003806;-0.44205000;0.57675000;24.78;0.042556;0.007744
CW;1073;315;315.00;120.00;50;-0.43250000;0.56350004;24.71;0.039839;0.011899;-0.43300000;0.57300000;24.77;0.038047;-0.001069
CCW;1074;185;185.00;-130.00;50;-0.43850000;0.58065004;24.78;0.032029;0.002791;-0.44070000;0.57560016;24.78;0.043923;0.008848
CCW;1075;150;150.00;-35.00;50;-0.43730010;0.57960010;24.78;0.033489;0.000293;-0.44529976;0.57685000;24.77;0.038911;0.011497
CCW;1076;80;80.00;-70.00;50;-0.43920016;0.57895010;24.80;0.042737;-0.000161;-0.43785000;0.56500020;24.80;0.032532;0.010903
CCW;1077;65;65.00;-15.00;50;-0.44469992;0.57910016;24.77;0.042285;0.002368;-0.43545000;0.58385010;24.77;0.031699;0.009971
CCW;1078;280;-80.00;-145.00;50;-0.43435012;0.57440008;24.73;0.034268;0.012617;-0.42550008;0.57615000;24.75;0.040388;-0.000496
CW;1079;5;5.00;85.00;50;-0.44809992;0.57450000;24.69;0.043789;0.008608;-0.43880000;0.57259992;24.77;0.032683;0.002527
CCW;1080;320;-40.00;-45.00;50;-0.44089988;0.57955020;24.72;0.039121;0.011812;-0.42905004;0.57225008;24.75;0.036804;-0.000776
CW;1081;80;80.00;120.00;50;-0.44029988;0.57610000;24.72;0.041877;0.000215;-0.44334992;0.57095010;24.71;0.032800;0.010518
CW;1082;210;210.00;130.00;50;-0.43349992;0.57575010;24.73;0.031497;0.005220;-0.43544996;0.58125020;24.73;0.044397;0.005347
CCW;1083;95;95.00;-115.00;50;-0.43835000;0.58445008;24.76;0.040479;-0.000498;-0.43830010;0.58295000;24.76;0.035376;0.010879
CW;1084;130;130.00;35.00;50;-0.43195004;0.58630010;24.77;0.036477;-0.000933;-0.44384996;0.56740004;24.71;0.038315;0.012258
CCW;1085;55;55.00;-75.00;50;-0.43969984;0.58390010;24.75;0.043774;0.002830;-0.43725000;0.58704996;24.74;0.032104;0.007690
CW;1086;180;180.00;125.00;50;-0.44284992;0.57380016;24.73;0.031221;0.002214;-0.45894990;0.57690000;24.74;0.042600;0.008721
CW;1087;260;260.00;80.00;50;-0.42944992;0.57615008;24.77;0.032629;0.010566;-0.43515008;0.58515000;24.78;0.042681;0.001003
CW;1088;340;340.00;80.00;50;-0.43520000;0.56855016;24.80;0.041072;0.010483;-0.43640000;0.58180016;24.76;0.034805;0.000005
CCW;1089;285;285.00;-55.00;50;-0.43734992;0.58939992;24.80;0.036855;0.011392;-0.44330010;0.58835008;24.79;0.039841;-0.000061
CCW;1090;185;185.00;-100.00;50;-0.43949996;0.58420000;24.79;0.032756;0.002744;-0.43705012;0.59319990;24.78;0.043870;0.008796
CCW;1091;120;120.00;-65.00;50;-0.44614996;0.58599996;24.69;0.037334;-0.000466;-0.44194988;0.58805000;24.75;0.038440;0.012222
CCW;1092;60;60.00;-60.00;50;-0.43970000;0.58330010;24.77;0.044788;0.002039;-0.44065000;0.57205016;24.76;0.031357;0.008064
CCW;1093;295;-65.00;-125.00;50;-0.45355000;0.58105010;24.69;0.036440;0.012273;-0.44829992;0.57525010;24.73;0.038459;-0.001196
CCW;1094;280;-80.00;-15.00;50;-0.44160016;0.57235024;24.74;0.035442;0.011389;-0.43650020;0.57920000;24.77;0.039402;-0.000789
CW;1095;65;65.00;145.00;50;-0.45309980;0.58045008;24.71;0.042512;0.000908;-0.43189992;0.55640010;24.67;0.030132;0.009036
CW;1096;90;90.00;25.00;50;-0.44710000;0.59634996;24.67;0.041870;-0.001003;-0.43510010;0.58465000;24.67;0.036350;0.010618
CCW;1097;0;0.00;-90.00;50;-0.44324992;0.56730000;24.71;0.043538;0.008550;-0.44184990;0.58699990;24.69;0.031394;0.001809
CCW;1098;230;-130.00;-130.00;50;-0.43760010;0.57430010;24.72;0.031394;0.007715;-0.43935012;0.57135000;24.70;0.043225;0.003281
CCW;1099;175;-185.00;-55.00;50;-0.43554996;0.58000016;24.76;0.031223;0.001843;-0.45059990;0.58055000;24.64;0.042666;0.009985
CCW;1100;170;-190.00;-5.00;50;-0.44035012;0.57850010;24.71;0.031577;0.001370;-0.43619990;0.58555008;24.73;0.041558;0.009534
CCW;1101;30;-330.00;-140.00;50;-0.43160008;0.58100016;24.76;0.043545;0.005903;-0.42519996;0.57370024;24.77;0.031047;0.005483
CCW;1102;240;-120.00;-120.00;50;-0.42535004;0.58080000;24.70;0.031418;0.008838;-0.44564984;0.57104990;24.68;0.042930;0.002354
CCW;1103;195;-165.00;-45.00;50;-0.44434996;0.57345000;24.76;0.029619;0.004021;-0.44665000;0.57710004;24.77;0.043201;0.007429
CW;1104;310;-50.00;115.00;50;-0.44760000;0.57144992;24.73;0.037930;0.012637;-0.42870000;0.57210016;24.73;0.036926;-0.001033
CCW;1105;250;-110.00;-60.00;50;-0.44859996;0.57835008;24.74;0.032527;0.010107;-0.43545000;0.58595000;24.74;0.042852;0.001533
CCW;1106;205;-155.00;-45.00;50;-0.44619996;0.58565020;24.67;0.030112;0.005024;-0.43665010;0.58760000;24.68;0.045034;0.006365
CW;1107;275;-85.00;70.00;50;-0.43680000;0.57524990;24.76;0.035649;0.011423;-0.43930000;0.57835010;24.74;0.040808;-0.000435
CW;1108;50;50.00;135.00;50;-0.44674992;0.58245016;24.68;0.042673;0.003589;-0.44054996;0.57505000;24.72;0.031863;0.008254
CW;1109;225;225.00;175.00;50;-0.43825000;0.57180008;24.68;0.032368;0.006489;-0.43830004;0.58440010;24.73;0.044084;0.003828
CW;1110;315;315.00;90.00;50;-0.44384992;0.57560000;24.80;0.040142;0.011543;-0.44310008;0.58575010;24.74;0.037031;-0.001323
CW;1111;350;350.00;35.00;50;-0.44024996;0.58145010;24.68;0.042258;0.009458;-0.42509988;0.58380010;24.68;0.034419;0.000190
CW;1112;35;395.00;45.00;50;-0.44050010;0.57745000;24.67;0.044219;0.005159;-0.44250000;0.56190010;24.76;0.031570;0.004944
CW;1113;140;140.00;140.00;50;-0.43954996;0.57360020;24.64;0.036260;-0.000957;-0.43929996;0.56859992;24.67;0.040859;0.011428
CW;1114;265;265.00;125.00;50;-0.43530000;0.58690000;24.70;0.033281;0.010969;-0.44840008;0.58814996;24.64;0.042097;0.000315
CCW;1115;150;150.00;-115.00;50;-0.44580000;0.57395010;24.65;0.034399;-0.000481;-0.44164984;0.57944990;24.68;0.041821;0.011147
CCW;1116;135;135.00;-15.00;50;-0.43170004;0.57610008;24.65;0.034150;-0.000945;-0.44815008;0.57930000;24.61;0.040242;0.011792
CW;1117;190;190.00;55.00;50;-0.43255000;0.57415000;24.68;0.032517;0.002737;-0.44935000;0.57345010;24.61;0.044443;0.007976
CCW;1118;25;25.00;-165.00;50;-0.45404992;0.58170010;24.65;0.043301;0.005735;-0.44450010;0.58280016;24.69;0.032241;0.004558
CCW;1119;330;-30.00;-55.00;50;-0.44244988;0.58495000;24.67;0.040042;0.010959;-0.43299996;0.57560000;24.71;0.034202;-0.000654
CW;1120;10;10.00;40.00;50;-0.43574992;0.57260020;24.68;0.043562;0.007578;-0.44984992;0.57145000;24.66;0.031741;0.002771
CW;1121;70;70.00;60.00;50;-0.43649984;0.58615004;24.68;0.042703;0.001125;-0.45134984;0.57425000;24.65;0.033591;0.009065
CCW;1122;15;15.00;-55.00;50;-0.44659992;0.58015010;24.68;0.044429;0.007292;-0.43605000;0.56965008;24.66;0.032524;0.003850
CCW;1123;270;-90.00;-105.00;50;-0.43645010;0.56940010;24.70;0.034578;0.011387;-0.43535000;0.58814996;24.65;0.041206;0.000522
CCW;1124;145;-215.00;-125.00;50;-0.43769990;0.57430008;24.66;0.034092;-0.000203;-0.44494996;0.57175004;24.70;0.040583;0.012161
CW;1125;235;-125.00;90.00;50;-0.44609992;0.55894992;24.71;0.031116;0.008142;-0.44949996;0.57655008;24.71;0.042969;0.002932
CCW;1126;220;-140.00;-15.00;50;-0.44594996;0.57395008;24.72;0.031460;0.006836;-0.43154990;0.57120020;24.73;0.043767;0.004465
CW;1127;290;-70.00;70.00;50;-0.44529996;0.58030010;24.69;0.036536;0.012007;-0.43910010;0.58030010;24.70;0.038828;-0.000964
CCW;1128;215;-145.00;-75.00;50;-0.43600000;0.57715016;24.73;0.029604;0.006667;-0.43570016;0.59240000;24.71;0.043643;0.004849
CW;1129;320;-40.00;105.00;50;-0.43935000;0.57880016;24.73;0.040989;0.011909;-0.43744984;0.58625008;24.66;0.036956;-0.001084
CCW;1130;305;-55.00;-15.00;50;-0.45195008;0.57604976;24.66;0.037927;0.012285;-0.43055008;0.57460004;24.68;0.038435;-0.000847
CW;1131;40;40.00;95.00;50;-0.43959984;0.58635000;24.68;0.044072;0.004714;-0.44989996;0.56345000;24.67;0.032017;0.006719
CCW;1132;300;-60.00;-100.00;50;-0.44759992;0.57930010;24.67;0.036973;0.011902;-0.43500004;0.57790040;24.66;0.038560;-0.000898
CW;1133;20;20.00;80.00;50;-0.44769996;0.58739984;24.64;0.044182;0.006956;-0.43624990;0.57190000;24.71;0.030093;0.004724
CW;1134;160;160.00;140.00;50;-0.43660004;0.58759992;24.66;0.034180;0.000186;-0.44819988;0.58060000;24.71;0.041951;0.009883
CCW;1135;5;5.00;-155.00;50;-0.44049996;0.58030010;24.67;0.042949;0.008545;-0.43905000;0.59489980;24.72;0.032014;0.002390
CCW;1136;345;-15.00;-20.00;50;-0.43735012;0.57850020;24.66;0.038682;0.010771;-0.44010000;0.57629996;24.64;0.031245;0.001104
CCW;1137;255;-105.00;-90.00;50;-0.44124988;0.58385016;24.66;0.033821;0.010435;-0.42214990;0.59405010;24.70;0.043389;0.000513
CCW;1138;245;-115.00;-10.00;50;-0.42954990;0.58060000;24.69;0.032356;0.008933;-0.44569992;0.57955016;24.67;0.043027;0.001965
CCW;1139;110;-250.00;-135.00;50;-0.43825004;0.58915010;24.65;0.037778;-0.000771;-0.44464996;0.59080010;24.60;0.036348;0.012273
CW;1140;165;-195.00;55.00;50;-0.43754990;0.58385010;24.65;0.033435;0.001970;-0.44490000;0.57254990;24.60;0.040100;0.009636
CW;1141;325;-35.00;160.00;50;-0.43269992;0.59164992;24.63;0.040288;0.011653;-0.43715004;0.57770016;24.68;0.034526;-0.000142
CW;1142;335;-25.00;10.00;50;-0.43540000;0.58529990;24.63;0.041453;0.010928;-0.43534990;0.57450000;24.61;0.034675;0.000049
CW;1143;75;75.00;100.00;50;-0.43485000;0.58870000;24.65;0.042542;0.001230;-0.43015008;0.59119992;24.60;0.031353;0.009976
CW;1144;125;125.00;50.00;50;-0.42624996;0.57895016;24.60;0.036506;-0.000342;-0.44674996;0.58015000;24.62;0.040090;0.011797
CCW;1145;100;100.00;-25.00;50;-0.43655000;0.59114984;24.63;0.037756;0.000178;-0.43939996;0.59209996;24.61;0.036689;0.012793
CW;1146;200;200.00;100.00;50;-0.43419990;0.57680030;24.63;0.032588;0.004121;-0.44025000;0.58185000;24.60;0.044534;0.006646
CW;1147;355;355.00;155.00;50;-0.44769996;0.58119992;24.65;0.042439;0.009351;-0.43870008;0.58349996;24.62;0.034558;0.000884
CW;1148;45;45.00;45.00;50;-0.44569992;0.58630010;24.65;0.043621;0.003867;-0.43745016;0.57900010;24.69;0.030352;0.007505
CW;1149;85;85.00;40.00;50;-0.43390004;0.58605000;24.63;0.041404;-0.000103;-0.43925000;0.57420016;24.60;0.034607;0.010981
CW;1150;115;115.00;30.00;50;-0.43874988;0.57705016;24.60;0.038445;-0.001042;-0.44235000;0.58785000;24.60;0.037141;0.012097
CW;1151;155;155.00;40.00;50;-0.43319990;0.57585000;24.64;0.034365;0.000574;-0.43890008;0.58185010;24.60;0.042427;0.011191
CCW;1152;105;105.00;-50.00;50;-0.43869990;0.58910008;24.60;0.038850;-0.000432;-0.44145000;0.58420016;24.61;0.036624;0.011765
CCW;1153;45;45.00;-60.00;50;-0.44454996;0.57955016;24.60;0.043137;0.003857;-0.43295000;0.57265000;24.65;0.030796;0.007668
CW;1154;70;70.00;25.00;50;-0.45229996;0.59054976;24.65;0.042329;0.000962;-0.43595000;0.56884984;24.71;0.031877;0.009460
CCW;1155;15;15.00;-55.00;50;-0.43365004;0.58760010;24.69;0.043850;0.007361;-0.43465004;0.57295010;24.67;0.031919;0.003569
CW;1156;155;155.00;140.00;50;-0.44334980;0.58065020;24.70;0.033721;0.000532;-0.43755000;0.58724992;24.66;0.041389;0.010654
CW;1157;200;200.00;45.00;50;-0.42584992;0.57749990;24.67;0.029868;0.004302;-0.43969996;0.59099990;24.69;0.044519;0.006865
CCW;1158;90;90.00;-110.00;50;-0.44165004;0.58965000;24.71;0.041428;-0.000176;-0.43940000;0.57459990;24.65;0.034761;0.011851
CW;1159;130;130.00;40.00;50;-0.43415004;0.57740000;24.67;0.036421;-0.000869;-0.44179996;0.57180000;24.61;0.038765;0.012014
CW;1160;275;275.00;145.00;50;-0.44209980;0.58105010;24.73;0.035784;0.011711;-0.43369990;0.58140016;24.71;0.042395;0.000105
CW;1161;305;305.00;30.00;50;-0.44784988;0.58010010;24.71;0.039514;0.012000;-0.43505000;0.57930004;24.65;0.039224;-0.001519
CCW;1162;135;135.00;-170.00;50;-0.43575010;0.57845000;24.66;0.035747;-0.000786;-0.44864990;0.57990000;24.60;0.039243;0.012070
CW;1163;175;175.00;40.00;50;-0.42714996;0.57360008;24.64;0.031448;0.001941;-0.44424988;0.57805000;24.63;0.043682;0.009375
CCW;1164;85;85.00;-90.00;50;-0.43680024;0.57955000;24.61;0.040486;-0.000010;-0.43120000;0.57949996;24.63;0.032461;0.011382
CW;1165;220;220.00;135.00;50;-0.43425016;0.58485016;24.61;0.030291;0.006399;-0.44015000;0.57925004;24.60;0.044419;0.004043
CW;1166;255;255.00;35.00;50;-0.43490004;0.57680016;24.60;0.032053;0.010198;-0.43950010;0.58159990;24.60;0.043870;0.001326
CW;1167;35;395.00;140.00;50;-0.43895016;0.57985016;24.66;0.044167;0.005076;-0.44919976;0.57560010;24.60;0.032249;0.004822
CCW;1168;195;-165.00;-165.00;50;-0.44789984;0.58105016;24.62;0.030610;0.004263;-0.43680000;0.57600010;24.61;0.043660;0.007649
CW;1169;315;-45.00;120.00;50;-0.44400000;0.56715020;24.61;0.039131;0.012314;-0.43580004;0.59085000;24.65;0.035640;-0.001035
CCW;1170;215;-145.00;-100.00;50;-0.44415008;0.55950000;24.62;0.029583;0.006741;-0.43114990;0.57190000;24.60;0.043645;0.005098
CW;1171;355;-5.00;140.00;50;-0.46029984;0.58605010;24.62;0.043372;0.009365;-0.43879996;0.57614992;24.60;0.034065;0.001506
CCW;1172;240;-120.00;-115.00;50;-0.43614996;0.56790020;24.60;0.031570;0.009221;-0.42849988;0.57460000;24.64;0.043149;0.002192
CW;1173;345;-15.00;105.00;50;-0.44154996;0.57480010;24.60;0.042427;0.009854;-0.43625004;0.57995016;24.59;0.032888;0.000598
CCW;1174;265;-95.00;-80.00;50;-0.43414990;0.57770016;24.60;0.032864;0.010833;-0.44219990;0.57990000;24.65;0.041316;0.000249
CCW;1175;260;-100.00;-5.00;50;-0.44685010;0.57205016;24.71;0.033008;0.010989;-0.43930016;0.58889980;24.72;0.042534;0.000098
CW;1176;25;25.00;125.00;50;-0.42865016;0.58615000;24.68;0.045715;0.007000;-0.45179980;0.57300010;24.61;0.035317;0.004670
CW;1177;30;30.00;5.00;50;-0.44185000;0.58065016;24.61;0.044509;0.005869;-0.43365016;0.58914990;24.60;0.031167;0.005095
CCW;1178;0;0.00;-30.00;50;-0.43910004;0.57680010;24.67;0.042903;0.009121;-0.43975000;0.57805024;24.67;0.032786;0.002258
CCW;1179;340;-20.00;-20.00;50;-0.43595004;0.58940008;24.61;0.040889;0.009976;-0.44249988;0.58530010;24.69;0.035989;0.000085
CW;1180;65;65.00;85.00;50;-0.44524992;0.57735000;24.68;0.043435;0.001182;-0.43225000;0.58609984;24.74;0.033530;0.009321
CCW;1181;10;10.00;-55.00;50;-0.43390000;0.57839990;24.63;0.044075;0.007888;-0.42809980;0.57860000;24.60;0.031750;0.003054
CCW;1182;225;-135.00;-145.00;50;-0.43855000;0.58375024;24.61;0.031384;0.007539;-0.43995008;0.57875000;24.62;0.044617;0.003555
CW;1183;290;-70.00;65.00;50;-0.45789990;0.57590016;24.60;0.035305;0.012654;-0.43765008;0.58440000;24.66;0.039324;-0.001396
CW;1184;80;80.00;150.00;50;-0.44509992;0.58465000;24.63;0.040635;0.000466;-0.44180000;0.57440000;24.60;0.034246;0.010491
CCW;1185;40;40.00;-40.00;50;-0.45829992;0.57025004;24.66;0.042583;0.005288;-0.43875000;0.57855010;24.60;0.032471;0.008342
CW;1186;50;50.00;10.00;50;-0.44150000;0.57205004;24.60;0.042820;0.003750;-0.44660000;0.57745004;24.66;0.032642;0.007969
CCW;1187;20;20.00;-30.00;50;-0.44709980;0.58625000;24.62;0.043582;0.006614;-0.43430000;0.56830020;24.61;0.031384;0.004333
CCW;1188;205;-155.00;-175.00;50;-0.43739984;0.57685010;24.63;0.033101;0.005588;-0.42589992;0.58015000;24.63;0.043376;0.006926
CCW;1189;55;-305.00;-150.00;50;-0.42705000;0.58390020;24.61;0.043411;0.003530;-0.44059984;0.57910000;24.59;0.030750;0.009143
CCW;1190;285;-75.00;-75.00;50;-0.43604996;0.57350020;24.60;0.036177;0.012158;-0.45334990;0.58375000;24.60;0.040569;-0.000911
CCW;1191;235;-125.00;-50.00;50;-0.44359984;0.57610008;24.60;0.031226;0.008311;-0.43555010;0.58205010;24.62;0.043406;0.003215
CW;1192;320;-40.00;85.00;50;-0.43529990;0.57960010;24.60;0.039370;0.011428;-0.43899984;0.58610000;24.60;0.035640;-0.000703
CCW;1193;300;-60.00;-20.00;50;-0.43905000;0.58260008;24.60;0.038401;0.012029;-0.44404992;0.58395000;24.60;0.037722;-0.001172
CW;1194;60;60.00;120.00;50;-0.43835000;0.58684990;24.62;0.041765;0.002747;-0.43195000;0.57560000;24.60;0.033040;0.008992
CW;1195;75;75.00;15.00;50;-0.43115000;0.58160024;24.60;0.041021;0.000916;-0.43915010;0.57805010;24.60;0.033291;0.010186
CCW;1196;330;-30.00;-105.00;50;-0.45494996;0.57170010;24.60;0.040830;0.011057;-0.44225000;0.56699990;24.61;0.034880;0.000024
CCW;1197;325;-35.00;-5.00;50;-0.43285012;0.58754990;24.60;0.041943;0.011746;-0.43334996;0.58215010;24.60;0.034395;-0.001086
CCW;1198;230;-130.00;-95.00;50;-0.43144984;0.58750010;24.60;0.030745;0.008003;-0.44439992;0.56920010;24.60;0.044043;0.003074
CCW;1199;125;-235.00;-105.00;50;-0.43464996;0.58430000;24.60;0.037249;-0.001011;-0.44089988;0.58095010;24.60;0.037864;0.012170
CCW;1200;110;-250.00;-15.00;50;-0.43630000;0.57845000;24.60;0.038835;-0.000234;-0.44760000;0.57090000;24.60;0.036904;0.012039
CW;1201;120;-240.00;10.00;50;-0.43120000;0.58085000;24.60;0.037070;-0.000142;-0.44774984;0.57925004;24.60;0.037888;0.012065
CW;1202;250;-110.00;130.00;50;-0.43359992;0.58865000;24.60;0.032385;0.010171;-0.43924988;0.58460016;24.61;0.042881;0.001472
CCW;1203;115;-245.00;-135.00;50;-0.44734980;0.57955000;24.60;0.037769;-0.001140;-0.44355000;0.58550000;24.60;0.036567;0.012900
CCW;1204;335;-385.00;-140.00;50;-0.43595000;0.57890000;24.58;0.041086;0.010891;-0.43504992;0.59674990;24.60;0.034329;0.000386
CCW;1205;270;-90.00;-90.00;50;-0.43424996;0.57315004;24.60;0.035530;0.011438;-0.44024984;0.58520010;24.66;0.041553;0.000181
CCW;1206;140;-220.00;-130.00;50;-0.43469990;0.58860000;24.63;0.034900;-0.000415;-0.44605004;0.57975010;24.60;0.038843;0.011826
CW;1207;160;-200.00;20.00;50;-0.43644996;0.59119992;24.59;0.033496;0.000737;-0.43990000;0.58699996;24.60;0.041587;0.010276
CW;1208;210;-150.00;50.00;50;-0.42740004;0.58599996;24.60;0.029653;0.005771;-0.44335000;0.58579992;24.60;0.044541;0.005811
CW;1209;295;-65.00;85.00;50;-0.43290008;0.57549996;24.60;0.037314;0.011987;-0.43735000;0.59119980;24.60;0.038904;-0.001028
CW;1210;105;105.00;170.00;50;-0.44225000;0.58570016;24.60;0.041006;-0.000784;-0.44015000;0.58245010;24.60;0.038333;0.011526
CW;1211;185;185.00;80.00;50;-0.42750000;0.58780010;24.60;0.031917;0.002981;-0.44394996;0.58989996;24.60;0.043660;0.008438
CCW;1212;150;150.00;-35.00;50;-0.44299996;0.57975000;24.60;0.033203;0.000261;-0.44020010;0.57130010;24.60;0.041067;0.010891
CCW;1213;350;-10.00;-160.00;50;-0.43695000;0.58624970;24.62;0.042610;0.009922;-0.43954996;0.57465004;24.60;0.032856;0.000894
CCW;1214;180;-180.00;-170.00;50;-0.43469990;0.57980010;24.64;0.031309;0.002424;-0.43064984;0.58305010;24.61;0.042610;0.009343
CCW;1215;5;-355.00;-175.00;50;-0.44319992;0.58859990;24.60;0.043201;0.009082;-0.43679996;0.57400000;24.60;0.031050;0.003064
CW;1216;100;-260.00;95.00;50;-0.43809996;0.57430000;24.62;0.038894;-0.000159;-0.44544992;0.58849984;24.60;0.033071;0.012280
CW;1217;170;-190.00;70.00;50;-0.43080000;0.57490000;24.58;0.032837;0.001235;-0.44264996;0.56690000;24.60;0.042112;0.009949
CCW;1218;95;-265.00;-75.00;50;-0.44005000;0.58545000;24.64;0.040400;0.000024;-0.43525012;0.56185000;24.60;0.033081;0.011985
CW;1219;245;-115.00;150.00;50;-0.42510004;0.58120000;24.60;0.031384;0.009185;-0.43564990;0.57935008;24.60;0.042505;0.002358
CW;1220;310;-50.00;65.00;50;-0.43505000;0.57765010;24.60;0.038604;0.012102;-0.43700000;0.56989990;24.60;0.036997;-0.000957
CCW;1221;165;-195.00;-145.00;50;-0.43895004;0.58765010;24.60;0.032317;0.001230;-0.44274984;0.57299996;24.60;0.041951;0.010073
CW;1222;190;-170.00;25.00;50;-0.44339996;0.58080000;24.60;0.031221;0.003274;-0.44759980;0.57880016;24.60;0.042878;0.008794
CCW;1223;145;-215.00;-45.00;50;-0.43905000;0.57310016;24.60;0.035405;-0.000449;-0.44404992;0.58174984;24.61;0.040149;0.011606
CW;1224;280;-80.00;135.00;50;-0.44169990;0.58054996;24.60;0.034302;0.012434;-0.44120000;0.57420016;24.60;0.040068;-0.000500
CCW;1225;260;-100.00;-20.00;50;-0.44115000;0.57525000;24.60;0.033013;0.010483;-0.43765010;0.58705010;24.60;0.043076;0.000886
CW;1226;345;-15.00;85.00;50;-0.43795010;0.57500004;24.60;0.041362;0.009866;-0.44069984;0.58340000;24.62;0.033987;0.000696
CCW;1227;205;-155.00;-140.00;50;-0.42520004;0.59489990;24.60;0.029167;0.004873;-0.43740010;0.56475016;24.60;0.044919;0.006736
CW;1228;355;-5.00;150.00;50;-0.44949996;0.59495000;24.60;0.043269;0.008918;-0.42980008;0.58690008;24.61;0.032869;0.001719
CW;1229;5;5.00;10.00;50;-0.44689984;0.58380000;24.62;0.041721;0.008833;-0.45299984;0.57795020;24.60;0.030930;0.001909
CW;1230;115;115.00;110.00;50;-0.44799996;0.59074990;24.59;0.038499;-0.000566;-0.44584996;0.57295008;24.59;0.036343;0.012080
CCW;1231;350;-10.00;-125.00;50;-0.44784992;0.58060000;24.57;0.042114;0.010005;-0.43555016;0.57700016;24.60;0.033608;0.000820
CW;1232;55;55.00;65.00;50;-0.44520000;0.57839990;24.60;0.042559;0.003508;-0.43654988;0.57610020;24.60;0.033035;0.008601
CW;1233;120;120.00;65.00;50;-0.43419992;0.57850004;24.60;0.037937;-0.000854;-0.45335008;0.57145008;24.60;0.039070;0.011997
CW;1234;140;140.00;20.00;50;-0.44064990;0.58839992;24.60;0.037473;-0.000110;-0.42560016;0.58620008;24.60;0.040486;0.012432
CCW;1235;70;70.00;-70.00;50;-0.44395000;0.58110020;24.60;0.042422;0.001746;-0.42899988;0.57390000;24.60;0.033027;0.009663
CW;1236;165;165.00;95.00;50;-0.44154990;0.58449996;24.60;0.034348;0.000872;-0.44170000;0.58425010;24.60;0.041548;0.010889
CCW;1237;65;65.00;-100.00;50;-0.43620000;0.57840010;24.60;0.040923;0.002312;-0.44119990;0.57105004;24.60;0.030938;0.008804
CW;1238;95;95.00;30.00;50;-0.44424992;0.58415010;24.60;0.039583;-0.000691;-0.44290008;0.57760010;24.60;0.034338;0.012000
CCW;1239;280;-80.00;-175.00;50;-0.43775010;0.56170010;24.60;0.034873;0.011243;-0.43815004;0.58220000;24.62;0.041658;-0.001348
CCW;1240;195;-165.00;-85.00;50;-0.44599984;0.58935016;24.60;0.030872;0.003813;-0.44459984;0.58560000;24.60;0.043672;0.007637
CW;1241;300;-60.00;105.00;50;-0.45465004;0.57800000;24.60;0.037925;0.012815;-0.44569992;0.58199996;24.60;0.039272;-0.001746
CCW;1242;125;-235.00;-175.00;50;-0.44060004;0.58205016;24.60;0.036084;-0.000996;-0.43650000;0.58949996;24.60;0.038362;0.011992
CW;1243;235;-125.00;110.00;50;-0.43920000;0.58495004;24.58;0.031929;0.008315;-0.44475000;0.57060004;24.60;0.043645;0.003042
CCW;1244;105;-255.00;-130.00;50;-0.44069992;0.58059996;24.60;0.038887;-0.000662;-0.43704996;0.57350000;24.58;0.035522;0.011846
CW;1245;240;-120.00;135.00;50;-0.43160004;0.57085000;24.60;0.032280;0.008970;-0.44304996;0.58165000;24.60;0.043625;0.002488
CW;1246;50;50.00;170.00;50;-0.42970004;0.57264996;24.60;0.044714;0.003054;-0.43025016;0.59815020;24.60;0.036970;0.006770
CW;1247;130;130.00;80.00;50;-0.42534992;0.58225010;24.56;0.037815;-0.001279;-0.44325008;0.57995010;24.60;0.038843;0.012498
CW;1248;290;290.00;160.00;50;-0.43440010;0.58970000;24.58;0.035964;0.011633;-0.43334996;0.58085000;24.57;0.039768;-0.000945
CCW;1249;215;215.00;-75.00;50;-0.44240012;0.57894984;24.60;0.032185;0.006333;-0.43489992;0.58540004;24.60;0.044070;0.005361
CW;1250;15;375.00;160.00;50;-0.43745000;0.57565004;24.60;0.044419;0.007444;-0.42109984;0.58185008;24.60;0.032510;0.002998
CW;1251;30;390.00;15.00;50;-0.43554988;0.58035010;24.61;0.045146;0.005757;-0.45264996;0.57425004;24.60;0.031592;0.004739
CW;1252;145;145.00;145.00;50;-0.43640004;0.57514996;24.60;0.036155;-0.000635;-0.44225000;0.58560010;24.60;0.039871;0.011377
CCW;1253;330;-30.00;-175.00;50;-0.44744984;0.57605016;24.59;0.041118;0.011213;-0.43130000;0.58399990;24.57;0.035334;-0.000310
CW;1254;90;90.00;120.00;50;-0.44340008;0.58215000;24.55;0.040320;0.000144;-0.44595008;0.57920000;24.57;0.034187;0.011191
CW;1255;175;175.00;85.00;50;-0.46034980;0.57900010;24.59;0.032471;0.001497;-0.44065000;0.58540000;24.58;0.043027;0.009514
CW;1256;230;230.00;55.00;50;-0.44284984;0.57170016;24.59;0.032651;0.007583;-0.45914996;0.59010010;24.55;0.043960;0.004661
CW;1257;25;385.00;155.00;50;-0.44435000;0.58650000;24.60;0.044946;0.006235;-0.44455000;0.57635016;24.60;0.031892;0.003801
CCW;1258;305;305.00;-80.00;50;-0.43749984;0.57370020;24.60;0.038896;0.012292;-0.43519992;0.58610000;24.60;0.038757;-0.001091
CCW;1259;200;200.00;-105.00;50;-0.42845016;0.58015010;24.60;0.032224;0.004746;-0.44015000;0.58300000;24.56;0.043647;0.007351
CCW;1260;40;40.00;-160.00;50;-0.44379980;0.59274984;24.60;0.043423;0.004368;-0.44310008;0.58360016;24.60;0.030981;0.006484
CW;1261;110;110.00;70.00;50;-0.45224980;0.58675000;24.60;0.037729;-0.000740;-0.44589996;0.58349990;24.62;0.036509;0.012205
CW;1262;185;185.00;75.00;50;-0.44125016;0.57110008;24.60;0.032185;0.002778;-0.43445004;0.59944992;24.60;0.043352;0.009063
CW;1263;320;320.00;135.00;50;-0.43310004;0.57589996;24.59;0.038982;0.012043;-0.44365008;0.59180000;24.59;0.035886;-0.000598
CW;1264;135;135.00;135.00;50;-0.43910010;0.57670020;24.60;0.036418;-0.000757;-0.43605008;0.57770024;24.58;0.039333;0.012205
CCW;1265;35;35.00;-100.00;50;-0.44044984;0.57839996;24.58;0.044128;0.005518;-0.43080000;0.57770000;24.58;0.030974;0.006101
CCW;1266;0;0.00;-35.00;50;-0.43415000;0.59139990;24.59;0.043567;0.009126;-0.43800000;0.58025000;24.58;0.031956;0.002727
CCW;1267;270;-90.00;-90.00;50;-0.43640008;0.57585020;24.60;0.031743;0.011895;-0.43864984;0.58205016;24.60;0.039988;0.000129
CCW;1268;255;-105.00;-15.00;50;-0.43775004;0.57900020;24.58;0.031890;0.010740;-0.44174988;0.58690010;24.60;0.041411;0.001504
CCW;1269;190;-170.00;-65.00;50;-0.43325004;0.57570020;24.56;0.030579;0.003542;-0.43470004;0.56950000;24.58;0.042876;0.008596
CCW;1270;160;-200.00;-30.00;50;-0.43589988;0.57820000;24.60;0.031562;0.001255;-0.44844980;0.57170020;24.58;0.041763;0.010706
CCW;1271;85;-275.00;-75.00;50;-0.43960010;0.57574992;24.59;0.041570;0.000144;-0.44074984;0.57370012;24.60;0.033169;0.011411
CCW;1272;275;-85.00;-85.00;50;-0.45539990;0.58420016;24.60;0.035417;0.010977;-0.44374996;0.57955010;24.59;0.039805;-0.000215
CW;1273;75;75.00;160.00;50;-0.44155000;0.57055010;24.60;0.040864;0.000498;-0.44769990;0.58500010;24.60;0.032295;0.009885
CW;1274;220;220.00;145.00;50;-0.43775000;0.57760000;24.60;0.032583;0.006184;-0.43520000;0.58720004;24.60;0.044377;0.004978
CCW;1275;180;180.00;-40.00;50;-0.44969980;0.57975008;24.60;0.032302;0.002205;-0.44760008;0.58940008;24.60;0.042949;0.008818
CCW;1276;20;20.00;-160.00;50;-0.44514992;0.57550020;24.58;0.044216;0.007266;-0.44275000;0.57175016;24.56;0.032024;0.004016
CCW;1277;310;-50.00;-70.00;50;-0.45584992;0.58059996;24.60;0.038257;0.012207;-0.44794992;0.59354984;24.60;0.037026;-0.000586
CCW;1278;155;-205.00;-155.00;50;-0.43760000;0.57760000;24.60;0.033035;0.000405;-0.44534988;0.57100004;24.60;0.042332;0.011150
CW;1279;325;-35.00;170.00;50;-0.45819996;0.58470010;24.61;0.040024;0.011499;-0.44405012;0.59005010;24.60;0.034355;-0.000161
CW;1280;10;10.00;45.00;50;-0.44989990;0.57435000;24.60;0.042937;0.007427;-0.44384992;0.57760008;24.58;0.032500;0.002634
CW;1281;60;60.00;50.00;50;-0.44029988;0.59054992;24.60;0.044167;0.001982;-0.44635000;0.56595010;24.59;0.032495;0.008550
CW;1282;225;225.00;165.00;50;-0.43650000;0.58914996;24.60;0.031196;0.006965;-0.44624988;0.58020000;24.60;0.044119;0.004172
CCW;1283;100;100.00;-125.00;50;-0.44479992;0.59954990;24.60;0.040459;-0.000825;-0.43679988;0.57675004;24.60;0.034729;0.011653
CCW;1284;45;45.00;-55.00;50;-0.44219990;0.58345016;24.56;0.044087;0.004177;-0.43409980;0.58175010;24.60;0.032166;0.007014
CCW;1285;250;-110.00;-155.00;50;-0.44074984;0.57449984;24.57;0.032734;0.010164;-0.45539990;0.57885004;24.59;0.042600;0.001760
CCW;1286;245;-115.00;-5.00;50;-0.44199996;0.58090000;24.60;0.031763;0.009380;-0.44764992;0.57895000;24.59;0.042854;0.002173
CCW;1287;210;-150.00;-35.00;50;-0.44434992;0.58695000;24.59;0.029272;0.005686;-0.45164980;0.58305010;24.58;0.044058;0.005903
CCW;1288;170;-190.00;-40.00;50;-0.44524992;0.57200000;24.55;0.032864;0.002051;-0.44635000;0.58050000;24.59;0.041697;0.010623
CW;1289;340;-20.00;170.00;50;-0.44689992;0.58804992;24.60;0.041833;0.011001;-0.44229988;0.58575010;24.58;0.033271;0.000994
CCW;1290;295;-65.00;-45.00;50;-0.44990008;0.57590016;24.56;0.036001;0.012012;-0.43515000;0.58035010;24.55;0.038787;-0.000332
CCW;1291;285;-75.00;-10.00;50;-0.42735004;0.58345016;24.50;0.035842;0.011528;-0.43785010;0.59605000;24.57;0.040962;-0.000872
CCW;1292;150;-210.00;-135.00;50;-0.43540010;0.59114990;24.60;0.034399;-0.000168;-0.44914980;0.58280016;24.56;0.040801;0.011250
CW;1293;265;-95.00;115.00;50;-0.43845012;0.57470010;24.60;0.034475;0.011140;-0.44160000;0.58160000;24.57;0.042776;0.000442
CW;1294;315;-45.00;50.00;50;-0.44045000;0.58115000;24.53;0.039036;0.011890;-0.43630000;0.57935020;24.55;0.036226;-0.001104
CW;1295;335;-25.00;20.00;50;-0.43825004;0.58559996;24.57;0.041199;0.010811;-0.44210000;0.57325000;24.57;0.034170;0.000027
CW;1296;80;80.00;105.00;50;-0.44964992;0.58165000;24.60;0.042949;0.000881;-0.44034988;0.57810000;24.59;0.034058;0.010503
CW;1297;135;135.00;55.00;50;-0.43945010;0.57835010;24.55;0.035835;-0.000310;-0.45149984;0.59169980;24.59;0.039783;0.011995
CCW;1298;50;50.00;-85.00;50;-0.44024996;0.59309980;24.59;0.044126;0.003662;-0.43940024;0.57450016;24.59;0.031416;0.007590
CCW;1299;275;-85.00;-135.00;50;-0.44574996;0.57820004;24.60;0.033301;0.012410;-0.43760000;0.57785010;24.60;0.040039;0.000259
CW;1300;35;35.00;120.00;50;-0.44679992;0.58204996;24.60;0.044087;0.005378;-0.43405004;0.58055020;24.60;0.031467;0.006377
CW;1301;190;190.00;155.00;50;-0.45070016;0.57950010;24.60;0.032588;0.002883;-0.44010000;0.58844996;24.60;0.043542;0.007869
CW;1302;315;315.00;125.00;50;-0.43990010;0.58535010;24.60;0.039551;0.012358;-0.43465000;0.59589992;24.61;0.038816;-0.001384
CW;1303;20;380.00;65.00;50;-0.44724996;0.59499990;24.60;0.043857;0.006899;-0.43470004;0.57850000;24.60;0.032803;0.003242
CW;1304;70;70.00;70.00;50;-0.44039992;0.58774996;24.60;0.043584;0.001499;-0.44499996;0.58829990;24.60;0.034536;0.009114
CCW;1305;320;-40.00;-110.00;50;-0.44680000;0.57385010;24.53;0.040793;0.012034;-0.44284996;0.59739996;24.60;0.034717;-0.000313
CCW;1306;195;-165.00;-125.00;50;-0.44094984;0.59034980;24.60;0.031702;0.004126;-0.45009984;0.57019996;24.60;0.044253;0.007605
CCW;1307;170;-190.00;-25.00;50;-0.43269992;0.58685000;24.60;0.032830;0.000996;-0.44665000;0.59074984;24.60;0.040959;0.010173
CW;1308;325;-35.00;155.00;50;-0.44444984;0.57525016;24.60;0.040896;0.011729;-0.43345000;0.59119980;24.60;0.036167;-0.000642
CW;1309;125;125.00;160.00;50;-0.43680000;0.58190010;24.60;0.037529;-0.000913;-0.44979992;0.58210004;24.60;0.037786;0.012297
CCW;1310;85;85.00;-40.00;50;-0.43464996;0.58944992;24.60;0.040913;0.000320;-0.45154996;0.58100016;24.60;0.034419;0.011108
CCW;1311;345;-15.00;-100.00;50;-0.43759996;0.58025000;24.60;0.042302;0.010608;-0.44934996;0.58919996;24.60;0.034329;0.000652
CCW;1312;215;-145.00;-130.00;50;-0.43884988;0.57870010;24.60;0.031208;0.006011;-0.43964972;0.58844990;24.60;0.043901;0.005454
CCW;1313;110;-250.00;-105.00;50;-0.43815004;0.59269980;24.59;0.037949;-0.000776;-0.44584988;0.57490004;24.60;0.036462;0.012463
CCW;1314;305;-55.00;-55.00;50;-0.45059990;0.57715000;24.59;0.038694;0.012212;-0.43564996;0.58954980;24.59;0.037815;-0.000942
CCW;1315;175;-185.00;-130.00;50;-0.44515000;0.58155000;24.58;0.031938;0.001838;-0.44030016;0.59214990;24.60;0.042261;0.009871
CCW;1316;355;-365.00;-180.00;50;-0.45384990;0.58514992;24.57;0.042100;0.010210;-0.44624984;0.58245010;24.60;0.032429;0.001968
CW;1317;30;-330.00;35.00;50;-0.45114990;0.58015000;24.58;0.043967;0.005752;-0.44374988;0.58230008;24.60;0.031143;0.005427
CW;1318;205;-155.00;175.00;50;-0.44600000;0.58935000;24.55;0.030090;0.004849;-0.43419992;0.58270000;24.59;0.043511;0.006738
CW;1319;335;-25.00;130.00;50;-0.44299996;0.58140010;24.60;0.040225;0.011125;-0.43510000;0.59129996;24.60;0.035259;-0.000088
CW;1320;5;5.00;30.00;50;-0.44475000;0.58964990;24.58;0.042612;0.008066;-0.44029988;0.57840010;24.60;0.029272;0.001824
CW;1321;165;165.00;160.00;50;-0.44885000;0.57295000;24.60;0.033892;0.000496;-0.43289990;0.59319980;24.60;0.041836;0.010571
CCW;1322;105;105.00;-60.00;50;-0.44420008;0.59185000;24.60;0.039417;-0.000857;-0.45245000;0.58070010;24.60;0.035688;0.011833
CCW;1323;90;90.00;-15.00;50;-0.44530000;0.58060016;24.60;0.040879;-0.000369;-0.44159988;0.58335008;24.62;0.033098;0.011177
CW;1324;200;200.00;110.00;50;-0.44024996;0.57930004;24.60;0.031355;0.004043;-0.44815008;0.59090000;24.59;0.044368;0.006824
CW;1325;285;285.00;85.00;50;-0.44144996;0.59014980;24.57;0.037842;0.011821;-0.44235010;0.58914984;24.60;0.041680;-0.000671
CW;1326;340;340.00;55.00;50;-0.44460000;0.58025010;24.54;0.041990;0.010334;-0.44889992;0.57934992;24.51;0.035479;0.000103
CCW;1327;290;290.00;-50.00;50;-0.44214996;0.58545010;24.57;0.036367;0.012090;-0.44010010;0.58754990;24.57;0.040662;-0.001516
CW;1328;55;55.00;55.00;50;-0.44324996;0.59244996;24.60;0.043906;0.003022;-0.43155004;0.58839976;24.60;0.031384;0.008069
CCW;1329;235;-125.00;-180.00;50;-0.44034996;0.57610020;24.58;0.031941;0.008838;-0.44205000;0.58710010;24.60;0.044236;0.002395
CW;1330;250;-110.00;15.00;50;-0.43559984;0.57894980;24.60;0.032810;0.009749;-0.43734990;0.58410000;24.60;0.043044;0.001853
CW;1331;310;-50.00;60.00;50;-0.43939990;0.58015000;24.54;0.037778;0.012327;-0.44554980;0.58855000;24.60;0.036697;-0.000869
CCW;1332;180;-180.00;-130.00;50;-0.42974988;0.58199984;24.58;0.031501;0.003101;-0.44245000;0.57570004;24.57;0.042612;0.009414
CW;1333;265;-95.00;85.00;50;-0.44524984;0.57829992;24.57;0.033955;0.011450;-0.44574980;0.59294980;24.60;0.041453;0.000190
CCW;1334;255;-105.00;-10.00;50;-0.44165000;0.58045010;24.59;0.033174;0.010198;-0.44949996;0.60985000;24.57;0.041799;0.001331
CCW;1335;130;-230.00;-125.00;50;-0.43209988;0.58275010;24.53;0.037031;-0.000947;-0.42490008;0.58655020;24.52;0.038792;0.012000
CW;1336;220;-140.00;90.00;50;-0.43954996;0.58689990;24.49;0.030376;0.006602;-0.44125000;0.60064990;24.52;0.043901;0.004409
CCW;1337;45;-315.00;-175.00;50;-0.44330000;0.59259990;24.47;0.043259;0.004221;-0.42974992;0.58620010;24.48;0.030808;0.007192
CW;1338;150;-210.00;105.00;50;-0.42915004;0.58944992;24.52;0.033384;0.000042;-0.44294990;0.58115000;24.58;0.041887;0.011384
CCW;1339;145;-215.00;-5.00;50;-0.44029990;0.58704996;24.58;0.035437;-0.000110;-0.43790000;0.59634990;24.60;0.040879;0.012078
CW;1340;300;-60.00;155.00;50;-0.44715004;0.57544992;24.51;0.037664;0.012512;-0.44119988;0.58580010;24.54;0.038457;-0.000657
CW;1341;15;15.00;75.00;50;-0.43885012;0.59444990;24.46;0.044402;0.007898;-0.43795010;0.57475008;24.49;0.030532;0.003501
CCW;1342;350;-10.00;-25.00;50;-0.44155000;0.58050010;24.45;0.042390;0.009924;-0.43580000;0.58840000;24.50;0.033767;0.001218
CW;1343;155;155.00;165.00;50;-0.43879996;0.58530010;24.47;0.033289;0.000259;-0.43949976;0.59034990;24.54;0.041450;0.011375
CCW;1344;120;120.00;-35.00;50;-0.44320000;0.58640000;24.55;0.038999;-0.000989;-0.45094990;0.56575020;24.50;0.040063;0.011702
CW;1345;280;280.00;160.00;50;-0.44524996;0.58975008;24.47;0.035867;0.011895;-0.43935004;0.60190004;24.54;0.042847;-0.000598
CCW;1346;245;245.00;-35.00;50;-0.44160000;0.58875010;24.56;0.032900;0.009646;-0.44565000;0.58120000;24.57;0.045610;0.001973
CCW;1347;80;80.00;-165.00;50;-0.44730000;0.56995004;24.54;0.043135;0.000713;-0.44044996;0.57780010;24.53;0.034966;0.010361
CW;1348;100;100.00;20.00;50;-0.43425012;0.58989984;24.57;0.039280;-0.000632;-0.44614992;0.58115020;24.60;0.037107;0.011553
CW;1349;270;270.00;170.00;50;-0.44599992;0.57485010;24.54;0.035161;0.011028;-0.44285000;0.58989996;24.55;0.042197;0.000127
CW;1350;295;295.00;25.00;50;-0.43874996;0.59354990;24.53;0.038870;0.011265;-0.43565010;0.58305000;24.51;0.038528;-0.001001
CCW;1351;230;230.00;-65.00;50;-0.44824992;0.58120008;24.57;0.030386;0.007725;-0.43855004;0.59849990;24.54;0.042988;0.003645
CCW;1352;95;95.00;-135.00;50;-0.42870000;0.61135000;24.51;0.040486;-0.000718;-0.43560004;0.59215000;24.55;0.034707;0.010220
CW;1353;115;115.00;20.00;50;-0.44330000;0.59039980;24.51;0.038735;-0.001563;-0.45130000;0.59384996;24.51;0.036511;0.011721
CCW;1354;330;-30.00;-145.00;50;-0.44909980;0.59110010;24.51;0.040803;0.011826;-0.43614988;0.58849996;24.52;0.034316;-0.000090
CW;1355;0;0.00;30.00;50;-0.43615000;0.59460010;24.54;0.042732;0.008428;-0.44344992;0.58470000;24.57;0.031592;0.002161
CW;1356;65;65.00;65.00;50;-0.45189984;0.59899976;24.52;0.042759;0.001379;-0.44920012;0.57510010;24.45;0.033250;0.009209
CW;1357;160;160.00;95.00;50;-0.42975000;0.59434990;24.53;0.032688;0.001370;-0.45834980;0.59249990;24.54;0.042305;0.010916
CCW;1358;140;140.00;-20.00;50;-0.43064992;0.58194984;24.52;0.035105;-0.000916;-0.45074980;0.59114990;24.56;0.041084;0.011746
CW;1359;260;260.00;120.00;50;-0.43739984;0.58889990;24.56;0.031208;0.010774;-0.44779996;0.60159990;24.55;0.043396;0.000894
CW;1360;10;370.00;110.00;50;-0.44654980;0.59904990;24.56;0.043037;0.008242;-0.44164988;0.59574980;24.55;0.034536;0.002219
CW;1361;40;400.00;30.00;50;-0.45404990;0.59794990;24.55;0.044548;0.004700;-0.44334992;0.58285004;24.51;0.031968;0.005708
CW;1362;60;60.00;60.00;50;-0.43805004;0.58734990;24.53;0.042917;0.002649;-0.43284996;0.58619992;24.56;0.032512;0.008223
CCW;1363;240;-120.00;-180.00;50;-0.43715000;0.58884984;24.53;0.031790;0.009180;-0.43850000;0.58984990;24.56;0.043113;0.002417
CCW;1364;210;-150.00;-30.00;50;-0.43474996;0.58974990;24.51;0.029910;0.005620;-0.43639990;0.59045004;24.59;0.045125;0.005447
CW;1365;225;-135.00;15.00;50;-0.44045000;0.58699990;24.58;0.030225;0.007200;-0.43784990;0.59299992;24.55;0.044463;0.004319
CCW;1366;185;-175.00;-40.00;50;-0.43795004;0.58425004;24.60;0.031687;0.002400;-0.44690008;0.59320000;24.55;0.042666;0.009031
CCW;1367;25;-335.00;-160.00;50;-0.45289992;0.58684990;24.52;0.043411;0.006692;-0.44339992;0.60235000;24.55;0.030715;0.005171
CW;1368;75;-285.00;50.00;50;-0.44375008;0.58779980;24.49;0.041814;0.001089;-0.44465016;0.58305016;24.50;0.032317;0.010371
CW;1369;115;-245.00;40.00;50;-0.44634996;0.58839992;24.49;0.037573;-0.000632;-0.44189988;0.59434984;24.53;0.036328;0.012798
CCW;1370;340;-380.00;-135.00;50;-0.44189990;0.59149984;24.51;0.040557;0.010730;-0.44344996;0.58874992;24.57;0.033767;0.000710
CCW;1371;185;-175.00;-175.00;50;-0.44615000;0.58480000;24.57;0.032087;0.002437;-0.43084988;0.59329990;24.57;0.043040;0.008545
CCW;1372;55;-305.00;-130.00;50;-0.44144996;0.58480008;24.55;0.043599;0.002859;-0.44540012;0.58600020;24.57;0.030691;0.008242
CW;1373;180;-180.00;125.00;50;-0.43615000;0.58860000;24.53;0.030852;0.002412;-0.45015000;0.58639990;24.56;0.043025;0.009124
CW;1374;265;-95.00;85.00;50;-0.43225016;0.58264990;24.55;0.037769;0.011824;-0.43225004;0.59919990;24.56;0.042188;-0.000476
CW;1375;330;-30.00;65.00;50;-0.44504996;0.58779984;24.58;0.040686;0.011172;-0.44045008;0.59715016;24.59;0.033936;-0.000178
CCW;1376;205;-155.00;-125.00;50;-0.44325010;0.58900004;24.56;0.031362;0.004988;-0.44060000;0.59304992;24.53;0.043994;0.006467
CW;1377;285;-75.00;80.00;50;-0.44329990;0.58100016;24.53;0.035085;0.012026;-0.44439992;0.59184990;24.52;0.040098;-0.000527
CCW;1378;200;-160.00;-85.00;50;-0.44400000;0.58140004;24.55;0.031213;0.004927;-0.44249996;0.58665000;24.58;0.044250;0.006868
CCW;1379;20;-340.00;-180.00;50;-0.45004996;0.57885004;24.60;0.043201;0.007317;-0.44529992;0.58170016;24.56;0.032358;0.004194
CW;1380;60;-300.00;40.00;50;-0.44520008;0.58669984;24.55;0.043936;0.002075;-0.43605000;0.60160008;24.57;0.033066;0.008635
CW;1381;80;-280.00;20.00;50;-0.43435004;0.59979992;24.56;0.041675;0.000618;-0.43935004;0.58250010;24.50;0.033977;0.010605
CCW;1382;10;-350.00;-70.00;50;-0.44934992;0.58335000;24.54;0.042258;0.009414;-0.43490000;0.59615004;24.54;0.031951;0.002998
CCW;1383;215;-145.00;-145.00;50;-0.43885000;0.58865004;24.60;0.031023;0.005754;-0.44884970;0.58614980;24.56;0.043999;0.005610
CW;1384;220;-140.00;5.00;50;-0.43590016;0.58759990;24.54;0.030872;0.006755;-0.43744990;0.59350010;24.50;0.044719;0.005378
CW;1385;260;-100.00;40.00;50;-0.44509992;0.57365010;24.52;0.034797;0.010574;-0.43039992;0.58735010;24.60;0.041858;0.000901
CCW;1386;125;-235.00;-135.00;50;-0.43700010;0.59049992;24.47;0.036733;-0.000261;-0.45324990;0.57839996;24.54;0.037861;0.012351
CCW;1387;315;-45.00;-45.00;50;-0.44924984;0.58540010;24.51;0.041084;0.012351;-0.44344988;0.58735010;24.56;0.036548;-0.000806
CW;1388;30;30.00;75.00;50;-0.44619996;0.59539984;24.55;0.044800;0.005959;-0.44824992;0.59955000;24.49;0.030679;0.005825
CCW;1389;290;-70.00;-100.00;50;-0.44095004;0.58975008;24.56;0.037246;0.012187;-0.44164992;0.60099990;24.54;0.040476;-0.000691
CCW;1390;130;-230.00;-160.00;50;-0.44329990;0.60379990;24.50;0.036855;-0.000869;-0.45434988;0.59774992;24.55;0.039099;0.012437
CW;1391;225;-135.00;95.00;50;-0.44089988;0.57875000;24.56;0.029814;0.007346;-0.43919980;0.60934996;24.51;0.043955;0.004014
CW;1392;345;-15.00;120.00;50;-0.44535000;0.59710020;24.46;0.042476;0.010364;-0.43605004;0.59464984;24.46;0.034285;0.001057
CW;1393;110;110.00;125.00;50;-0.44710000;0.59340008;24.53;0.039353;-0.000630;-0.43655000;0.60024990;24.43;0.036987;0.012490
CW;1394;145;145.00;35.00;50;-0.44739980;0.61279992;24.36;0.035442;-0.000044;-0.43065000;0.61029990;24.40;0.041848;0.011790
CW;1395;245;245.00;100.00;50;-0.44129990;0.60629992;24.39;0.032998;0.009531;-0.44389992;0.61895008;24.30;0.044839;0.002212
CCW;1396;65;65.00;-180.00;50;-0.44089996;0.59755000;24.28;0.047239;0.001985;-0.44295000;0.60764990;24.22;0.033718;0.010298
CCW;1397;5;5.00;-60.00;50;-0.45429980;0.61394996;24.15;0.044504;0.008313;-0.44994992;0.61579984;24.06;0.032996;0.003767
CW;1398;50;50.00;45.00;50;-0.44174992;0.62670004;24.00;0.043379;0.004204;-0.44080000;0.61319992;23.99;0.031458;0.008652
CCW;1399;25;25.00;-25.00;50;-0.44679992;0.61605000;23.88;0.045059;0.006309;-0.45064996;0.60929990;23.80;0.030833;0.005920
CW;1400;105;105.00;80.00;50;-0.44564984;0.64235000;23.80;0.039124;0.000117;-0.44634992;0.62805000;23.77;0.038010;0.012522
CW;1401;230;230.00;125.00;50;-0.44229992;0.64129990;23.67;0.032476;0.008901;-0.45469992;0.63934990;23.66;0.044851;0.003713
CW;1402;300;300.00;70.00;50;-0.46309984;0.62929992;23.54;0.041228;0.012615;-0.45074968;0.63954990;23.50;0.040757;-0.000198
CW;1403;70;70.00;70.00;50;-0.46434990;0.63944996;23.50;0.045732;0.001360;-0.44969996;0.64245004;23.50;0.033848;0.010522
CCW;1404;0;0.00;-70.00;50;-0.45079980;0.64765000;23.46;0.043577;0.009741;-0.44374992;0.64005000;23.47;0.032668;0.003269
CW;1405;140;140.00;140.00;50;-0.45429990;0.64405000;23.36;0.037112;0.000444;-0.44420000;0.64784980;23.30;0.042834;0.012344
CCW;1406;100;100.00;-40.00;50;-0.44994992;0.66214990;23.32;0.041062;0.000349;-0.44920008;0.65350010;23.30;0.037517;0.012427
CCW;1407;350;-10.00;-110.00;50;-0.45974992;0.64389990;23.30;0.044402;0.010410;-0.44744984;0.66464990;23.25;0.033022;0.002217
CCW;1408;175;-185.00;-175.00;50;-0.44924996;0.65519980;23.26;0.034990;0.003459;-0.45164990;0.66945000;23.23;0.043818;0.010212
CW;1409;195;-165.00;20.00;50;-0.46025000;0.66595000;23.13;0.033582;0.005491;-0.44329984;0.66185000;23.12;0.045830;0.008010
CW;1410;275;-85.00;80.00;50;-0.45634988;0.65665000;23.14;0.037061;0.012898;-0.44519984;0.67285016;23.08;0.042358;0.000381
CCW;1411;250;-110.00;-25.00;50;-0.44699984;0.67895016;23.03;0.033369;0.011423;-0.45155008;0.66600000;23.00;0.045703;0.002231
CW;1412;310;-50.00;60.00;50;-0.45234980;0.67215000;23.00;0.040281;0.013347;-0.44345000;0.67320024;23.00;0.039639;0.000344
CW;1413;325;-35.00;15.00;50;-0.46199992;0.67245010;23.00;0.042710;0.012397;-0.44779996;0.67045004;22.96;0.037668;0.000583
CCW;1414;305;-55.00;-20.00;50;-0.45534990;0.67600024;22.96;0.039558;0.013562;-0.44549988;0.67800000;22.95;0.039348;0.000593
CW;1415;40;40.00;95.00;50;-0.45319992;0.68505016;22.88;0.046384;0.005894;-0.46149988;0.67900010;22.88;0.034495;0.008306
CW;1416;85;85.00;45.00;50;-0.45739988;0.68655010;22.80;0.044158;0.001665;-0.46594984;0.69160020;22.80;0.036296;0.012107
CCW;1417;280;-80.00;-165.00;50;-0.45459990;0.69260020;22.78;0.037827;0.013298;-0.45614988;0.69340000;22.80;0.043486;0.000615
CCW;1418;210;-150.00;-70.00;50;-0.44825008;0.68984984;22.72;0.032693;0.008118;-0.45399992;0.68885000;22.71;0.046501;0.007083
CCW;1419;90;-270.00;-120.00;50;-0.44305004;0.69335000;22.64;0.042070;0.001721;-0.46539990;0.68440030;22.66;0.037566;0.012886
CCW;1420;15;-345.00;-75.00;50;-0.44739990;0.69375000;22.59;0.045981;0.009519;-0.45724980;0.70440030;22.55;0.033765;0.005779
CW;1421;160;-200.00;145.00;50;-0.45184980;0.70115030;22.50;0.036099;0.002869;-0.45824988;0.69550016;22.50;0.043621;0.011936
CCW;1422;35;-325.00;-125.00;50;-0.45249996;0.68725016;22.50;0.045806;0.007236;-0.45624992;0.69995016;22.49;0.033193;0.008374
CW;1423;75;-285.00;40.00;50;-0.45209970;0.70145016;22.46;0.043923;0.002666;-0.46079988;0.70265030;22.37;0.035884;0.012268
CCW;1424;295;-65.00;-65.00;50;-0.45959988;0.71114992;22.31;0.038784;0.014463;-0.45764990;0.71369980;22.34;0.042227;0.001284
CCW;1425;165;-195.00;-130.00;50;-0.45864988;0.71060010;22.30;0.035212;0.003389;-0.46114988;0.71289984;22.29;0.044663;0.011648
CCW;1426;135;-225.00;-30.00;50;-0.44935000;0.71660008;22.26;0.038196;0.001978;-0.45374990;0.71015008;22.25;0.042512;0.014041
CW;1427;240;-120.00;105.00;50;-0.45389976;0.70215016;22.25;0.032859;0.011555;-0.44394996;0.71919984;22.25;0.044963;0.004250
CCW;1428;155;-205.00;-85.00;50;-0.45499992;0.71945000;22.19;0.034956;0.002668;-0.45519996;0.71705000;22.17;0.043638;0.012803
CW;1429;270;-90.00;115.00;50;-0.45349992;0.72680000;22.18;0.042776;0.013167;-0.46079980;0.71784990;22.14;0.046357;0.001646
CCW;1430;255;-105.00;-15.00;50;-0.45055004;0.71240000;22.16;0.036548;0.012534;-0.46189980;0.72589960;22.12;0.045581;0.002856
CCW;1431;150;-210.00;-105.00;50;-0.45909980;0.71850020;22.10;0.036335;0.002542;-0.45689988;0.71710000;22.06;0.043767;0.013333
CCW;1432;95;-265.00;-55.00;50;-0.45429996;0.72369984;22.01;0.042419;0.002039;-0.46259984;0.71524980;22.03;0.036328;0.013933
CCW;1433;335;-385.00;-120.00;50;-0.45669976;0.72919990;22.04;0.042915;0.013303;-0.45104972;0.72389960;22.01;0.037258;0.002344
CCW;1434;190;-170.00;-170.00;50;-0.45714990;0.73209984;22.02;0.034436;0.006040;-0.45374990;0.73064990;22.03;0.046790;0.009927
CW;1435;320;-40.00;130.00;50;-0.46169988;0.73384990;22.00;0.043547;0.013674;-0.45739980;0.72135010;22.00;0.039207;0.001438
CCW;1436;170;-190.00;-150.00;50;-0.46134980;0.72654970;21.99;0.035432;0.003984;-0.45439988;0.73360000;21.94;0.045593;0.011702
CCW;1437;120;-240.00;-50.00;50;-0.45524992;0.73405000;21.95;0.039668;0.001912;-0.45494990;0.73520010;21.96;0.041089;0.014402
CW;1438;235;-125.00;115.00;50;-0.46399988;0.72879980;21.95;0.034890;0.011174;-0.45344990;0.74034992;21.92;0.046355;0.004834
CW;1439;355;-5.00;120.00;50;-0.45809980;0.73569990;21.99;0.046965;0.010955;-0.46379984;0.73174990;21.86;0.036721;0.003481
CW;1440;45;45.00;50.00;50;-0.45484992;0.71810010;21.91;0.046963;0.004929;-0.45274980;0.71175020;21.95;0.029082;0.009778
